design,pair_id,stratum,role,is_disease,hgnc_symbol,uniprot,ensembl_transcript_id,group,Pfam_flag,Protein_feature_flag,Structured_domain_flag,SLiM_flag,MoRF_flag,PTM_flag,NLS_flag,LCS_flag,PPI_flag,cds_length,NMDesc_region_length,exon_num,gc_content,nmdesc_gc_content,repeat_fraction,nmdesc_repeat_fraction,homopolymer_fraction,nmdesc_homopolymer_fraction,pfam_overlap_length,pfam_overlap_fraction,degree_centrality,pLI,oe_lof_upper,tau,n_flags_set,n_flags_available
matched,FS_0001,FS,case,1,DYNC1H1,Q14204,ENST00000360184,fs,1,1.0,1.0,,,1.0,,1.0,1.0,13941,6866,78,51.33,53.57,0.5899146402697081,0.5763180891348675,0.0441862133275948,0.0369938829012525,5205,0.7580833090591319,0.0458452722063037,1.0,0.08,0.6844755898207976,6.0,6
matched,FS_0001,FS,control,0,KMT2C,Q8NEZ4,ENST00000262189,fs_control,1,1.0,1.0,0.0,,0.0,0.0,0.0,1.0,14736,127,59,45.97,43.31,0.6138029315960912,0.6220472440944882,0.067114549402823,0.0629921259842519,86,0.6771653543307087,0.0802292263610315,1.0,0.122,0.5496189845132493,4.0,8
matched,FS_0002,FS,case,1,APOB,,ENST00000707961,fs,1,,,,,,,,,13692,1656,29,43.34,39.98,0.6125474729769208,0.626207729468599,0.0642711072158924,0.0664251207729468,168,0.1014492753623188,0.0487106017191977,1.9234e-16,0.461,0.9704626348087624,1.0,1
matched,FS_0002,FS,control,0,RYR2,Q92736,ENST00000366574,fs_control,0,0.0,0.0,,,1.0,,0.0,0.0,14904,179,105,46.22,39.11,0.5955448201825013,0.5921787709497207,0.0591787439613526,0.0837988826815642,0,0.0,0.0716332378223495,0.99999,0.25,0.941193915922766,1.0,6
matched,FS_0003,FS,case,1,PLEC,Q15149,ENST00000345136,fs,1,1.0,1.0,,,1.0,,1.0,0.0,13644,6258,32,66.91,65.79,0.6109645265318089,0.6129753914988815,0.0307094693638229,0.0370725471396612,2025,0.3235858101629913,0.0630372492836676,8.3469e-12,0.392,0.7337288861791247,5.0,6
matched,FS_0003,FS,control,0,KMT2A,Q03164,ENST00000534358,fs_control,1,1.0,1.0,0.0,,1.0,0.0,0.0,1.0,11919,169,36,48.12,47.93,0.6235422434768018,0.5443786982248521,0.0820538635791593,0.0236686390532544,131,0.7751479289940828,0.0515759312320916,1.0,0.065,0.6591032370191089,5.0,8
matched,FS_0004,FS,case,1,PKD1,P98161,ENST00000262304,fs,1,1.0,1.0,,,1.0,,1.0,1.0,12912,618,46,67.24,66.67,0.5923946716232962,0.6245954692556634,0.0589374225526641,0.0825242718446602,317,0.5129449838187702,0.0343839541547277,1.0,0.179,0.9242172827354568,6.0,6
matched,FS_0004,FS,control,0,ANK2,Q01484,ENST00000357077,fs_control,0,1.0,0.0,,,1.0,,1.0,0.0,11874,142,46,47.43,46.48,0.6109146033350177,0.5563380281690141,0.0715007579585649,0.028169014084507,0,0.0,0.0773638968481375,1.0,0.106,0.8724412440780537,3.0,6
matched,FS_0005,FS,case,1,FLG,P20930,ENST00000368799,fs,1,1.0,1.0,,,1.0,,1.0,1.0,12186,11963,3,55.1,55.49,0.5548990645002462,0.5523698069046226,0.0320039389463318,0.0309286968151801,3917,0.3274262308785421,0.0085959885386819,0.00028793,1.96,0.9912221042724564,6.0,6
matched,FS_0005,FS,control,0,TRRAP,,ENST00000456197,fs_control,1,,,,,,,,,11622,6960,73,53.05,54.51,0.5967131302701772,0.5862068965517241,0.0623816898984684,0.0610632183908046,5351,0.7688218390804598,0.0773638968481375,1.0,0.06,0.5973379037688377,1.0,1
matched,FS_0006,FS,case,1,ZFHX3,Q15911,ENST00000268489,fs,0,1.0,1.0,,,1.0,1.0,1.0,0.0,11112,1765,10,56.24,61.08,0.6247300215982722,0.6487252124645893,0.0768538516918646,0.1076487252124645,0,0.0,0.0114613180515759,1.0,0.136,0.8582261788344843,5.0,7
matched,FS_0006,FS,control,0,SPEN,Q96T58,ENST00000375759,fs_control,1,1.0,1.0,,,0.0,0.0,1.0,0.0,10995,195,15,51.93,60.51,0.6128240109140518,0.6512820512820513,0.0895861755343337,0.0205128205128205,195,1.0,0.0343839541547277,1.0,0.071,0.5996750805596265,4.0,7
matched,FS_0007,FS,case,1,DCHS1,Q96JQ0,ENST00000299441,fs,1,1.0,1.0,,,1.0,,1.0,0.0,9897,2513,21,61.41,61.16,0.577952915024755,0.5563072025467569,0.0587046579771648,0.0584958217270195,1111,0.4421010744130521,0.0028653295128939,0.99997,0.242,0.8374475437136266,5.0,6
matched,FS_0007,FS,control,0,RANBP2,P49792,ENST00000283195,fs_control,1,1.0,1.0,0.0,,1.0,0.0,1.0,1.0,9675,367,29,40.11,38.42,0.6125064599483204,0.6648501362397821,0.0880620155038759,0.0599455040871934,367,1.0,0.0257879656160458,1.0,0.142,0.4753468046403588,6.0,8
matched,FS_0008,FS,case,1,COL12A1,Q99715,ENST00000322507,fs,1,1.0,1.0,,,1.0,,1.0,0.0,9192,4475,66,46.63,48.8,0.6102045256744996,0.5946368715083798,0.064621409921671,0.0545251396648044,3137,0.7010055865921788,0.0429799426934097,0.97361,0.282,0.9271612844620226,5.0,6
matched,FS_0008,FS,control,0,DMXL2,,ENST00000560891,fs_control,1,,,,,,,,,9177,285,44,41.03,47.37,0.5881006864988558,0.6175438596491228,0.0629835458210744,0.0701754385964912,111,0.3894736842105263,0.0057306590257879,1.0,0.158,0.6657244097101369,1.0,1
matched,FS_0009,FS,case,1,BPTF,Q12830,ENST00000306378,fs,1,1.0,1.0,0.0,,1.0,1.0,1.0,1.0,8763,90,28,45.65,40.0,0.6226178249457949,0.5333333333333333,0.0801095515234508,0.0888888888888888,47,0.5222222222222223,0.0945558739255014,1.0,0.099,0.6207705677950959,7.0,8
matched,FS_0009,FS,control,0,FBN2,P35556,ENST00000262464,fs_control,0,1.0,1.0,,,1.0,,1.0,0.0,8739,495,65,49.59,50.71,0.605217988328184,0.593939393939394,0.0561849181828584,0.0565656565656565,0,0.0,0.0544412607449856,1.0,0.205,0.9953463622648822,4.0,6
matched,FS_0010,FS,case,1,DSP,P15924,ENST00000379802,fs,1,1.0,1.0,,,1.0,,1.0,1.0,8616,3181,24,48.33,48.07,0.5899489322191273,0.6089280100597296,0.0548978644382544,0.0631876768311851,897,0.2819867966048412,0.0286532951289398,0.99978,0.26,0.9590385335513152,6.0,6
matched,FS_0010,FS,control,0,NF1,P21359,ENST00000358273,fs_control,0,1.0,0.0,,,1.0,0.0,1.0,0.0,8520,136,58,42.95,50.74,0.6045774647887324,0.5514705882352942,0.0580985915492957,0.0588235294117647,0,0.0,0.1002865329512893,0.90175,0.29,0.5800727563272441,3.0,7
matched,FS_0011,FS,case,1,FBN1,P35555,ENST00000316623,fs,0,1.0,0.0,0.0,,1.0,,1.0,0.0,8616,488,66,48.92,42.83,0.61652739090065,0.5963114754098361,0.0504874651810585,0.0512295081967213,0,0.0,0.0515759312320916,1.0,0.049,0.9493102721776132,3.0,7
matched,FS_0011,FS,control,0,VWF,P04275,ENST00000261405,fs_control,0,1.0,1.0,0.0,,1.0,,1.0,0.0,8442,162,52,58.48,51.85,0.5867093105899076,0.5061728395061729,0.0533049040511727,0.0,0,0.0,0.0859598853868194,3.2187e-25,0.593,0.8454097179323949,4.0,7
matched,FS_0012,FS,case,1,NIPBL,Q6KC79,ENST00000282516,fs,0,1.0,0.0,,,1.0,1.0,1.0,0.0,8415,435,47,39.77,46.44,0.6162804515745692,0.5655172413793104,0.0903149138443256,0.0551724137931034,0,0.0,0.0573065902578796,1.0,0.032,0.5265020738937766,4.0,7
matched,FS_0012,FS,control,0,SRRM2,Q9UQ35,ENST00000301740,fs_control,0,1.0,0.0,,,1.0,1.0,1.0,0.0,8259,129,15,55.61,72.09,0.6087904104613149,0.689922480620155,0.0617508172902288,0.1317829457364341,0,0.0,0.0171919770773638,1.0,0.118,0.5722262941646556,4.0,7
matched,FS_0013,FS,case,1,FLNC,Q14315,ENST00000325888,fs,1,1.0,1.0,,,1.0,,1.0,0.0,8178,300,48,62.17,60.67,0.5964783565663977,0.6266666666666667,0.0682318415260454,0.0833333333333333,196,0.6533333333333333,0.0515759312320916,0.99994,0.25,0.9498199602166604,5.0,6
matched,FS_0013,FS,control,0,KMT2B,Q9UMN6,ENST00000420124,fs_control,1,1.0,1.0,0.0,,1.0,1.0,1.0,1.0,8148,386,37,63.67,55.96,0.6323024054982818,0.4974093264248704,0.1205203730976926,0.0233160621761658,273,0.7072538860103627,0.0573065902578796,1.0,0.07,0.6627570798220206,7.0,8
matched,FS_0014,FS,case,1,ZNF292,O60281,ENST00000369577,fs,1,1.0,1.0,,,1.0,1.0,1.0,0.0,8172,7188,8,38.69,37.8,0.6243269701419482,0.6228436282693378,0.0860254527655408,0.0879243183082916,626,0.08708959376739,0.0028653295128939,1.0,0.14,0.752052123336505,6.0,7
matched,FS_0014,FS,control,0,ATR,Q13535,ENST00000350721,fs_control,0,0.0,1.0,,,1.0,1.0,1.0,1.0,7935,154,47,39.99,44.81,0.5901701323251418,0.551948051948052,0.0684310018903591,0.0259740259740259,20,0.1298701298701298,0.0487106017191977,3.5177e-09,0.399,0.613141513226214,5.0,7
matched,FS_0015,FS,case,1,SETX,Q7Z333,ENST00000224140,fs,1,1.0,1.0,1.0,,1.0,1.0,1.0,0.0,8034,4085,26,40.85,42.5,0.6086631814787155,0.6046511627906976,0.0721931789892954,0.0687882496940024,1449,0.3547123623011016,0.0429799426934097,0.95483,0.296,0.6717552867031983,7.0,8
matched,FS_0015,FS,control,0,FLNB,O75369,ENST00000295956,fs_control,1,1.0,1.0,,,1.0,,1.0,0.0,7809,223,46,55.82,58.74,0.5980279165065949,0.6547085201793722,0.0586502753233448,0.0403587443946188,125,0.5605381165919282,0.0200573065902578,6.0505e-10,0.443,0.7722366277994653,5.0,6
matched,FS_0016,FS,case,1,PIEZO1,Q92508,ENST00000301015,fs,1,1.0,1.0,,,1.0,,1.0,0.0,7566,425,51,63.89,61.65,0.6041501453872588,0.5388235294117647,0.0474491144594237,0.0305882352941176,425,1.0,0.0229226361031518,3.9379e-21,0.581,0.673896139562525,5.0,6
matched,FS_0016,FS,control,0,ZNF462,Q96JM2,ENST00000277225,fs_control,0,1.0,1.0,0.0,,1.0,0.0,1.0,0.0,7521,238,13,50.3,45.8,0.6044408988166468,0.6428571428571429,0.0632894561893365,0.1176470588235294,0,0.0,,1.0,0.085,0.6580481435193989,4.0,8
matched,FS_0017,FS,case,1,CACNA1A,O00555,ENST00000360228,fs,0,1.0,0.0,,,1.0,,1.0,0.0,7521,688,47,59.65,74.27,0.6263794708150512,0.688953488372093,0.078978859194256,0.129360465116279,0,0.0,0.0744985673352435,1.0,0.134,0.9763424528844012,3.0,6
matched,FS_0017,FS,control,0,FN1,P02751,ENST00000354785,fs_control,1,1.0,1.0,0.0,,1.0,,1.0,0.0,7434,169,46,51.52,52.07,0.5817863868711326,0.5857988165680473,0.0442561205273069,0.0532544378698224,28,0.165680473372781,0.1833810888252149,0.0014045,0.338,0.9876820374042412,5.0,7
matched,FS_0018,FS,case,1,NOTCH2,Q04721,ENST00000256646,fs,1,1.0,1.0,0.0,,1.0,1.0,1.0,1.0,7416,1411,34,53.74,55.78,0.6004584681769147,0.6172927002126152,0.058522114347357,0.0850460666194188,171,0.1211906449326718,0.0630372492836676,1.0,0.116,0.7674102569528441,7.0,8
matched,FS_0018,FS,control,0,MAP1B,P46821,ENST00000296755,fs_control,0,1.0,0.0,,,1.0,,0.0,0.0,7407,199,7,48.41,53.27,0.607668421763197,0.628140703517588,0.0776292696098285,0.0402010050251256,0,0.0,0.0315186246418338,1.0,0.133,0.8454990040639155,2.0,6
matched,FS_0019,FS,case,1,SDHD,O14521,ENST00000375549,fs,1,1.0,1.0,,,,,0.0,1.0,480,141,4,53.33,53.19,0.5520833333333334,0.5319148936170213,0.0333333333333333,0.0567375886524822,141,1.0,0.0114613180515759,0.33697,0.731,0.4668467567376388,4.0,5
matched,FS_0019,FS,control,0,PMP22,Q01453,ENST00000312280,fs_control,1,1.0,1.0,1.0,,1.0,,1.0,1.0,483,191,5,54.24,50.26,0.5942028985507246,0.581151832460733,0.031055900621118,0.0523560209424083,191,1.0,0.0114613180515759,0.90958,0.386,0.959402724118258,7.0,7
matched,FS_0020,FS,case,1,HIVEP2,P31629,ENST00000367603,fs,0,1.0,0.0,,,1.0,0.0,1.0,0.0,7341,791,10,49.19,52.47,0.5988284974799074,0.6005056890012642,0.0532624982972347,0.0720606826801517,0,0.0,0.0028653295128939,1.0,0.08,0.7523448132657088,3.0,7
matched,FS_0020,FS,control,0,SON,P18583,ENST00000356577,fs_control,1,0.0,0.0,,,1.0,1.0,1.0,0.0,7281,125,12,48.26,41.6,0.5831616536190084,0.656,0.0629034473286636,0.072,91,0.728,0.0057306590257879,1.0,0.118,0.5321866296261034,4.0,7
matched,FS_0021,FS,case,1,CREBBP,Q92793,ENST00000262367,fs,1,1.0,1.0,0.0,,1.0,1.0,1.0,1.0,7329,2225,31,56.88,65.66,0.611679628871606,0.6049438202247192,0.0814572247237003,0.0957303370786516,643,0.2889887640449438,0.160458452722063,1.0,0.066,0.594436502706408,7.0,8
matched,FS_0021,FS,control,0,SPTAN1,Q13813,ENST00000372739,fs_control,1,1.0,1.0,0.0,,1.0,,1.0,1.0,7434,3659,57,53.19,55.23,0.5947000269034167,0.6034435638152501,0.0312079634113532,0.029516261273572,3452,0.9434271658923205,0.0659025787965616,1.0,0.101,0.7606006891450411,6.0,7
matched,FS_0022,FS,case,1,EP300,Q09472,ENST00000263253,fs,1,1.0,1.0,,,1.0,1.0,1.0,1.0,7245,2356,31,51.55,58.15,0.6140786749482402,0.6171477079796265,0.0657004830917874,0.0717317487266553,660,0.2801358234295416,0.2063037249283667,1.0,0.099,0.5209494404626289,7.0,7
matched,FS_0022,FS,control,0,WNK1,Q9H4A3,ENST00000315939,fs_control,1,1.0,0.0,1.0,,1.0,,1.0,1.0,7149,3460,28,50.19,48.44,0.5963071758287872,0.5939306358381503,0.0558120016785564,0.0482658959537572,195,0.0563583815028901,0.0085959885386819,1.0,0.126,0.7423469928178777,6.0,7
matched,FS_0023,FS,case,1,TCAP,O15273,ENST00000309889,fs,1,1.0,1.0,,,1.0,,1.0,1.0,504,271,2,64.88,65.68,0.5773809523809523,0.5867158671586716,0.0357142857142857,0.029520295202952,271,1.0,0.0429799426934097,0.18939,0.948,0.980989365563416,6.0,6
matched,FS_0023,FS,control,0,MYL2,P10916,ENST00000228841,fs_control,1,1.0,1.0,,,1.0,,1.0,1.0,501,434,7,50.5,50.23,0.6367265469061876,0.6405529953917051,0.0558882235528942,0.064516129032258,138,0.3179723502304147,0.0544412607449856,2.7303e-08,1.751,0.9871577612690788,6.0,6
matched,FS_0024,FS,case,1,NOTCH3,Q9UM47,ENST00000263388,fs,1,1.0,1.0,0.0,,1.0,1.0,1.0,0.0,6966,947,33,66.42,69.38,0.5858455354579386,0.6546990496304118,0.0790984783232845,0.1721224920802534,204,0.2154171066525871,0.0716332378223495,0.40757,0.322,0.9047012979954216,6.0,8
matched,FS_0024,FS,control,0,CACNA1E,Q15878,ENST00000367573,fs_control,0,1.0,0.0,,,1.0,,1.0,0.0,6942,659,48,54.68,62.82,0.5953615672716797,0.6084977238239757,0.0551714203399596,0.0773899848254931,0,0.0,0.0229226361031518,1.0,0.124,0.9359309790534804,3.0,6
matched,FS_0025,FS,case,1,ARID1A,O14497,ENST00000324856,fs,1,1.0,1.0,,,1.0,1.0,1.0,1.0,6858,1834,20,59.83,54.53,0.6396908719743365,0.623773173391494,0.0854476523767862,0.0523446019629225,768,0.4187568157033806,0.1002865329512893,1.0,0.071,0.6004483262813832,7.0,7
matched,FS_0025,FS,control,0,POLE,Q07864,ENST00000320574,fs_control,1,1.0,1.0,,,1.0,1.0,1.0,1.0,6861,6595,49,56.13,56.04,0.5937909925666812,0.5960576194086429,0.0451829179419909,0.046398786959818,2470,0.3745261561789234,0.0544412607449856,8.0488e-27,0.64,0.8390618106725203,7.0,7
matched,FS_0026,FS,case,1,FTL,P02792,ENST00000331825,fs,1,1.0,1.0,,,1.0,,1.0,1.0,528,145,4,56.63,54.48,0.5928030303030303,0.5793103448275863,0.0568181818181818,0.096551724137931,145,1.0,0.0114613180515759,1.6617e-09,1.946,0.7090582473661106,6.0,6
matched,FS_0026,FS,control,0,MFAP5,Q13361,ENST00000359478,fs_control,1,1.0,1.0,,,,,1.0,1.0,522,220,10,48.28,46.36,0.5383141762452107,0.4909090909090909,0.0632183908045977,0.0545454545454545,204,0.9272727272727272,0.0372492836676217,0.0050619,0.849,0.92923710260374,5.0,5
matched,FS_0027,FS,case,1,RP1,P56715,ENST00000220676,fs,0,1.0,1.0,,,1.0,,1.0,0.0,6471,5758,4,39.5,37.03,0.62277855045588,0.624869746439736,0.0959666203059805,0.0979506773185133,0,0.0,0.0057306590257879,4.415e-13,0.704,0.9364700560324624,4.0,6
matched,FS_0027,FS,control,0,CACNA1D,Q01668,ENST00000350061,fs_control,1,1.0,1.0,0.0,,1.0,,1.0,0.0,6486,451,48,49.12,59.65,0.5995991366019118,0.6053215077605322,0.070613629355535,0.0665188470066518,451,1.0,0.0487106017191977,1.0,0.214,0.9161973998514258,5.0,7
matched,FS_0028,FS,case,1,KAT6B,Q8WYB5,ENST00000630001,fs,0,1.0,0.0,,,1.0,1.0,1.0,0.0,6222,2609,18,48.25,51.63,0.6242365798778527,0.6055960137983902,0.0821279331404693,0.0597930241471828,0,0.0,0.0315186246418338,1.0,0.128,0.5713806295100274,4.0,7
matched,FS_0028,FS,control,0,PIKFYVE,Q9Y2I7,ENST00000264380,fs_control,1,1.0,1.0,,,1.0,,0.0,0.0,6297,165,42,44.62,38.79,0.6017151024297285,0.6303030303030303,0.0643163411148165,0.103030303030303,152,0.9212121212121211,0.0171919770773638,1.1074e-06,0.389,0.5479431511357467,4.0,6
matched,FS_0029,FS,case,1,SCN5A,Q14524,ENST00000423572,fs,1,1.0,1.0,1.0,,1.0,,1.0,1.0,6048,1297,28,57.31,56.98,0.609292328042328,0.599845797995374,0.0534060846560846,0.0454895913646877,797,0.6144949884348496,0.1002865329512893,0.91291,0.308,0.9715692145249114,7.0,7
matched,FS_0029,FS,control,0,CHD3,Q12873,ENST00000330494,fs_control,1,1.0,1.0,,,1.0,1.0,1.0,1.0,6003,2797,40,55.11,55.42,0.6220223221722472,0.6220951018948874,0.0777944361152757,0.0654272434751519,1549,0.5538076510547014,0.0744985673352435,1.0,0.147,0.7008075854548422,7.0,7
matched,FS_0030,FS,case,1,KAT6A,Q92794,ENST00000265713,fs,0,1.0,0.0,,,1.0,1.0,1.0,0.0,6015,2717,17,49.31,54.03,0.6204488778054863,0.6120721383879278,0.0713216957605985,0.0478468899521531,0,0.0,0.0458452722063037,1.0,0.069,0.5678416140993691,4.0,7
matched,FS_0030,FS,control,0,CHD5,Q8TDI0,ENST00000262450,fs_control,1,1.0,1.0,,,1.0,1.0,1.0,0.0,5865,2817,41,59.32,60.63,0.6308610400682012,0.6183883564075258,0.06615515771526,0.0599929002484913,1496,0.5310614128505502,0.0200573065902578,1.0,0.157,0.9210802908021392,6.0,7
matched,FS_0031,FS,case,1,SCN3A,Q9NY46,ENST00000283254,fs,1,1.0,1.0,,,1.0,,1.0,0.0,6003,1246,28,42.83,43.98,0.6156921539230384,0.6260032102728732,0.0692986839913376,0.0666131621187801,761,0.6107544141252006,0.0487106017191977,1.0,0.174,0.8522214952469623,5.0,6
matched,FS_0031,FS,control,0,MYH2,Q9UKX2,ENST00000245503,fs_control,1,1.0,1.0,,,1.0,,1.0,0.0,5826,158,40,50.05,53.16,0.6138002059732235,0.5506329113924051,0.0518365945760384,0.0253164556962025,130,0.8227848101265823,0.0229226361031518,3.6703e-23,0.686,0.9998213793525836,5.0,6
matched,FS_0032,FS,case,1,MYH9,P35579,ENST00000216181,fs,1,1.0,1.0,,,1.0,,1.0,1.0,5883,188,41,59.19,65.96,0.6071732109467959,0.5904255319148937,0.0237973822879483,0.0638297872340425,100,0.5319148936170213,0.0515759312320916,1.0,0.088,0.8573064288659175,6.0,6
matched,FS_0032,FS,control,0,DICER1,Q9UPY3,ENST00000343455,fs_control,1,1.0,1.0,,,1.0,,1.0,0.0,5769,213,27,42.71,46.48,0.5959438377535101,0.6948356807511737,0.0773097590570289,0.0938967136150234,213,1.0,0.0429799426934097,1.0,0.166,0.6389773689568568,5.0,6
matched,FS_0033,FS,case,1,MYH7,P12883,ENST00000355349,fs,1,1.0,1.0,,,1.0,,1.0,0.0,5808,132,40,57.37,62.12,0.6007231404958677,0.5833333333333334,0.0318526170798898,0.0,104,0.7878787878787878,0.0573065902578796,4.2385e-16,0.575,0.985294463525198,5.0,6
matched,FS_0033,FS,control,0,RAI1,Q7Z5J4,ENST00000353383,fs_control,1,0.0,1.0,,,0.0,1.0,1.0,1.0,5721,179,6,64.01,54.75,0.6500611781157141,0.6759776536312849,0.0905436112567733,0.0446927374301676,179,1.0,0.0085959885386819,1.0,0.116,0.6395713652599399,5.0,7
matched,FS_0034,FS,case,1,HSPB1,P04792,ENST00000248553,fs,1,1.0,1.0,,,1.0,,1.0,1.0,618,357,3,68.28,66.39,0.6197411003236246,0.6050420168067226,0.1148867313915857,0.0756302521008403,291,0.8151260504201681,0.0229226361031518,2.7797e-07,1.872,0.8312148087500822,6.0,6
matched,FS_0034,FS,control,0,RALA,P11233,ENST00000005257,fs_control,1,1.0,1.0,,,1.0,,1.0,1.0,621,119,5,42.03,37.82,0.5861513687600645,0.5798319327731093,0.0998389694041868,0.1176470588235294,101,0.8487394957983193,0.0057306590257879,0.97289,0.269,0.6528115211144913,6.0,6
matched,FS_0035,FS,case,1,BRCA1,P38398,ENST00000357654,fs,1,1.0,1.0,0.0,,1.0,1.0,1.0,1.0,5592,233,23,41.22,53.22,0.6074749642346209,0.575107296137339,0.0742131616595136,0.0,233,1.0,0.1289398280802292,9.215699999999999e-29,0.915,0.91741549838723,7.0,8
matched,FS_0035,FS,control,0,CACNA1S,Q13698,ENST00000362061,fs_control,0,1.0,0.0,0.0,,0.0,,1.0,0.0,5622,243,44,55.73,58.85,0.5940946282461758,0.6378600823045267,0.0444681607968694,0.0534979423868312,0,0.0,0.0343839541547277,6.2588e-12,0.521,0.9992672272385212,2.0,7
matched,FS_0036,FS,case,1,KMT2E,Q8IZD2,ENST00000311117,fs,0,1.0,0.0,,,1.0,0.0,1.0,0.0,5577,1136,27,43.55,46.57,0.6162811547426932,0.6109154929577465,0.0891160121929352,0.0818661971830986,0,0.0,0.0429799426934097,1.0,0.06,0.5423151165194247,3.0,7
matched,FS_0036,FS,control,0,ARFGEF1,Q9Y6D6,ENST00000262215,fs_control,1,0.0,0.0,,,0.0,1.0,1.0,0.0,5550,209,39,40.27,36.36,0.5899099099099099,0.6746411483253588,0.063063063063063,0.0717703349282296,162,0.7751196172248804,0.0171919770773638,1.0,0.143,0.5768757186857426,3.0,7
matched,FS_0037,FS,case,1,VHL,P40337,ENST00000256474,fs,1,1.0,1.0,,,1.0,,1.0,1.0,642,261,3,61.53,53.26,0.6074766355140186,0.5632183908045977,0.0202492211838006,0.0191570881226053,228,0.8735632183908046,0.0286532951289398,0.079515,0.927,0.7133568531639026,6.0,6
matched,FS_0037,FS,control,0,THAP1,Q9NVV9,ENST00000254250,fs_control,1,1.0,1.0,1.0,,1.0,1.0,1.0,0.0,642,423,3,44.86,44.21,0.6121495327102804,0.624113475177305,0.0514018691588785,0.0638297872340425,41,0.0969267139479905,0.0085959885386819,0.80123,0.489,0.561051205560159,7.0,8
matched,FS_0038,FS,case,1,COL5A1,P20908,ENST00000371817,fs,1,1.0,1.0,1.0,,1.0,,1.0,0.0,5517,2787,66,64.38,66.06,0.6733732100779409,0.6860423394330821,0.1152800435019032,0.131324004305705,868,0.3114459992823825,0.0601719197707736,1.0,0.055,0.8905803158853768,6.0,7
matched,FS_0038,FS,control,0,ARID2,Q68CP9,ENST00000334344,fs_control,0,0.0,0.0,,,1.0,0.0,1.0,0.0,5508,103,21,44.06,38.83,0.5782498184458968,0.5533980582524272,0.0628177196804647,0.0388349514563106,0,0.0,0.0573065902578796,1.0,0.096,0.7374103521842829,2.0,7
matched,FS_0039,FS,case,1,SCN4A,P35499,ENST00000435607,fs,1,1.0,1.0,,,1.0,,1.0,1.0,5511,1254,24,57.54,57.58,0.5949918345127926,0.5996810207336523,0.0462710941752857,0.0454545454545454,821,0.6547049441786283,0.0544412607449856,0.01294,0.378,0.9789245349074186,6.0,6
matched,FS_0039,FS,control,0,PHIP,Q8WWQ0,ENST00000275034,fs_control,0,1.0,0.0,,,1.0,1.0,1.0,0.0,5466,687,40,41.73,40.17,0.5918404683497988,0.6404657933042213,0.0781192828393706,0.0960698689956331,0,0.0,0.0143266475644699,1.0,0.113,0.5597647239056899,4.0,7
matched,FS_0040,FS,case,1,KIDINS220,Q9ULH0,ENST00000256707,fs,0,1.0,0.0,,,1.0,,1.0,0.0,5316,1282,30,45.39,47.27,0.5980060195635817,0.594383775351014,0.0603837471783295,0.0717628705148206,0,0.0,0.0085959885386819,0.073562,0.35,0.7071383143550191,3.0,6
matched,FS_0040,FS,control,0,KDM3B,Q7LBC6,ENST00000314358,fs_control,1,1.0,1.0,,,1.0,0.0,1.0,1.0,5286,155,24,51.87,41.29,0.6142640938327658,0.5161290322580645,0.0739689746500189,0.0258064516129032,21,0.1354838709677419,0.0286532951289398,1.0,0.06,0.4689852861896372,6.0,7
matched,FS_0041,FS,case,1,GLI2,,ENST00000361492,fs,0,,,,,,,,,4710,2522,14,66.45,68.79,0.6063694267515923,0.6094369547977796,0.0868365180467091,0.0880253766851705,0,0.0,0.0573065902578796,0.97303,0.309,0.8800969758184566,0.0,1
matched,FS_0041,FS,control,0,RERE,Q9P2R6,ENST00000400908,fs_control,1,0.0,1.0,,,0.0,0.0,1.0,0.0,4701,241,23,60.99,62.24,0.6109338438630079,0.6141078838174274,0.0942352690916826,0.1410788381742738,241,1.0,0.0143266475644699,1.0,0.12,0.6790245170582087,3.0,7
matched,FS_0042,FS,case,1,ERCC6,Q03468,ENST00000355832,fs,0,1.0,0.0,,,1.0,1.0,1.0,0.0,4482,477,21,47.1,48.64,0.5921463632307006,0.6142557651991615,0.0838911200356983,0.0754716981132075,0,0.0,0.0315186246418338,5.1622e-22,0.802,0.6205621890486333,4.0,7
matched,FS_0042,FS,control,0,COL5A2,P05997,ENST00000374866,fs_control,1,1.0,1.0,,,0.0,,1.0,0.0,4500,159,54,55.91,42.77,0.6515555555555556,0.660377358490566,0.076,0.0,159,1.0,0.0487106017191977,1.0,0.097,0.9133959123308824,4.0,6
matched,FS_0043,FS,case,1,COL2A1,P02458,ENST00000380518,fs,1,1.0,1.0,,,1.0,,1.0,0.0,4464,229,54,63.4,55.9,0.6373207885304659,0.4978165938864629,0.082437275985663,0.0349344978165938,229,1.0,0.0659025787965616,1.0,0.134,0.9563499210426892,5.0,6
matched,FS_0043,FS,control,0,CUX2,O14529,ENST00000261726,fs_control,1,1.0,1.0,,,1.0,1.0,1.0,0.0,4461,936,22,63.37,62.61,0.6025554808338938,0.6282051282051282,0.0970634386908764,0.1132478632478632,171,0.1826923076923076,0.0171919770773638,1.0,0.187,0.9264334580453498,6.0,7
matched,FS_0044,FS,case,1,GRIN2B,Q13224,ENST00000609686,fs,1,1.0,1.0,,,1.0,,1.0,1.0,4455,1959,14,54.1,58.7,0.5937149270482603,0.5895865237366003,0.0540965207631874,0.0556406329760081,1929,0.98468606431853,0.0601719197707736,1.0,0.061,0.9274721924309433,6.0,6
matched,FS_0044,FS,control,0,COL1A1,P02452,ENST00000225964,fs_control,1,1.0,1.0,,,1.0,,0.0,1.0,4395,300,51,65.05,62.0,0.6288964732650739,0.5066666666666667,0.0953356086461888,0.0133333333333333,300,1.0,0.0945558739255014,1.0,0.105,0.9487434508137348,5.0,6
matched,FS_0045,FS,case,1,CFTR,P13569,ENST00000003084,fs,0,1.0,1.0,1.0,,1.0,0.0,1.0,1.0,4443,205,27,41.53,50.24,0.6103983794733289,0.6195121951219512,0.0735989196488858,0.0829268292682926,0,0.0,0.0630372492836676,2.1735e-58,1.307,0.9355332694426448,6.0,8
matched,FS_0045,FS,control,0,PRX,Q9BXM0,ENST00000324001,fs_control,0,1.0,1.0,,,1.0,1.0,1.0,1.0,4386,4063,7,63.54,63.33,0.6520747834017327,0.653704159488063,0.0911992704058367,0.090327344326852,0,0.0,0.0085959885386819,2.1337e-14,0.984,0.992577613391088,6.0,7
matched,FS_0046,FS,case,1,ELANE,P08246,ENST00000632488,fs,1,1.0,1.0,,,0.0,,1.0,1.0,804,258,6,67.54,65.89,0.6057213930348259,0.6356589147286822,0.0907960199004975,0.1434108527131783,180,0.6976744186046512,0.0286532951289398,0.0012274,1.129,0.9736777844652372,5.0,6
matched,FS_0046,FS,control,0,APOA1,P02647,ENST00000236850,fs_control,1,1.0,1.0,,,1.0,,1.0,1.0,804,683,4,62.69,63.54,0.5970149253731343,0.6017569546120058,0.0348258706467661,0.0248901903367496,564,0.8257686676427526,0.0372492836676217,0.00054909,1.338,0.9822565520500508,6.0,6
matched,FS_0047,FS,case,1,COL3A1,,ENST00000708566,fs,1,,,,,,,,,4401,198,51,56.9,43.94,0.6255396500795274,0.5858585858585859,0.0658941149738695,0.0656565656565656,192,0.9696969696969696,0.0773638968481375,1.0,0.098,0.894625379304126,1.0,1
matched,FS_0047,FS,control,0,DCC,P43146,ENST00000442544,fs_control,1,1.0,1.0,0.0,,1.0,,1.0,1.0,4344,181,29,48.96,49.17,0.611878453038674,0.6408839779005525,0.0587016574585635,0.0883977900552486,181,1.0,0.0114613180515759,0.99448,0.283,0.9590051141607916,6.0,7
matched,FS_0048,FS,case,1,GRIN2A,Q12879,ENST00000330684,fs,1,1.0,1.0,,,1.0,,1.0,1.0,4395,1903,13,52.26,51.29,0.6006825938566553,0.6195480819758277,0.0664391353811149,0.0809248554913294,1873,0.9842354177614292,0.0458452722063037,0.99998,0.188,0.9286587280199028,6.0,6
matched,FS_0048,FS,control,0,ARHGAP31,Q2M1Z3,ENST00000264245,fs_control,0,1.0,0.0,,,1.0,,1.0,0.0,4335,2451,12,54.56,55.45,0.639446366782007,0.6593227254181967,0.0592848904267589,0.0689514483884129,0,0.0,0.0057306590257879,0.99999,0.192,0.7426895781741957,3.0,6
matched,FS_0049,FS,case,1,CRB1,P82279,ENST00000367400,fs,1,1.0,1.0,,,1.0,,1.0,1.0,4221,239,12,45.34,50.21,0.6095711916607439,0.5648535564853556,0.0549632788438758,0.0334728033472803,93,0.3891213389121339,0.0401146131805157,5.6266e-16,0.829,0.9020711773057192,6.0,6
matched,FS_0049,FS,control,0,INSR,P06213,ENST00000302850,fs_control,1,1.0,1.0,1.0,,1.0,,1.0,1.0,4149,1865,22,55.6,56.3,0.601349722824777,0.5892761394101876,0.0547119787900699,0.0466487935656836,1176,0.6305630026809651,0.0257879656160458,3.6145e-05,0.453,0.7713804557270685,7.0,7
matched,FS_0050,FS,case,1,SDHB,P21912,ENST00000375499,fs,1,1.0,0.0,,,1.0,,1.0,1.0,843,148,8,49.82,52.03,0.6061684460260973,0.6351351351351351,0.029655990510083,0.027027027027027,110,0.7432432432432432,0.0229226361031518,0.00024397,0.825,0.5619069041090546,5.0,6
matched,FS_0050,FS,control,0,CEBPE,Q15744,ENST00000206513,fs_control,1,1.0,1.0,1.0,,1.0,1.0,1.0,1.0,846,483,2,65.48,66.05,0.6217494089834515,0.6045548654244306,0.1087470449172576,0.0993788819875776,159,0.3291925465838509,0.0114613180515759,0.0070769,0.995,0.9848715207495716,8.0,8
matched,FS_0051,FS,case,1,NSD2,O96028,ENST00000508803,fs,1,1.0,1.0,,,1.0,1.0,1.0,0.0,4098,355,22,52.49,59.15,0.6154221571498292,0.6338028169014085,0.0807711078574914,0.104225352112676,264,0.7436619718309859,0.0429799426934097,,,0.7912111150821501,6.0,7
matched,FS_0051,FS,control,0,COL1A2,P08123,ENST00000297268,fs_control,1,1.0,1.0,,,1.0,,0.0,0.0,4101,123,52,58.79,40.65,0.6425262131187516,0.6016260162601627,0.063643013899049,0.1056910569105691,123,1.0,0.0859598853868194,1.0,0.202,0.9547461760555584,4.0,6
matched,FS_0052,FS,case,1,MSH6,P52701,ENST00000234420,fs,1,1.0,1.0,0.0,,1.0,1.0,0.0,1.0,4083,204,10,44.89,40.69,0.6118050453098212,0.553921568627451,0.0832721038452118,0.0588235294117647,104,0.5098039215686274,0.0573065902578796,3.6705e-05,0.498,0.7651806104123176,6.0,8
matched,FS_0052,FS,control,0,FLT4,P35916,ENST00000261937,fs_control,0,1.0,0.0,,,1.0,1.0,1.0,0.0,4092,243,30,62.46,60.49,0.5764907135874878,0.6419753086419753,0.0552297165200391,0.0905349794238683,0,0.0,0.0458452722063037,1.0,0.147,0.8664605696491532,4.0,7
matched,FS_0053,FS,case,1,MN1,Q10571,ENST00000302326,fs,0,1.0,,,,0.0,0.0,1.0,0.0,3963,262,2,68.38,62.6,0.6404239212717638,0.5877862595419847,0.1001766338632349,0.0305343511450381,0,0.0,0.0057306590257879,0.99999,0.087,0.8721329490177867,2.0,6
matched,FS_0053,FS,control,0,MYPN,Q86TC9,ENST00000358913,fs_control,1,1.0,1.0,,,1.0,1.0,1.0,0.0,3963,341,20,50.21,52.2,0.6202371940449155,0.5894428152492669,0.0764572293716881,0.0234604105571847,182,0.533724340175953,0.0200573065902578,2.611e-06,0.506,0.99174554934157,6.0,7
matched,FS_0054,FS,case,1,STUB1,Q9UNE7,ENST00000219548,fs,1,1.0,1.0,,,1.0,1.0,1.0,1.0,912,158,7,62.28,60.76,0.5756578947368421,0.4873417721518987,0.0471491228070175,0.1075949367088607,158,1.0,0.0257879656160458,0.018667,0.68,0.4421773571768123,7.0,7
matched,FS_0054,FS,control,0,MSX1,P28360,ENST00000382723,fs_control,1,1.0,1.0,,,1.0,1.0,1.0,1.0,912,753,2,70.29,69.99,0.6721491228070176,0.6693227091633466,0.0811403508771929,0.0823373173970783,171,0.2270916334661354,0.0716332378223495,0.16517,1.01,0.9236514937825736,7.0,7
matched,FS_0055,FS,case,1,TRPS1,Q9UHF7,ENST00000395715,fs,1,1.0,1.0,1.0,,1.0,1.0,1.0,0.0,3885,1086,7,47.26,45.86,0.6072072072072072,0.6141804788213628,0.0764478764478764,0.0607734806629834,102,0.0939226519337016,0.0114613180515759,1.0,0.111,0.787462777923306,7.0,8
matched,FS_0055,FS,control,0,SH3TC2,Q8TF17,ENST00000515425,fs_control,0,0.0,1.0,,,0.0,,1.0,0.0,3867,238,17,55.06,58.82,0.6188259632790277,0.6050420168067226,0.0299974140160331,0.0210084033613445,0,0.0,0.0200573065902578,8.3409e-16,0.813,0.9298560618788096,2.0,6
matched,FS_0056,FS,case,1,MYO6,Q9UM54,ENST00000369977,fs,1,1.0,1.0,,,1.0,1.0,1.0,1.0,3858,765,35,41.08,47.71,0.6057542768273717,0.5568627450980392,0.0839813374805598,0.0470588235294117,273,0.3568627450980392,0.0229226361031518,2.4287e-05,0.419,0.5049157520381585,7.0,7
matched,FS_0056,FS,control,0,PRDM16,Q9HAZ2,ENST00000270722,fs_control,1,1.0,1.0,,,1.0,1.0,1.0,1.0,3831,3730,17,62.59,62.68,0.6196815452884364,0.6195710455764075,0.0934481858522578,0.0935656836461126,1065,0.2855227882037534,0.0057306590257879,0.99999,0.187,0.9025905085088356,7.0,7
matched,FS_0057,FS,case,1,AUTS2,Q8WXX7,ENST00000342771,fs,1,1.0,1.0,,,1.0,1.0,1.0,0.0,3780,1051,19,61.38,64.8,0.6298941798941798,0.6137012369172217,0.0833333333333333,0.0561370123691722,120,0.1141769743101807,0.0171919770773638,0.99934,0.253,0.6768557349672472,6.0,7
matched,FS_0057,FS,control,0,STAG1,Q8WVM7,ENST00000383202,fs_control,0,0.0,0.0,,,1.0,0.0,1.0,0.0,3777,75,34,41.67,49.33,0.5957108816521048,0.4933333333333333,0.062748212867355,0.0,0,0.0,0.0200573065902578,1.0,0.119,0.6437948857346297,2.0,7
matched,FS_0058,FS,case,1,PHOX2B,Q99453,ENST00000226382,fs,1,1.0,1.0,,,1.0,1.0,1.0,0.0,945,612,3,66.14,68.79,0.6433862433862434,0.6683006535947712,0.0751322751322751,0.0800653594771241,171,0.2794117647058823,0.0286532951289398,0.93755,0.34,0.9717612151148916,6.0,7
matched,FS_0058,FS,control,0,PITX1,P78337,ENST00000265340,fs_control,1,1.0,1.0,,,1.0,1.0,1.0,1.0,945,396,3,66.98,62.37,0.617989417989418,0.6085858585858586,0.037037037037037,0.0101010101010101,171,0.4318181818181818,0.0143266475644699,0.88244,0.418,0.9723047707359384,7.0,7
matched,FS_0059,FS,case,1,RDH12,Q96NR8,ENST00000551171,fs,1,1.0,1.0,,,1.0,,1.0,0.0,951,333,9,56.89,62.16,0.6056782334384858,0.5825825825825826,0.0504731861198738,0.081081081081081,125,0.3753753753753753,0.0286532951289398,2.2626e-09,1.435,0.9673375360746804,5.0,6
matched,FS_0059,FS,control,0,RLBP1,P12271,ENST00000268125,fs_control,1,1.0,1.0,,,1.0,,1.0,1.0,954,358,9,56.81,49.44,0.6111111111111112,0.6145251396648045,0.0324947589098532,0.0111731843575419,358,1.0,0.0257879656160458,1.1303e-05,1.08,0.8931406858812652,6.0,6
matched,FS_0060,FS,case,1,POLG,P54098,ENST00000268124,fs,0,1.0,0.0,,,1.0,,1.0,1.0,3720,85,23,60.43,48.24,0.6086021505376344,0.7294117647058823,0.0658602150537634,0.1411764705882353,0,0.0,0.0171919770773638,2.0756e-09,0.555,0.5335083541311676,4.0,6
matched,FS_0060,FS,control,0,IMPG2,Q9BZV3,ENST00000193391,fs_control,0,1.0,0.0,,,0.0,,0.0,0.0,3726,56,19,44.9,37.5,0.6057434245840043,0.6071428571428571,0.050456253354804,0.0714285714285714,0,0.0,0.0286532951289398,2.7548e-13,0.72,0.750978630850624,1.0,6
matched,FS_0061,FS,case,1,JAG1,P78504,ENST00000254958,fs,1,1.0,0.0,,,1.0,,1.0,0.0,3657,412,26,53.95,52.43,0.5859994531036369,0.6019417475728155,0.0617992890347279,0.0606796116504854,42,0.1019417475728155,0.0916905444126074,1.0,0.146,0.8457279802027199,4.0,6
matched,FS_0061,FS,control,0,SMC3,Q9UQE7,ENST00000361804,fs_control,1,1.0,1.0,,,1.0,0.0,1.0,1.0,3654,127,29,39.0,37.01,0.6029009304871373,0.5196850393700787,0.077175697865353,0.0314960629921259,83,0.6535433070866141,0.0487106017191977,1.0,0.037,0.6773861780640793,6.0,7
matched,FS_0062,FS,case,1,NKX2-5,P52952,ENST00000329198,fs,1,1.0,1.0,,,1.0,1.0,1.0,1.0,975,797,2,68.51,69.13,0.64,0.6298619824341279,0.0605128205128205,0.0489335006273525,171,0.2145545796737766,0.0945558739255014,0.94531,0.326,0.9787873294916508,7.0,7
matched,FS_0062,FS,control,0,FOSL2,P15408,ENST00000264716,fs_control,1,1.0,1.0,,,1.0,1.0,1.0,1.0,981,604,4,63.2,63.74,0.5922528032619776,0.5844370860927153,0.0713557594291539,0.0794701986754966,180,0.2980132450331126,0.0143266475644699,0.98293,0.241,0.705479357236383,7.0,7
matched,FS_0063,FS,case,1,PLCB4,,ENST00000378473,fs,1,,,,,,,,,3621,2057,40,42.39,43.32,0.6006628003314002,0.5974720466699076,0.0737365368682684,0.0515313563441905,1353,0.6577540106951871,0.0372492836676217,3.0437e-06,0.449,0.8705532392301369,1.0,1
matched,FS_0063,FS,control,0,HCN4,Q9Y3Q4,ENST00000261917,fs_control,1,1.0,1.0,,,1.0,,1.0,1.0,3612,1497,8,65.67,68.74,0.6143410852713178,0.644622578490314,0.0927464008859357,0.1469605878423513,27,0.0180360721442885,0.0544412607449856,0.99867,0.239,0.9827603572532154,6.0,6
matched,FS_0064,FS,case,1,GRM1,Q13255,ENST00000282753,fs,0,1.0,1.0,1.0,,1.0,,1.0,0.0,3585,914,8,54.92,61.16,0.6117154811715482,0.6586433260393874,0.0479776847977684,0.0667396061269146,0,0.0,0.0429799426934097,0.14279,0.415,0.9756577145624612,5.0,7
matched,FS_0064,FS,control,0,DHX30,Q7L2E3,ENST00000445061,fs_control,1,0.0,1.0,,,1.0,,1.0,0.0,3585,291,22,59.58,66.32,0.6111576011157601,0.5738831615120275,0.0529986052998605,0.0343642611683848,103,0.3539518900343643,0.0171919770773638,1.0,0.115,0.6855733804147445,4.0,6
matched,FS_0065,FS,case,1,PALB2,Q86YC2,ENST00000261584,fs,1,1.0,1.0,0.0,,1.0,0.0,0.0,1.0,3561,189,13,42.63,52.91,0.618646447627071,0.6190476190476191,0.0808761583824768,0.0,189,1.0,0.0257879656160458,3.0379000000000004e-19,1.006,0.6796325601372778,5.0,8
matched,FS_0065,FS,control,0,PUM1,Q14671,ENST00000426105,fs_control,1,1.0,1.0,,,1.0,,1.0,1.0,3567,213,22,51.75,52.11,0.607793664143538,0.5774647887323944,0.0555088309503784,0.0187793427230046,96,0.4507042253521127,0.0200573065902578,1.0,0.129,0.4895007761554327,6.0,6
matched,FS_0066,FS,case,1,PRPH2,P23942,ENST00000230381,fs,1,1.0,1.0,,,0.0,,1.0,0.0,1041,226,3,55.81,60.18,0.6263208453410183,0.6194690265486725,0.031700288184438,0.0176991150442477,137,0.6061946902654868,0.0343839541547277,0.11554,0.665,0.7929612758205871,4.0,6
matched,FS_0066,FS,control,0,NODAL,Q96S42,ENST00000287139,fs_control,1,1.0,1.0,,,,,0.0,1.0,1044,211,3,59.48,53.55,0.5766283524904214,0.5497630331753555,0.0603448275862069,0.0568720379146919,211,1.0,0.0229226361031518,0.97028,0.31,0.7607216373410923,4.0,5
matched,FS_0067,FS,case,1,TEK,Q02763,ENST00000380036,fs,1,1.0,1.0,,,1.0,,0.0,0.0,3375,108,23,47.79,43.52,0.605037037037037,0.5833333333333334,0.0562962962962962,0.0,47,0.4351851851851852,0.0515759312320916,1.0,0.179,0.8477730580892597,4.0,6
matched,FS_0067,FS,control,0,DSG2,Q14126,ENST00000261590,fs_control,1,1.0,1.0,,,1.0,,1.0,1.0,3357,3314,15,44.24,44.27,0.6142389037831397,0.6167773083886542,0.0601727733095025,0.0609535304767652,855,0.2579963789981895,0.0343839541547277,2.7913e-10,0.79,0.8960578629301933,6.0,6
matched,FS_0068,FS,case,1,CXCR4,P61073,ENST00000241393,fs,1,1.0,1.0,,,1.0,,1.0,1.0,1059,533,2,50.33,51.22,0.5986779981114259,0.6303939962476548,0.0339943342776204,0.0225140712945591,443,0.8311444652908068,0.0630372492836676,0.017804,1.052,0.967737385144853,6.0,6
matched,FS_0068,FS,control,0,RRM2B,Q7LG56,ENST00000251810,fs_control,1,1.0,1.0,,,1.0,1.0,0.0,0.0,1056,174,9,41.48,33.33,0.5975378787878788,0.603448275862069,0.096590909090909,0.1724137931034483,110,0.632183908045977,0.0143266475644699,0.002357,0.699,0.6561507699335729,5.0,7
matched,FS_0069,FS,case,1,CASR,P41180,ENST00000639785,fs,1,1.0,1.0,1.0,,1.0,,1.0,1.0,3237,1637,7,54.34,57.79,0.6098239110287303,0.5986560781918143,0.0531356194006796,0.0415394013439218,918,0.5607819181429444,0.0200573065902578,0.046698,0.451,0.9777185826565262,7.0,7
matched,FS_0069,FS,control,0,GUCY2C,P25092,ENST00000261170,fs_control,1,0.0,1.0,,,1.0,,1.0,0.0,3222,200,27,44.69,47.0,0.5912476722532588,0.64,0.0726256983240223,0.115,29,0.145,0.0114613180515759,1.3919000000000001e-30,1.079,0.950814519973888,4.0,6
matched,FS_0070,FS,case,1,WNT1,P04628,ENST00000293549,fs,1,1.0,1.0,,,1.0,,1.0,0.0,1113,386,4,66.58,68.65,0.5750224618149147,0.5673575129533679,0.0610961365678346,0.082901554404145,386,1.0,0.1232091690544412,0.3263,0.603,0.917792415750198,5.0,6
matched,FS_0070,FS,control,0,GDF1,P27539,ENST00000247005,fs_control,1,1.0,1.0,,,1.0,,1.0,0.0,1119,817,8,75.96,77.48,0.6711349419124218,0.6805385556915544,0.0884718498659517,0.0991432068543451,154,0.1884944920440636,0.0057306590257879,0.41237,0.917,,5.0,6
matched,FS_0071,FS,case,1,RASA1,P20936,ENST00000274376,fs,0,1.0,1.0,,,0.0,,1.0,0.0,3144,118,25,43.96,44.07,0.611323155216285,0.5423728813559322,0.0852417302798982,0.0847457627118644,0,0.0,0.0372492836676217,1.0,0.129,0.6821540195958068,3.0,6
matched,FS_0071,FS,control,0,SUPT16H,Q9Y5B9,ENST00000216297,fs_control,1,1.0,1.0,,,1.0,1.0,1.0,0.0,3144,239,26,43.64,44.35,0.6186386768447837,0.6276150627615062,0.0642493638676844,0.0334728033472803,217,0.9079497907949792,0.0716332378223495,1.0,0.12,0.7021172854010316,6.0,7
matched,FS_0072,FS,case,1,DAGLA,Q9Y4D2,ENST00000257215,fs,0,1.0,0.0,,,1.0,,1.0,0.0,3129,989,20,62.83,67.75,0.5963566634707574,0.6127401415571284,0.0501757750079897,0.0758341759352881,0,0.0,0.0028653295128939,0.99999,0.171,0.8160488804590796,3.0,6
matched,FS_0072,FS,control,0,ATP2A2,P16615,ENST00000539276,fs_control,1,1.0,1.0,,,1.0,,0.0,0.0,3129,346,20,48.61,55.2,0.5953978906999041,0.5144508670520231,0.0527325023969319,0.0520231213872832,212,0.6127167630057804,0.0716332378223495,0.99945,0.246,0.9087594433197936,4.0,6
matched,FS_0073,FS,case,1,ITGA2B,P08514,ENST00000262407,fs,1,1.0,1.0,,,1.0,,1.0,1.0,3120,1535,30,61.44,60.85,0.6096153846153847,0.5895765472312704,0.0836538461538461,0.063843648208469,1458,0.9498371335504886,0.0773638968481375,1.5205e-16,0.756,0.9435318624839054,6.0,6
matched,FS_0073,FS,control,0,BMPR2,Q13873,ENST00000374580,fs_control,0,1.0,0.0,1.0,,1.0,,1.0,0.0,3117,348,13,45.43,48.85,0.5941610522938723,0.6091954022988506,0.0445941610522938,0.0344827586206896,0,0.0,0.0315186246418338,0.99998,0.191,0.6922596148228529,4.0,7
matched,FS_0074,FS,case,1,DPF2,Q92785,ENST00000528416,fs,1,1.0,1.0,,,1.0,1.0,1.0,0.0,1176,120,11,55.27,57.5,0.6113945578231292,0.4833333333333333,0.0637755102040816,0.075,120,1.0,0.0171919770773638,0.99985,0.161,0.571479758071451,6.0,7
matched,FS_0074,FS,control,0,CSNK2A1,P68400,ENST00000217244,fs_control,0,1.0,1.0,,,1.0,0.0,1.0,1.0,1176,111,14,45.32,54.95,0.5943877551020408,0.5765765765765766,0.0816326530612244,0.081081081081081,20,0.1801801801801801,0.0372492836676217,0.98711,0.297,0.6168635231606572,5.0,7
matched,FS_0075,FS,case,1,GNAS,P63092,ENST00000371085,fs,1,1.0,1.0,,,1.0,,1.0,0.0,1185,177,13,55.11,53.11,0.5738396624472574,0.5254237288135594,0.020253164556962,0.0,177,1.0,0.0458452722063037,0.68076,0.372,0.8320727691828096,5.0,6
matched,FS_0075,FS,control,0,PAX2,Q02962,ENST00000355243,fs_control,1,1.0,1.0,,,1.0,0.0,1.0,0.0,1185,221,10,60.25,62.44,0.60084388185654,0.6018099547511312,0.080168776371308,0.1583710407239819,221,1.0,0.0515759312320916,0.66999,0.434,0.9910554702055911,5.0,7
matched,FS_0076,FS,case,1,CLCN1,P35523,ENST00000343257,fs,0,1.0,0.0,,,1.0,,1.0,1.0,2967,508,23,55.81,61.22,0.6110549376474553,0.6259842519685039,0.0684192787327266,0.1200787401574803,0,0.0,0.0229226361031518,3.2501e-20,0.994,0.9856117524179188,4.0,6
matched,FS_0076,FS,control,0,EPHB4,P54760,ENST00000358173,fs_control,1,1.0,1.0,,,1.0,,1.0,1.0,2964,303,17,62.48,61.72,0.601889338731444,0.6303630363036303,0.0684885290148448,0.0957095709570957,204,0.6732673267326733,0.0286532951289398,0.013497,0.422,0.7766747785746227,6.0,6
matched,FS_0077,FS,case,1,MNX1,P50219,ENST00000252971,fs,1,1.0,1.0,,,1.0,1.0,1.0,0.0,1206,390,3,74.71,67.18,0.6890547263681592,0.6948717948717948,0.0820895522388059,0.0564102564102564,171,0.4384615384615384,0.0143266475644699,0.78819,0.5,0.9148373273483748,6.0,7
matched,FS_0077,FS,control,0,LMX1B,O60663,ENST00000373474,fs_control,0,1.0,1.0,,,1.0,0.0,1.0,0.0,1209,244,8,63.69,64.34,0.5889164598842018,0.6352459016393442,0.0512820512820512,0.081967213114754,0,0.0,0.0401146131805157,0.74637,0.415,0.9252742709607956,4.0,7
matched,FS_0078,FS,case,1,NKX2-1,P43699,ENST00000354822,fs,1,1.0,1.0,,,1.0,1.0,1.0,0.0,1206,435,3,70.73,71.03,0.6459369817578773,0.6229885057471264,0.0621890547263681,0.0827586206896551,63,0.1448275862068965,0.0487106017191977,0.35874,0.586,0.9955389723993988,6.0,7
matched,FS_0078,FS,control,0,TMEM43,Q9BTV4,ENST00000306077,fs_control,1,0.0,1.0,,,1.0,1.0,1.0,0.0,1203,531,12,55.53,54.61,0.6259351620947631,0.5875706214689266,0.0748129675810473,0.0998116760828625,531,1.0,0.0229226361031518,1.1608e-12,1.276,0.7138330599841092,5.0,7
matched,FS_0079,FS,case,1,EFTUD2,Q15029,ENST00000426333,fs,1,1.0,1.0,,,1.0,1.0,1.0,1.0,2919,202,28,51.8,56.93,0.5978074683110655,0.6138613861386139,0.0548132922233641,0.0792079207920792,93,0.4603960396039604,0.0429799426934097,1.0,0.094,0.6765222793689658,7.0,7
matched,FS_0079,FS,control,0,PITPNM3,Q9BZ71,ENST00000262483,fs_control,1,1.0,1.0,0.0,,1.0,,1.0,0.0,2925,1365,20,62.77,62.56,0.5900854700854701,0.5641025641025641,0.0567521367521367,0.0564102564102564,1224,0.8967032967032967,0.0114613180515759,0.99992,0.206,0.8897283951059362,5.0,7
matched,FS_0080,FS,case,1,THRA,P10827,ENST00000450525,fs,1,1.0,1.0,,,1.0,0.0,1.0,1.0,1233,285,9,56.69,58.25,0.5798864557988646,0.5684210526315789,0.0364963503649635,0.0280701754385964,245,0.8596491228070176,0.0171919770773638,0.32748,0.454,0.751745113796535,6.0,7
matched,FS_0080,FS,control,0,PAFAH1B1,P43034,ENST00000397195,fs_control,1,1.0,1.0,,,1.0,0.0,0.0,1.0,1233,107,11,44.04,47.66,0.5677210056772101,0.5700934579439252,0.072992700729927,0.0,95,0.8878504672897196,0.0257879656160458,0.99995,0.107,0.6507966130926292,5.0,7
matched,FS_0081,FS,case,1,TGFB3,P10600,ENST00000238682,fs,1,1.0,1.0,,,0.0,,1.0,1.0,1239,298,7,54.8,57.38,0.6045197740112994,0.5973154362416108,0.0645682001614205,0.0604026845637583,286,0.959731543624161,0.0974212034383954,0.98727,0.27,0.8063049404826003,5.0,6
matched,FS_0081,FS,control,0,SMARCE1,Q969G3,ENST00000348513,fs_control,0,1.0,0.0,,,1.0,1.0,1.0,1.0,1236,547,11,48.54,48.26,0.6173139158576052,0.623400365630713,0.058252427184466,0.036563071297989,0,0.0,0.0372492836676217,0.99915,0.191,0.5988571778642361,5.0,7
matched,FS_0082,FS,case,1,ROR2,Q01974,ENST00000375708,fs,1,1.0,1.0,,,1.0,,1.0,1.0,2832,1288,9,61.37,62.66,0.600635593220339,0.5737577639751553,0.0723870056497175,0.0846273291925465,819,0.6358695652173914,0.0143266475644699,0.00012401,0.558,0.8446723439964896,6.0,6
matched,FS_0082,FS,control,0,GANAB,Q14697,ENST00000356638,fs_control,1,1.0,1.0,,,1.0,,1.0,0.0,2835,2748,24,55.1,55.2,0.6091710758377425,0.6106259097525473,0.0574955908289241,0.059315866084425,1959,0.712882096069869,0.0085959885386819,0.99873,0.267,0.7515230753183795,5.0,6
matched,FS_0083,FS,case,1,WNT10A,Q9GZT5,ENST00000258411,fs,1,1.0,1.0,,,,,1.0,0.0,1254,475,4,66.59,62.11,0.6028708133971292,0.6231578947368421,0.0542264752791068,0.0673684210526315,475,1.0,0.0315186246418338,4.1667e-09,1.369,0.976957797811235,4.0,5
matched,FS_0083,FS,control,0,LOX,P28300,ENST00000231004,fs_control,1,1.0,1.0,,,1.0,,1.0,1.0,1254,1166,7,58.69,59.61,0.5972886762360446,0.5969125214408233,0.0406698564593301,0.0437392795883361,530,0.4545454545454545,0.0744985673352435,0.98769,0.285,0.9735919722210676,6.0,6
matched,FS_0084,FS,case,1,TRPC6,Q9Y210,ENST00000344327,fs,0,1.0,0.0,,,1.0,,1.0,1.0,2796,175,13,43.85,40.0,0.5994277539341917,0.6971428571428572,0.0726037195994277,0.0742857142857142,0,0.0,0.0544412607449856,3.0274e-07,0.654,0.9039665263211608,4.0,6
matched,FS_0084,FS,control,0,KCNQ5,Q9NR82,ENST00000370398,fs_control,1,1.0,1.0,,,1.0,,1.0,0.0,2799,993,14,50.95,49.85,0.6127188281529118,0.5991943605236657,0.0757413361914969,0.0422960725075528,127,0.1278952668680765,0.0372492836676217,0.98011,0.306,0.9280102449234322,5.0,6
matched,FS_0085,FS,case,1,FBXO11,Q86XK2,ENST00000403359,fs,1,1.0,1.0,,,1.0,0.0,1.0,1.0,2784,177,23,42.03,40.68,0.6174568965517241,0.5988700564971752,0.0660919540229885,0.0282485875706214,99,0.559322033898305,0.0057306590257879,1.0,0.097,0.65086524588822,6.0,7
matched,FS_0085,FS,control,0,RB1,P06400,ENST00000267163,fs_control,1,1.0,1.0,1.0,0.0,1.0,0.0,1.0,1.0,2787,118,27,39.0,39.83,0.6092572658772875,0.5677966101694916,0.0914962325080731,0.0677966101694915,118,1.0,0.0573065902578796,1.0,0.126,0.8013888954585768,7.0,9
matched,FS_0086,FS,case,1,IL6ST,P40189,ENST00000381298,fs,0,1.0,0.0,0.0,,1.0,,1.0,0.0,2757,732,17,40.33,41.53,0.5799782372143635,0.5833333333333334,0.0714544795067101,0.0846994535519125,0,0.0,0.0114613180515759,0.99978,0.228,0.7532002816137142,3.0,7
matched,FS_0086,FS,control,0,DHTKD1,Q96HY7,ENST00000263035,fs_control,1,1.0,1.0,,,1.0,,1.0,1.0,2760,155,17,52.39,52.26,0.6014492753623188,0.632258064516129,0.0608695652173913,0.0580645161290322,155,1.0,0.0229226361031518,2.7884e-30,1.247,0.7527676414477198,6.0,6
matched,FS_0087,FS,case,1,SLC4A1,P02730,ENST00000262418,fs,1,1.0,1.0,1.0,,1.0,,1.0,1.0,2736,1419,20,59.47,58.91,0.60453216374269,0.6067653276955602,0.0526315789473684,0.0422832980972515,1395,0.9830866807610994,0.0171919770773638,0.84602,0.349,0.9879259378925008,7.0,7
matched,FS_0087,FS,control,0,LEMD3,Q9Y2U8,ENST00000308330,fs_control,0,1.0,1.0,,,1.0,0.0,1.0,1.0,2736,198,13,52.08,39.9,0.6312134502923976,0.6818181818181818,0.0862573099415204,0.0606060606060606,0,0.0,0.0085959885386819,0.99877,0.253,0.565873285158308,5.0,7
matched,FS_0088,FS,case,1,BCL11B,Q9C0K0,ENST00000357195,fs,1,1.0,1.0,,,1.0,1.0,1.0,0.0,2685,682,4,68.79,69.21,0.6093109869646183,0.5718475073313783,0.0614525139664804,0.0425219941348973,210,0.3079178885630498,0.0544412607449856,0.98881,0.282,0.8928316712782485,6.0,7
matched,FS_0088,FS,control,0,ACTN2,P35609,ENST00000366578,fs_control,1,1.0,1.0,,,1.0,,1.0,1.0,2685,1253,21,53.82,54.51,0.5612662942271881,0.5411013567438149,0.0260707635009311,0.0031923383878691,1121,0.8946528332003192,0.0716332378223495,0.99968,0.239,0.983748023484994,6.0,6
matched,FS_0089,FS,case,1,WFS1,O76024,ENST00000226760,fs,1,1.0,,1.0,,1.0,,1.0,0.0,2673,1843,8,62.48,61.31,0.5948372615039281,0.5870862723819859,0.0404040404040404,0.0265870862723819,613,0.3326098752034725,0.0171919770773638,1.6230999999999999e-38,1.93,0.7363510045039251,5.0,6
matched,FS_0089,FS,control,0,HCN1,O60741,ENST00000303230,fs_control,1,1.0,1.0,,,1.0,,1.0,1.0,2673,856,8,51.66,56.89,0.5982042648709316,0.572429906542056,0.0722035166479611,0.0642523364485981,80,0.0934579439252336,0.0114613180515759,0.99989,0.181,0.9364509174669176,6.0,6
matched,FS_0090,FS,case,1,HCN2,Q9UL51,ENST00000251287,fs,1,1.0,1.0,,,1.0,,1.0,0.0,2670,348,8,69.59,65.52,0.6273408239700374,0.6149425287356322,0.0730337078651685,0.0114942528735632,50,0.1436781609195402,0.0114613180515759,0.48885,0.448,0.8784068394974648,5.0,6
matched,FS_0090,FS,control,0,PDE8B,O95263,ENST00000264917,fs_control,1,0.0,1.0,,,1.0,,1.0,0.0,2658,175,22,51.2,44.57,0.5741158765989466,0.52,0.0500376222723852,0.0457142857142857,104,0.5942857142857143,0.0085959885386819,0.99905,0.249,0.9276317655357832,4.0,6
matched,FS_0091,FS,case,1,SEMA6B,Q9H3T3,ENST00000586582,fs,1,1.0,1.0,,,1.0,,1.0,0.0,2667,664,17,68.95,73.34,0.6122984626921635,0.6234939759036144,0.0926134233220847,0.1054216867469879,90,0.1355421686746988,0.0114613180515759,0.06227,0.462,0.8007248017405875,5.0,6
matched,FS_0091,FS,control,0,GRIA2,P42262,ENST00000264426,fs_control,0,1.0,0.0,,,1.0,,1.0,0.0,2652,93,15,43.93,45.16,0.6104826546003017,0.5806451612903226,0.0761689291101055,0.0,0,0.0,0.0458452722063037,0.99916,0.247,0.8797275790356466,3.0,6
matched,FS_0092,FS,case,1,GATA4,P43694,ENST00000643249,fs,0,1.0,0.0,,,1.0,0.0,1.0,0.0,1332,234,6,68.77,60.68,0.6509009009009009,0.5897435897435898,0.0525525525525525,0.0341880341880341,0,0.0,0.0945558739255014,0.49308,0.527,0.9552259880587584,3.0,7
matched,FS_0092,FS,control,0,GATA3,P23771,ENST00000379328,fs_control,1,1.0,1.0,,,1.0,1.0,1.0,1.0,1335,320,6,64.12,53.12,0.6352059925093633,0.6125,0.0913857677902621,0.1,99,0.309375,0.0945558739255014,0.89887,0.388,0.9702852253548192,7.0,7
matched,FS_0093,FS,case,1,SPRED1,Q7Z699,ENST00000299084,fs,1,1.0,1.0,,,1.0,1.0,1.0,1.0,1335,735,7,43.3,42.31,0.5707865168539326,0.5619047619047619,0.0749063670411985,0.0775510204081632,301,0.4095238095238095,0.0057306590257879,0.97246,0.319,0.6858111435729681,7.0,7
matched,FS_0093,FS,control,0,CCM2,Q9BSQ5,ENST00000258781,fs_control,1,1.0,1.0,,,1.0,,1.0,1.0,1335,385,10,57.15,60.52,0.5775280898876405,0.5818181818181818,0.0344569288389513,0.0337662337662337,262,0.6805194805194805,0.0143266475644699,0.0092809,0.66,0.6148175390880839,6.0,6
matched,FS_0094,FS,case,1,KCNQ2,O43526,ENST00000359125,fs,1,1.0,1.0,,,1.0,,1.0,1.0,2619,537,17,64.87,68.34,0.6051928216876671,0.5996275605214153,0.078655975563192,0.0782122905027933,492,0.9162011173184358,0.0716332378223495,0.99998,0.158,0.948563858724806,6.0,6
matched,FS_0094,FS,control,0,KCNQ3,O43525,ENST00000388996,fs_control,1,1.0,1.0,,,1.0,,1.0,0.0,2619,735,15,56.28,55.92,0.6353570064910271,0.6285714285714286,0.08323787705231,0.0884353741496598,372,0.5061224489795918,0.0573065902578796,0.80089,0.356,0.9037093330509018,5.0,6
matched,FS_0095,FS,case,1,RORB,Q92753,ENST00000376896,fs,1,1.0,1.0,,,1.0,1.0,0.0,1.0,1380,256,10,47.17,42.97,0.6079710144927536,0.62109375,0.0275362318840579,0.0546875,215,0.83984375,0.0143266475644699,0.99991,0.112,0.9311695754606326,6.0,7
matched,FS_0095,FS,control,0,TFAP2B,Q92481,ENST00000393655,fs_control,1,1.0,1.0,,,1.0,1.0,1.0,0.0,1383,307,7,58.35,58.31,0.603759942154736,0.5732899022801303,0.0751988430947216,0.0390879478827361,257,0.8371335504885994,0.0343839541547277,0.99023,0.259,0.938796170879646,6.0,7
matched,FS_0096,FS,case,1,DDR2,Q16832,ENST00000367921,fs,1,1.0,1.0,,,1.0,,1.0,1.0,2568,191,18,50.23,47.64,0.580607476635514,0.6178010471204188,0.0455607476635514,0.0418848167539267,191,1.0,0.0315186246418338,0.5503,0.376,0.7922166749057349,6.0,6
matched,FS_0096,FS,control,0,PDE6B,P35913,ENST00000496514,fs_control,1,1.0,1.0,,,1.0,,1.0,0.0,2565,1336,22,57.58,56.29,0.583625730994152,0.5905688622754491,0.0257309941520467,0.0187125748502994,879,0.6579341317365269,0.0343839541547277,2.6155e-27,1.187,0.8455762391130776,5.0,6
matched,FS_0097,FS,case,1,SHH,Q15465,ENST00000297261,fs,1,1.0,1.0,,,1.0,,1.0,1.0,1389,732,3,67.31,71.17,0.6177105831533477,0.6202185792349727,0.0590352771778257,0.0396174863387978,729,0.9959016393442623,0.1404011461318051,0.98258,0.242,0.9425357755041625,6.0,6
matched,FS_0097,FS,control,0,BSCL2,Q96G97,ENST00000360796,fs_control,0,1.0,0.0,,,1.0,,1.0,0.0,1389,332,11,56.8,58.13,0.6213102951763859,0.6746987951807228,0.0503959683225342,0.0240963855421686,0,0.0,0.0286532951289398,1.0981e-09,1.008,0.7937623551860326,3.0,6
matched,FS_0098,FS,case,1,GCK,P35557,ENST00000403799,fs,1,1.0,1.0,,,1.0,0.0,1.0,0.0,1398,295,10,61.3,65.76,0.5636623748211731,0.535593220338983,0.0493562231759656,0.0406779661016949,295,1.0,0.0200573065902578,0.63464,0.443,0.951385295722211,5.0,7
matched,FS_0098,FS,control,0,SOX10,P56693,ENST00000396884,fs_control,1,1.0,1.0,,,1.0,1.0,1.0,1.0,1401,741,4,66.67,66.13,0.6231263383297645,0.6531713900134952,0.0856531049250535,0.0850202429149797,63,0.0850202429149797,0.0945558739255014,0.99166,0.209,0.9599423105402902,7.0,7
matched,FS_0099,FS,case,1,DES,P17661,ENST00000373960,fs,0,1.0,0.0,,,1.0,0.0,1.0,0.0,1413,123,9,61.78,54.47,0.6256192498230715,0.6585365853658537,0.0290162774239207,0.0975609756097561,0,0.0,0.0171919770773638,0.0088282,0.596,0.8928008969205824,3.0,7
matched,FS_0099,FS,control,0,MMP13,P45452,ENST00000260302,fs_control,1,1.0,1.0,,,0.0,,0.0,1.0,1416,81,10,44.77,33.33,0.6214689265536724,0.6296296296296297,0.0783898305084745,0.1234567901234567,75,0.925925925925926,0.0487106017191977,7.8767e-18,1.524,0.979136065763328,4.0,6
matched,FS_0100,FS,case,1,HNRNPU,Q00839,ENST00000640218,fs,1,1.0,0.0,0.0,,1.0,1.0,1.0,0.0,2478,444,14,50.36,42.57,0.6739305891848265,0.6801801801801802,0.1081517352703793,0.1081081081081081,251,0.5653153153153153,0.0458452722063037,1.0,0.114,0.5687292636923613,5.0,8
matched,FS_0100,FS,control,0,FGFR1,P11362,ENST00000447712,fs_control,1,1.0,1.0,,,1.0,1.0,1.0,1.0,2469,154,18,57.11,60.39,0.608343458890239,0.5714285714285714,0.0587282300526528,0.0584415584415584,80,0.5194805194805194,0.0744985673352435,0.99984,0.215,0.654881787141031,7.0,7
matched,FS_0101,FS,case,1,CAPN3,P20807,ENST00000397163,fs,1,1.0,1.0,,,1.0,,0.0,1.0,2466,209,24,52.64,47.37,0.5847526358475263,0.5406698564593302,0.0604217356042173,0.0382775119617224,170,0.8133971291866029,0.0114613180515759,3.5865e-19,0.965,0.8876214848675705,5.0,6
matched,FS_0101,FS,control,0,AP1G1,O43747,ENST00000299980,fs_control,1,1.0,1.0,,,1.0,,1.0,1.0,2469,154,23,44.07,47.4,0.59983799108951,0.5454545454545454,0.0603483191575536,0.0259740259740259,154,1.0,0.0085959885386819,0.99998,0.202,0.46390617185323,6.0,6
matched,FS_0102,FS,case,1,GATA2,P23769,ENST00000341105,fs,1,1.0,1.0,,,1.0,1.0,1.0,0.0,1443,379,6,64.8,57.52,0.65003465003465,0.6464379947229552,0.0873180873180873,0.0448548812664907,179,0.4722955145118733,0.0716332378223495,0.97927,0.292,0.8780178699799012,6.0,7
matched,FS_0102,FS,control,0,OSBPL2,Q9H1P3,ENST00000313733,fs_control,1,1.0,1.0,0.0,,1.0,,1.0,1.0,1443,670,14,53.08,53.88,0.6264726264726265,0.6313432835820896,0.0699930699930699,0.0656716417910447,670,1.0,,0.13102,0.481,0.6461629363389988,6.0,7
matched,FS_0103,FS,case,1,ZNF148,Q9UQR1,ENST00000360647,fs,1,1.0,1.0,,,1.0,1.0,1.0,0.0,2385,1630,9,41.43,41.72,0.5647798742138365,0.5644171779141104,0.070859538784067,0.0717791411042944,29,0.0177914110429447,0.0114613180515759,0.99997,0.103,0.5610893420599934,6.0,7
matched,FS_0103,FS,control,0,ALDH18A1,P54886,ENST00000371224,fs_control,0,1.0,1.0,,,1.0,,1.0,0.0,2388,248,18,51.09,51.61,0.5942211055276382,0.5725806451612904,0.0544388609715242,0.064516129032258,0,0.0,0.0229226361031518,0.00081212,0.519,0.7309887251666335,4.0,6
matched,FS_0104,FS,case,1,SERPING1,P05155,ENST00000278407,fs,1,1.0,1.0,,,1.0,,1.0,1.0,1503,262,8,53.43,53.82,0.6420492348636061,0.5954198473282443,0.0578842315369261,0.049618320610687,262,1.0,0.0229226361031518,0.96351,0.322,0.7407554303483027,6.0,6
matched,FS_0104,FS,control,0,PLAG1,Q6DJT9,ENST00000316981,fs_control,1,1.0,1.0,,,1.0,1.0,1.0,1.0,1503,1234,5,45.31,45.06,0.6447105788423154,0.6377633711507293,0.0499001996007984,0.0526742301458671,356,0.2884927066450567,0.0057306590257879,0.99532,0.188,0.8251191380450175,7.0,7
matched,FS_0105,FS,case,1,BARD1,Q99728,ENST00000260947,fs,0,1.0,1.0,,,1.0,1.0,1.0,1.0,2334,391,11,43.92,47.06,0.5685518423307626,0.5703324808184144,0.0599828620394173,0.0434782608695652,0,0.0,0.0343839541547277,1.3777e-24,1.358,0.8315869733659963,6.0,7
matched,FS_0105,FS,control,0,NR3C1,P04150,ENST00000394464,fs_control,1,1.0,1.0,0.0,,1.0,0.0,1.0,1.0,2334,181,9,44.04,40.33,0.6062553556126821,0.6077348066298343,0.1028277634961439,0.1381215469613259,126,0.6961325966850829,0.0659025787965616,0.96958,0.32,0.7128387433542999,6.0,8
matched,FS_0106,FS,case,1,SOX9,P48436,ENST00000245479,fs,1,1.0,1.0,0.0,,1.0,1.0,1.0,0.0,1530,871,3,67.78,69.92,0.5895424836601307,0.6096440872560276,0.0986928104575163,0.1010332950631458,216,0.2479908151549942,0.1375358166189111,0.99772,0.168,0.8534654901611185,6.0,8
matched,FS_0106,FS,control,0,HARS1,P12081,ENST00000504156,fs_control,1,1.0,1.0,,,1.0,,1.0,1.0,1530,731,13,53.27,54.86,0.5875816993464053,0.6073871409028728,0.0581699346405228,0.0656634746922024,671,0.9179206566347468,0.0171919770773638,,,0.574495175152396,6.0,6
matched,FS_0107,FS,case,1,FH,P07954,ENST00000366560,fs,1,1.0,1.0,,,1.0,0.0,1.0,1.0,1533,269,10,45.99,43.49,0.5805609915198956,0.6282527881040892,0.0652315720808871,0.0855018587360594,144,0.5353159851301115,0.0200573065902578,0.08824,0.544,0.5949981474346508,6.0,7
matched,FS_0107,FS,control,0,ARCN1,P48444,ENST00000264028,fs_control,1,1.0,1.0,,,1.0,,0.0,0.0,1536,158,10,44.4,45.57,0.5944010416666666,0.5949367088607594,0.0729166666666666,0.0822784810126582,143,0.9050632911392406,0.0200573065902578,0.99997,0.101,0.6788582238838344,4.0,6
matched,FS_0108,FS,case,1,SATB1,Q01826,ENST00000338745,fs,1,1.0,1.0,,,1.0,1.0,1.0,0.0,2292,603,11,49.39,52.4,0.631762652705061,0.6716417910447762,0.0571553228621291,0.0497512437810945,183,0.3034825870646766,0.0171919770773638,0.99051,0.293,0.5996451396181364,6.0,7
matched,FS_0108,FS,control,0,SOX5,P35711,ENST00000451604,fs_control,0,1.0,1.0,,,0.0,1.0,1.0,1.0,2292,388,15,50.52,53.09,0.6112565445026178,0.6391752577319587,0.0431937172774869,0.0335051546391752,8,0.0206185567010309,0.0343839541547277,0.99995,0.188,0.8535675243990369,5.0,7
matched,FS_0109,FS,case,1,COMP,P49747,ENST00000222271,fs,1,1.0,1.0,,,,,1.0,1.0,2274,1028,19,64.03,60.31,0.575197889182058,0.566147859922179,0.0576077396657871,0.0389105058365758,880,0.8560311284046692,0.0429799426934097,1.3462e-09,0.765,0.9813115249061096,5.0,5
matched,FS_0109,FS,control,0,KCNC3,Q14003,ENST00000477616,fs_control,1,1.0,1.0,,,1.0,,1.0,0.0,2274,1032,4,69.0,64.63,0.635004397537379,0.6056201550387597,0.1116974494283201,0.128875968992248,590,0.5717054263565892,0.0315186246418338,0.20575,0.587,0.92681521529549,5.0,6
matched,FS_0110,FS,case,1,MLH1,P40692,ENST00000231790,fs,1,1.0,1.0,,,1.0,1.0,1.0,1.0,2271,1087,19,46.46,48.3,0.6014971378247468,0.5860165593376265,0.0673712021136063,0.0671573137074517,622,0.5722171113155474,0.0573065902578796,3.41e-05,0.575,0.6354870314628441,7.0,7
matched,FS_0110,FS,control,0,IKBKB,O14920,ENST00000520810,fs_control,1,1.0,1.0,1.0,,1.0,1.0,1.0,1.0,2271,1144,22,54.21,53.85,0.6045794804051079,0.6127622377622378,0.0559225011008366,0.0489510489510489,884,0.7727272727272727,0.0401146131805157,0.99192,0.29,0.6607833084926087,8.0,8
matched,FS_0111,FS,case,1,CELF2,,ENST00000633077,fs,1,,,,,,,,,1566,370,13,52.81,53.51,0.5810983397190294,0.6135135135135135,0.0472541507024265,0.0351351351351351,178,0.4810810810810811,0.0057306590257879,0.99965,0.174,0.7401038850936863,1.0,1
matched,FS_0111,FS,control,0,CASP10,Q92851,ENST00000286186,fs_control,1,0.0,1.0,,,0.0,,1.0,1.0,1569,218,10,47.29,47.71,0.5850860420650096,0.555045871559633,0.0484384958572339,0.0,218,1.0,0.0057306590257879,4.6392e-12,1.287,0.8164754616592185,4.0,6
matched,FS_0112,FS,case,1,PPP3CA,Q08209,ENST00000394854,fs,0,1.0,0.0,,,1.0,,1.0,0.0,1566,224,14,44.57,52.23,0.60727969348659,0.6160714285714286,0.0708812260536398,0.0535714285714285,0,0.0,0.0171919770773638,0.99988,0.158,0.8393203343650053,3.0,6
matched,FS_0112,FS,control,0,PLIN1,O60240,ENST00000300055,fs_control,1,1.0,1.0,,,1.0,,1.0,0.0,1569,195,9,65.58,61.03,0.6341618865519439,0.6358974358974359,0.058636073932441,0.041025641025641,195,1.0,0.0171919770773638,3.1486e-11,1.26,0.9805693984991526,5.0,6
matched,FS_0113,FS,case,1,EZH2,Q15910,ENST00000320356,fs,1,1.0,1.0,,,1.0,0.0,1.0,1.0,2256,79,20,44.15,45.57,0.6152482269503546,0.4556962025316455,0.0851063829787234,0.1392405063291139,60,0.759493670886076,0.1203438395415472,1.0,0.146,0.9128457043769592,6.0,7
matched,FS_0113,FS,control,0,STAT1,P42224,ENST00000361099,fs_control,1,1.0,1.0,,,1.0,0.0,1.0,0.0,2253,65,25,46.12,56.92,0.6231691078561917,0.5230769230769231,0.0643586329338659,0.0615384615384615,63,0.9692307692307692,0.0687679083094555,0.99999,0.187,0.9391099743030884,5.0,7
matched,FS_0114,FS,case,1,FUS,P35637,ENST00000254108,fs,1,1.0,1.0,1.0,,1.0,,1.0,1.0,1581,707,15,57.43,53.61,0.6628716002530044,0.6534653465346535,0.0512333965844402,0.0438472418670438,333,0.471004243281471,0.0429799426934097,0.9993,0.237,0.6151776549536552,7.0,7
matched,FS_0114,FS,control,0,ALG8,Q9BVK2,ENST00000299626,fs_control,1,,1.0,,,1.0,,1.0,0.0,1581,168,13,42.38,44.64,0.6103731815306768,0.6011904761904762,0.079696394686907,0.0476190476190476,149,0.8869047619047619,0.0057306590257879,1.1804e-08,0.83,0.7043151647217365,4.0,5
matched,FS_0115,FS,case,1,ZIC2,O95409,ENST00000376335,fs,1,1.0,1.0,,,1.0,1.0,1.0,0.0,1599,399,3,69.67,67.17,0.6416510318949343,0.6416040100250626,0.0794246404002501,0.1052631578947368,204,0.5112781954887218,0.0171919770773638,0.97362,0.267,0.984459065131592,6.0,7
matched,FS_0115,FS,control,0,BMPR1A,P36894,ENST00000372037,fs_control,1,0.0,1.0,,,1.0,,1.0,0.0,1599,223,13,44.28,46.19,0.5766103814884302,0.57847533632287,0.0519074421513445,0.0179372197309417,198,0.8878923766816144,0.0458452722063037,0.90333,0.355,0.7092146776663771,4.0,6
matched,FS_0116,FS,case,1,RPE65,Q16518,ENST00000262340,fs,1,1.0,1.0,,,0.0,,1.0,0.0,1602,175,14,43.57,49.14,0.6086142322097379,0.6114285714285714,0.0805243445692883,0.0228571428571428,175,1.0,0.0286532951289398,6.4889e-14,1.111,0.974239965344657,4.0,6
matched,FS_0116,FS,control,0,UGT1A1,P22309,ENST00000305208,fs_control,1,1.0,1.0,1.0,,1.0,,1.0,0.0,1602,301,5,50.69,52.82,0.5942571785268415,0.6478405315614618,0.066167290886392,0.0531561461794019,301,1.0,0.0028653295128939,3.2577e-06,1.08,0.9579290232398094,6.0,7
matched,FS_0117,FS,case,1,FZD4,Q9ULV1,ENST00000531380,fs,1,1.0,1.0,1.0,,1.0,,1.0,1.0,1614,1501,2,50.31,48.97,0.6350681536555143,0.6329113924050633,0.087360594795539,0.0792804796802131,1224,0.8154563624250499,0.0200573065902578,0.96962,0.312,0.86091433379214,7.0,7
matched,FS_0117,FS,control,0,CNOT2,Q9NZN8,ENST00000229195,fs_control,1,1.0,1.0,,,1.0,0.0,1.0,1.0,1623,84,16,43.93,39.29,0.5878003696857671,0.5476190476190477,0.0708564386937769,0.0476190476190476,84,1.0,0.0057306590257879,0.99981,0.189,0.6196262502427279,6.0,7
matched,FS_0118,FS,case,1,DLL1,O00548,ENST00000616526,fs,0,1.0,0.0,,,1.0,,1.0,0.0,2172,57,11,63.31,49.12,0.6174033149171271,0.4210526315789473,0.0994475138121546,0.0,0,0.0,0.0315186246418338,0.99999,0.095,0.8404808798853567,3.0,6
matched,FS_0118,FS,control,0,ELN,P15502,ENST00000252034,fs_control,0,1.0,,,,1.0,,1.0,0.0,2175,2041,33,64.32,64.58,0.6671264367816092,0.6629103380695738,0.0740229885057471,0.06859382655561,0,0.0,0.0687679083094555,2.1429e-14,0.871,0.9590029973334064,3.0,5
matched,FS_0119,FS,case,1,LRSAM1,Q6UWE0,ENST00000300417,fs,1,1.0,1.0,1.0,,1.0,,1.0,1.0,2172,1023,26,56.49,55.72,0.5787292817679558,0.5894428152492669,0.0377532228360957,0.0498533724340175,162,0.158357771260997,0.0171919770773638,3.1008e-13,0.754,0.5566000298783976,7.0,7
matched,FS_0119,FS,control,0,PIK3R1,P27986,ENST00000521381,fs_control,1,1.0,1.0,0.0,,1.0,,1.0,1.0,2175,257,16,41.98,47.86,0.6257471264367817,0.6108949416342413,0.0754022988505747,0.0622568093385214,225,0.8754863813229572,0.1031518624641833,0.99978,0.228,0.7913035706625647,6.0,7
matched,FS_0120,FS,case,1,TBX3,O15119,ENST00000349155,fs,1,1.0,1.0,,,1.0,0.0,1.0,0.0,2172,843,7,61.97,72.84,0.643646408839779,0.6702253855278766,0.074585635359116,0.0842230130486358,347,0.4116251482799525,0.0487106017191977,0.98907,0.281,0.915208548328226,5.0,7
matched,FS_0120,FS,control,0,ZNF408,Q9H9D4,ENST00000311764,fs_control,1,1.0,1.0,,,1.0,1.0,1.0,1.0,2163,1549,5,62.78,62.1,0.6481738326398521,0.6417043253712073,0.0638002773925104,0.0561652679147837,543,0.3505487411233053,0.0085959885386819,1.1792e-06,0.816,0.4324549027395573,7.0,7
matched,FS_0121,FS,case,1,DVL3,Q92997,ENST00000313143,fs,1,1.0,1.0,,,1.0,,1.0,0.0,2151,655,15,61.41,70.53,0.6099488609948861,0.6564885496183206,0.0641562064156206,0.116030534351145,622,0.9496183206106872,0.0315186246418338,0.38544,0.422,0.5295510725536215,5.0,6
matched,FS_0121,FS,control,0,FOXP2,O15409,ENST00000350908,fs_control,0,1.0,0.0,,,0.0,0.0,1.0,0.0,2148,223,17,47.72,49.33,0.6061452513966481,0.5515695067264574,0.0409683426443202,0.0,0,0.0,0.0372492836676217,0.99994,0.219,0.8813899859518681,2.0,7
matched,FS_0122,FS,case,1,TGFBR2,P37173,ENST00000295754,fs,1,1.0,1.0,,,1.0,,1.0,1.0,1704,246,7,52.41,58.94,0.5733568075117371,0.5691056910569106,0.0352112676056338,0.032520325203252,176,0.7154471544715447,0.0744985673352435,0.12535,0.519,0.7609918217400896,6.0,6
matched,FS_0122,FS,control,0,TRAF3,Q13114,ENST00000392745,fs_control,1,1.0,1.0,1.0,,1.0,,1.0,1.0,1707,631,12,51.85,54.68,0.5758640890451083,0.5800316957210776,0.0656121851200937,0.0681458003169572,360,0.5705229793977813,0.0171919770773638,0.99869,0.224,0.8370313732543891,7.0,7
matched,FS_0123,FS,case,1,SLC40A1,Q9NP59,ENST00000261024,fs,1,1.0,1.0,,,1.0,,1.0,1.0,1716,375,8,45.92,41.07,0.6130536130536131,0.584,0.0477855477855477,0.0213333333333333,341,0.9093333333333332,0.0057306590257879,0.98835,0.291,0.8875359224518539,6.0,6
matched,FS_0123,FS,control,0,MSTO1,Q9BUK6,ENST00000245564,fs_control,0,1.0,0.0,,,1.0,,1.0,0.0,1713,388,14,57.15,58.25,0.6112084063047285,0.634020618556701,0.0700525394045534,0.056701030927835,0,0.0,0.0028653295128939,1.6182e-09,1.076,0.7741421596276721,3.0,6
matched,FS_0124,FS,case,1,SLC3A1,Q07837,ENST00000260649,fs,1,1.0,0.0,,,0.0,,1.0,1.0,2058,495,10,44.41,41.82,0.597667638483965,0.5757575757575758,0.0602526724975704,0.0606060606060606,175,0.3535353535353535,0.0028653295128939,7.2168e-27,1.623,0.931751768385486,4.0,6
matched,FS_0124,FS,control,0,DLL4,Q9NR61,ENST00000249749,fs_control,0,0.0,0.0,,,0.0,,1.0,0.0,2058,93,11,60.79,50.54,0.619533527696793,0.6021505376344086,0.0563654033041788,0.0967741935483871,0,0.0,0.0458452722063037,0.99982,0.188,0.7984009267369446,1.0,6
matched,FS_0125,FS,case,1,TBR1,Q16650,ENST00000389554,fs,1,1.0,1.0,,,1.0,1.0,1.0,0.0,2049,676,6,61.05,70.27,0.632015617374329,0.6627218934911243,0.0673499267935578,0.0502958579881656,604,0.893491124260355,0.0401146131805157,0.99901,0.194,0.98212601984291,6.0,7
matched,FS_0125,FS,control,0,PRPF3,O43395,ENST00000324862,fs_control,1,1.0,1.0,,,1.0,0.0,1.0,1.0,2052,214,16,47.95,46.26,0.6276803118908382,0.677570093457944,0.070662768031189,0.0607476635514018,192,0.897196261682243,0.0401146131805157,1.0,0.068,0.5590443265221209,6.0,7
matched,FS_0126,FS,case,1,EYA1,Q99502,ENST00000340726,fs,1,1.0,1.0,,,1.0,1.0,1.0,1.0,1779,833,18,46.94,44.9,0.6053962900505903,0.6182472989195679,0.0534007869589657,0.0720288115246098,678,0.8139255702280912,0.0315186246418338,0.94588,0.332,0.9375562974647424,7.0,7
matched,FS_0126,FS,control,0,GRN,P28799,ENST00000053867,fs_control,1,1.0,1.0,,,0.0,,1.0,0.0,1782,145,13,63.19,63.45,0.6391694725028059,0.6068965517241379,0.0729517396184062,0.0275862068965517,119,0.8206896551724138,0.0257879656160458,0.069666,0.483,0.7516898902014915,4.0,6
matched,FS_0127,FS,case,1,CPT2,P23786,ENST00000371486,fs,1,1.0,1.0,,,1.0,,1.0,0.0,1977,363,5,52.81,54.27,0.6059686393525544,0.6391184573002755,0.0703085483055134,0.024793388429752,341,0.9393939393939394,0.0143266475644699,4.598e-10,1.172,0.7075024711329804,5.0,6
matched,FS_0127,FS,control,0,ENG,P17813,ENST00000373203,fs_control,0,1.0,1.0,,,1.0,,1.0,1.0,1977,1723,15,61.41,60.77,0.5978755690440061,0.5931514799767846,0.0703085483055134,0.0702263493905978,0,0.0,0.0630372492836676,0.99858,0.24,0.7854069317168726,5.0,6
matched,FS_0128,FS,case,1,PPM1D,O15297,ENST00000305921,fs,0,1.0,0.0,,,1.0,1.0,1.0,0.0,1818,513,6,51.21,43.66,0.6325632563256326,0.6627680311890838,0.0599559955995599,0.0818713450292397,0,0.0,0.0200573065902578,2.2321e-11,1.096,0.7148485484336485,4.0,7
matched,FS_0128,FS,control,0,TBX18,O95935,ENST00000369663,fs_control,1,1.0,1.0,,,1.0,1.0,1.0,0.0,1824,811,8,56.85,54.62,0.6206140350877193,0.6313193588162762,0.0635964912280701,0.0702836004932182,25,0.0308261405672009,0.0315186246418338,0.99905,0.193,0.9399797089575962,6.0,7
matched,FS_0129,FS,case,1,FOXN1,O15353,ENST00000579795,fs,0,1.0,0.0,,,1.0,0.0,1.0,0.0,1947,625,9,62.76,64.8,0.6224961479198767,0.6112,0.1063174114021571,0.136,0,0.0,0.0085959885386819,0.94214,0.349,0.9736860766531804,3.0,7
matched,FS_0129,FS,control,0,SCNN1G,P51170,ENST00000300061,fs_control,1,1.0,1.0,1.0,,1.0,,1.0,1.0,1950,447,13,53.54,54.14,0.6184615384615385,0.6196868008948546,0.0317948717948717,0.0447427293064877,208,0.465324384787472,0.0257879656160458,0.48199,0.408,0.9155819705385908,7.0,7
matched,FS_0130,FS,case,1,FGA,P02671,ENST00000403106,fs,1,1.0,1.0,,,1.0,,1.0,1.0,1935,1361,5,47.91,49.01,0.6134366925064599,0.6113152094048494,0.0480620155038759,0.0426157237325496,334,0.245407788390889,0.0229226361031518,1.2236e-13,1.021,0.982716950448546,6.0,6
matched,FS_0130,FS,control,0,WAC,Q9BTA9,ENST00000354911,fs_control,1,1.0,1.0,,,1.0,1.0,1.0,0.0,1944,1891,14,44.08,44.32,0.5689300411522634,0.5690111052353253,0.0632716049382716,0.0597567424643046,84,0.044420941300899,0.0143266475644699,1.0,0.084,0.7037870609280928,6.0,7
matched,FS_0131,FS,case,1,MPL,P40238,ENST00000372470,fs,0,1.0,0.0,1.0,,1.0,,1.0,0.0,1908,353,12,59.17,61.47,0.6142557651991615,0.6288951841359773,0.0539832285115303,0.0453257790368272,0,0.0,0.0229226361031518,4.0719e-09,0.763,0.7394531216192701,4.0,7
matched,FS_0131,FS,control,0,GHR,P10912,ENST00000230882,fs_control,1,1.0,1.0,,,1.0,,1.0,0.0,1917,991,10,44.24,46.82,0.6030255607720396,0.6145307769929365,0.0505998956703182,0.0595358224016145,906,0.9142280524722504,0.0200573065902578,8.4385e-05,0.662,0.8729433951120628,5.0,6
matched,SNV_0001,SNV,case,1,PLEC,Q15149,ENST00000345136,snv,1,1.0,1.0,,,1.0,,1.0,0.0,13644,6270,32,66.91,65.87,0.6109645265318089,0.6129186602870813,0.0307094693638229,0.0385964912280701,2025,0.3229665071770335,0.0630372492836676,8.3469e-12,0.392,0.7337288861791247,5.0,6
matched,SNV_0001,SNV,control,0,LRP1,Q07954,ENST00000243077,snv_control,0,1.0,1.0,1.0,,1.0,0.0,1.0,0.0,13635,192,89,60.07,63.02,0.566923359002567,0.6041666666666666,0.051998533186652,0.1145833333333333,0,0.0,0.0286532951289398,1.0,0.058,0.7763311844926235,5.0,8
matched,SNV_0002,SNV,case,1,PKD1,P98161,ENST00000262304,snv,0,1.0,0.0,,,1.0,,1.0,0.0,12912,519,46,67.24,68.4,0.5923946716232962,0.6647398843930635,0.0589374225526641,0.0789980732177264,0,0.0,0.0343839541547277,1.0,0.179,0.9242172827354568,3.0,6
matched,SNV_0002,SNV,control,0,FAT2,Q9NYQ8,ENST00000261800,snv_control,0,0.0,0.0,,,1.0,,1.0,0.0,13050,584,24,52.59,62.5,0.5909578544061302,0.6198630136986302,0.0605363984674329,0.136986301369863,0,0.0,,6.023e-18,0.507,0.9757829100740464,2.0,6
matched,SNV_0003,SNV,case,1,FLG,P20930,ENST00000368799,snv,1,1.0,1.0,,,1.0,,1.0,1.0,12186,12099,3,55.1,55.28,0.5548990645002462,0.5543433341598479,0.0320039389463318,0.0305810397553516,3915,0.3235804611951401,0.0085959885386819,0.00028793,1.96,0.9912221042724564,6.0,6
matched,SNV_0003,SNV,control,0,KMT2A,Q03164,ENST00000534358,snv_control,1,1.0,1.0,0.0,,1.0,0.0,0.0,1.0,11919,327,36,48.12,48.32,0.6235422434768018,0.5718654434250765,0.0820538635791593,0.0244648318042813,252,0.7706422018348624,0.0515759312320916,1.0,0.065,0.6591032370191089,5.0,8
matched,SNV_0004,SNV,case,1,DSP,P15924,ENST00000379802,snv,1,1.0,1.0,,,1.0,,1.0,1.0,8616,3288,24,48.33,48.42,0.5899489322191273,0.6079683698296837,0.0548978644382544,0.0611313868613138,897,0.2728102189781022,0.0286532951289398,0.99978,0.26,0.9590385335513152,6.0,6
matched,SNV_0004,SNV,control,0,PIEZO2,,ENST00000674853,snv_control,1,,,,,,,,,8598,304,56,47.08,39.8,0.6111886485229123,0.6414473684210527,0.0693184461502675,0.0855263157894736,292,0.9605263157894736,0.0114613180515759,8.0992e-07,0.371,0.8489264933565702,1.0,1
matched,SNV_0005,SNV,case,1,FBN1,P35555,ENST00000316623,snv,0,1.0,0.0,0.0,,1.0,,1.0,0.0,8616,441,66,48.92,41.27,0.61652739090065,0.5963718820861678,0.0504874651810585,0.0566893424036281,0,0.0,0.0515759312320916,1.0,0.049,0.9493102721776132,3.0,7
matched,SNV_0005,SNV,control,0,APC,P25054,ENST00000257430,snv_control,1,1.0,1.0,1.0,,1.0,,1.0,1.0,8532,6625,16,41.23,40.74,0.5981012658227848,0.6055849056603774,0.0781762775433661,0.0848301886792452,4791,0.7231698113207548,0.0257879656160458,1.0,0.161,0.7552113076180489,7.0,7
matched,SNV_0006,SNV,case,1,FLNC,Q14315,ENST00000325888,snv,1,1.0,1.0,,,1.0,,1.0,0.0,8178,239,48,62.17,56.07,0.5964783565663977,0.6317991631799164,0.0682318415260454,0.104602510460251,224,0.9372384937238494,0.0515759312320916,0.99994,0.25,0.9498199602166604,5.0,6
matched,SNV_0006,SNV,control,0,KMT2B,Q9UMN6,ENST00000420124,snv_control,1,1.0,1.0,0.0,,1.0,0.0,1.0,1.0,8148,327,37,63.67,57.19,0.6323024054982818,0.5168195718654435,0.1205203730976926,0.0122324159021406,252,0.7706422018348624,0.0573065902578796,1.0,0.07,0.6627570798220206,6.0,8
matched,SNV_0007,SNV,case,1,ZNF292,O60281,ENST00000369577,snv,1,1.0,1.0,,,1.0,1.0,1.0,0.0,8172,7203,8,38.69,37.89,0.6243269701419482,0.6214077467721782,0.0860254527655408,0.0877412189365542,612,0.0849645980841316,0.0028653295128939,1.0,0.14,0.752052123336505,6.0,7
matched,SNV_0007,SNV,control,0,SRRM2,Q9UQ35,ENST00000301740,snv_control,0,1.0,0.0,,,1.0,1.0,1.0,0.0,8259,61,15,55.61,63.93,0.6087904104613149,0.7213114754098361,0.0617508172902288,0.0,0,0.0,0.0171919770773638,1.0,0.118,0.5722262941646556,4.0,7
matched,SNV_0008,SNV,case,1,NSD1,Q96L73,ENST00000439151,snv,1,1.0,1.0,,,1.0,1.0,1.0,0.0,8091,1679,23,47.25,55.27,0.6131504140402917,0.6295413936867182,0.0836732171548634,0.080405002977963,150,0.0893388921977367,0.0372492836676217,1.0,0.095,0.5495405092925908,6.0,7
matched,SNV_0008,SNV,control,0,ITPR3,Q14573,ENST00000605930,snv_control,0,1.0,0.0,,,1.0,,1.0,0.0,8016,120,58,58.4,57.5,0.5893213572854291,0.4333333333333333,0.0441616766467065,0.0,0,0.0,0.0659025787965616,2.5541e-22,0.569,0.7900267519883978,3.0,6
matched,SNV_0009,SNV,case,1,NOTCH2,Q04721,ENST00000256646,snv,1,1.0,1.0,0.0,,1.0,1.0,1.0,1.0,7416,1440,34,53.74,55.83,0.6004584681769147,0.6166666666666667,0.058522114347357,0.0861111111111111,132,0.0916666666666666,0.0630372492836676,1.0,0.116,0.7674102569528441,7.0,8
matched,SNV_0009,SNV,control,0,MAP1B,P46821,ENST00000296755,snv_control,0,1.0,0.0,,,1.0,,0.0,0.0,7407,207,7,48.41,48.31,0.607668421763197,0.6135265700483091,0.0776292696098285,0.038647342995169,0,0.0,0.0315186246418338,1.0,0.133,0.8454990040639155,2.0,6
matched,SNV_0010,SNV,case,1,HIVEP2,P31629,ENST00000367603,snv,0,1.0,0.0,,,1.0,0.0,1.0,0.0,7341,876,10,49.19,51.37,0.5988284974799074,0.5924657534246576,0.0532624982972347,0.069634703196347,0,0.0,0.0028653295128939,1.0,0.08,0.7523448132657088,3.0,7
matched,SNV_0010,SNV,control,0,SON,P18583,ENST00000356577,snv_control,1,0.0,0.0,,,1.0,0.0,1.0,0.0,7281,111,12,48.26,39.64,0.5831616536190084,0.6216216216216216,0.0629034473286636,0.081081081081081,66,0.5945945945945946,0.0057306590257879,1.0,0.118,0.5321866296261034,3.0,7
matched,SNV_0011,SNV,case,1,CREBBP,Q92793,ENST00000262367,snv,1,1.0,1.0,0.0,,1.0,1.0,1.0,1.0,7329,2208,31,56.88,65.31,0.611679628871606,0.6019021739130435,0.0814572247237003,0.1019021739130434,621,0.28125,0.160458452722063,1.0,0.066,0.594436502706408,7.0,8
matched,SNV_0011,SNV,control,0,SPTA1,P02549,ENST00000643759,snv_control,1,0.0,1.0,,,1.0,,1.0,0.0,7260,177,52,48.64,49.15,0.5913223140495868,0.6949152542372882,0.0398071625344352,0.0451977401129943,171,0.9661016949152542,0.0429799426934097,2.6001e-18,0.491,0.9677537068447428,4.0,6
matched,SNV_0012,SNV,case,1,EP300,Q09472,ENST00000263253,snv,1,1.0,1.0,,,1.0,1.0,1.0,1.0,7245,2235,31,51.55,57.85,0.6140786749482402,0.6223713646532438,0.0657004830917874,0.0756152125279642,642,0.287248322147651,0.2063037249283667,1.0,0.099,0.5209494404626289,7.0,7
matched,SNV_0012,SNV,control,0,SPTBN2,O15020,ENST00000533211,snv_control,1,1.0,1.0,,,1.0,,1.0,0.0,7173,285,38,62.76,57.54,0.6174543426739161,0.6385964912280702,0.0303917468283842,0.0912280701754386,93,0.3263157894736842,0.0458452722063037,9.9268e-05,0.357,0.8736905439160568,5.0,6
matched,SNV_0013,SNV,case,1,RP1L1,,ENST00000710836,snv,0,,,,,,,,,7182,6482,4,62.74,62.85,0.6512113617376776,0.6535020055538414,0.1021999443052074,0.1007405121875964,0,0.0,0.0200573065902578,1.8205e-10,1.954,0.8848155512341326,0.0,1
matched,SNV_0013,SNV,control,0,WNK1,Q9H4A3,ENST00000315939,snv_control,0,1.0,0.0,0.0,,1.0,,1.0,0.0,7149,369,28,50.19,56.1,0.5963071758287872,0.6449864498644986,0.0558120016785564,0.056910569105691,0,0.0,0.0085959885386819,1.0,0.126,0.7423469928178777,3.0,7
matched,SNV_0014,SNV,case,1,PRPF8,Q6P2Q9,ENST00000634039,snv,1,1.0,1.0,,,1.0,0.0,1.0,1.0,7008,206,42,52.21,54.85,0.5886130136986302,0.5728155339805825,0.0460901826484018,0.0631067961165048,194,0.941747572815534,0.0687679083094555,1.0,0.178,0.5767270661411025,6.0,7
matched,SNV_0014,SNV,control,0,SPTB,P11277,ENST00000644917,snv_control,1,0.0,0.0,,,0.0,,0.0,0.0,6987,219,36,58.95,59.82,0.6026907113210248,0.639269406392694,0.037211965078002,0.0776255707762557,78,0.3561643835616438,0.0372492836676217,1.0,0.14,0.96317666832444,1.0,6
matched,SNV_0015,SNV,case,1,NOTCH3,Q9UM47,ENST00000263388,snv,1,1.0,1.0,0.0,,1.0,1.0,1.0,0.0,6966,1104,33,66.42,69.02,0.5858455354579386,0.6557971014492754,0.0790984783232845,0.1666666666666666,204,0.1847826086956521,0.0716332378223495,0.40757,0.322,0.9047012979954216,6.0,8
matched,SNV_0015,SNV,control,0,CACNA1E,Q15878,ENST00000367573,snv_control,0,1.0,0.0,,,1.0,,1.0,0.0,6942,594,48,54.68,62.46,0.5953615672716797,0.6060606060606061,0.0551714203399596,0.0791245791245791,0,0.0,0.0229226361031518,1.0,0.124,0.9359309790534804,3.0,6
matched,SNV_0016,SNV,case,1,ARID1A,O14497,ENST00000324856,snv,1,1.0,1.0,,,1.0,1.0,1.0,1.0,6858,1785,20,59.83,54.34,0.6396908719743365,0.6246498599439776,0.0854476523767862,0.0565826330532212,768,0.4302521008403361,0.1002865329512893,1.0,0.071,0.6004483262813832,7.0,7
matched,SNV_0016,SNV,control,0,POLE,Q07864,ENST00000320574,snv_control,1,1.0,0.0,,,0.0,1.0,1.0,1.0,6861,165,49,56.13,58.18,0.5937909925666812,0.5575757575757576,0.0451829179419909,0.0,117,0.7090909090909091,0.0544412607449856,8.0488e-27,0.64,0.8390618106725203,5.0,7
matched,SNV_0017,SNV,case,1,RP1,P56715,ENST00000220676,snv,0,1.0,0.0,,,1.0,,1.0,0.0,6471,5735,4,39.5,36.97,0.62277855045588,0.6259808195292066,0.0959666203059805,0.0974716652136006,0,0.0,0.0057306590257879,4.415e-13,0.704,0.9364700560324624,3.0,6
matched,SNV_0017,SNV,control,0,TECTA,O75443,ENST00000392793,snv_control,0,1.0,1.0,,,0.0,,1.0,0.0,6468,152,24,54.41,45.39,0.5964749536178108,0.5657894736842105,0.0587507730364873,0.0263157894736842,0,0.0,,2.9863e-16,0.58,0.7394196663920826,3.0,6
matched,SNV_0018,SNV,case,1,KAT6B,Q8WYB5,ENST00000630001,snv,0,1.0,0.0,,,1.0,1.0,1.0,0.0,6222,2609,18,48.25,51.63,0.6242365798778527,0.6055960137983902,0.0821279331404693,0.0597930241471828,0,0.0,0.0315186246418338,1.0,0.128,0.5713806295100274,4.0,7
matched,SNV_0018,SNV,control,0,TANC2,,ENST00000689528,snv_control,1,,,,,,,,,6225,2008,28,51.26,55.23,0.6081927710843373,0.6085657370517928,0.0526907630522088,0.0517928286852589,106,0.0527888446215139,,1.0,0.158,0.7979483047149185,1.0,1
matched,SNV_0019,SNV,case,1,SCN5A,Q14524,ENST00000423572,snv,1,1.0,1.0,1.0,,1.0,,1.0,1.0,6048,1289,28,57.31,58.03,0.609292328042328,0.5872769588828549,0.0534060846560846,0.0512024825446082,683,0.5298681148176881,0.1002865329512893,0.91291,0.308,0.9715692145249114,7.0,7
matched,SNV_0019,SNV,control,0,SCN1A,P35498,ENST00000674923,snv_control,1,1.0,1.0,,,1.0,,1.0,1.0,6030,1229,29,42.06,43.69,0.6200663349917082,0.5988608624898292,0.0655058043117744,0.0756712774613506,689,0.5606183889340928,0.0744985673352435,1.0,0.071,0.934363770942486,6.0,6
matched,SNV_0020,SNV,case,1,KAT6A,Q92794,ENST00000265713,snv,0,1.0,0.0,,,1.0,1.0,1.0,0.0,6015,2714,17,49.31,54.16,0.6204488778054863,0.6127487103905674,0.0713216957605985,0.0478997789240972,0,0.0,0.0458452722063037,1.0,0.069,0.5678416140993691,4.0,7
matched,SNV_0020,SNV,control,0,SMCHD1,A6NHR9,ENST00000320876,snv_control,0,0.0,0.0,,,1.0,,1.0,0.0,6018,76,48,38.73,35.53,0.6183117314722499,0.5789473684210527,0.0903954802259887,0.1578947368421052,0,0.0,0.0057306590257879,1.0,0.153,0.749640016198251,2.0,6
matched,SNV_0021,SNV,case,1,MYH9,P35579,ENST00000216181,snv,1,1.0,1.0,,,1.0,,1.0,1.0,5883,169,41,59.19,63.31,0.6071732109467959,0.5798816568047337,0.0237973822879483,0.0946745562130177,49,0.2899408284023668,0.0515759312320916,1.0,0.088,0.8573064288659175,6.0,6
matched,SNV_0021,SNV,control,0,TCF20,Q9UGU0,ENST00000574943,snv_control,1,1.0,1.0,,,1.0,0.0,1.0,0.0,5883,135,4,52.1,60.0,0.6275709671936087,0.562962962962963,0.0693523712391637,0.1185185185185185,51,0.3777777777777777,0.0085959885386819,1.0,0.095,0.6265705385742365,5.0,7
matched,SNV_0022,SNV,case,1,BRCA1,P38398,ENST00000357654,snv,1,1.0,1.0,0.0,,0.0,1.0,1.0,1.0,5592,176,23,41.22,56.25,0.6074749642346209,0.5852272727272727,0.0742131616595136,0.0511363636363636,110,0.625,0.1289398280802292,9.215699999999999e-29,0.915,0.91741549838723,6.0,8
matched,SNV_0022,SNV,control,0,TRPM7,Q96QT4,ENST00000646667,snv_control,1,1.0,1.0,,,1.0,,1.0,0.0,5598,182,39,38.42,35.71,0.6161128974633798,0.5604395604395604,0.0780635941407645,0.0439560439560439,32,0.1758241758241758,0.0257879656160458,5.2086e-16,0.558,0.6362925038864415,5.0,6
matched,SNV_0023,SNV,case,1,KIF21A,Q7Z4S6,ENST00000361418,snv,1,1.0,1.0,,,1.0,,1.0,1.0,5025,145,38,42.19,42.07,0.5982089552238806,0.6206896551724138,0.0807960199004975,0.0689655172413793,73,0.503448275862069,0.0114613180515759,2.865e-08,0.456,0.7879188377771896,6.0,6
matched,SNV_0023,SNV,control,0,CLTC,Q00610,ENST00000269122,snv_control,0,1.0,0.0,0.0,,1.0,,1.0,0.0,5028,176,32,42.24,52.27,0.5946698488464598,0.6875,0.0562848050914876,0.0909090909090909,0,0.0,0.0458452722063037,1.0,0.104,0.6756803549254428,3.0,7
matched,SNV_0024,SNV,case,1,GLI2,,ENST00000361492,snv,0,,,,,,,,,4710,2519,14,66.45,68.8,0.6063694267515923,0.6026200873362445,0.0868365180467091,0.0893211591901548,0,0.0,0.0573065902578796,0.97303,0.309,0.8800969758184566,0.0,1
matched,SNV_0024,SNV,control,0,MAST1,Q9Y2H9,ENST00000251472,snv_control,0,1.0,0.0,,,1.0,,1.0,0.0,4713,1313,26,63.57,70.45,0.6125610014852536,0.6252856054836253,0.0661998726925525,0.0883472962680883,0,0.0,0.0057306590257879,1.0,0.159,0.9554929008574328,3.0,6
matched,SNV_0025,SNV,case,1,GRIN2B,Q13224,ENST00000609686,snv,1,1.0,1.0,,,1.0,,1.0,1.0,4455,1908,14,54.1,58.44,0.5937149270482603,0.5828092243186582,0.0540965207631874,0.050314465408805,1905,0.9984276729559748,0.0601719197707736,1.0,0.061,0.9274721924309433,6.0,6
matched,SNV_0025,SNV,control,0,CUX2,O14529,ENST00000261726,snv_control,1,1.0,1.0,,,1.0,1.0,1.0,0.0,4461,853,22,63.37,61.66,0.6025554808338938,0.6307151230949589,0.0970634386908764,0.1055099648300117,67,0.0785463071512309,0.0171919770773638,1.0,0.187,0.9264334580453498,6.0,7
matched,SNV_0026,SNV,case,1,CFTR,P13569,ENST00000003084,snv,0,1.0,1.0,1.0,,1.0,0.0,1.0,1.0,4443,252,27,41.53,49.6,0.6103983794733289,0.6428571428571429,0.0735989196488858,0.0674603174603174,0,0.0,0.0630372492836676,2.1735e-58,1.307,0.9355332694426448,6.0,8
matched,SNV_0026,SNV,control,0,ADGRL1,O94910,ENST00000672190,snv_control,1,1.0,1.0,,,1.0,,1.0,0.0,4425,794,24,62.94,69.27,0.6054237288135593,0.6851385390428212,0.071864406779661,0.1486146095717884,791,0.9962216624685138,0.0057306590257879,,,0.8607904093722077,5.0,6
matched,SNV_0027,SNV,case,1,SNAP25,P60880,ENST00000254976,snv,0,1.0,1.0,,,1.0,,0.0,1.0,621,120,8,49.76,46.67,0.6006441223832528,0.5583333333333333,0.0483091787439613,0.0333333333333333,0,0.0,0.0401146131805157,0.98653,0.229,0.9625163463891326,4.0,6
matched,SNV_0027,SNV,control,0,RALA,P11233,ENST00000005257,snv_control,1,1.0,1.0,,,1.0,,1.0,1.0,621,174,5,42.03,33.91,0.5861513687600645,0.6609195402298851,0.0998389694041868,0.160919540229885,81,0.4655172413793103,0.0057306590257879,0.97289,0.269,0.6528115211144913,6.0,6
matched,SNV_0028,SNV,case,1,POGZ,Q7Z3K3,ENST00000271715,snv,1,1.0,1.0,,,1.0,1.0,1.0,1.0,4233,1714,19,51.1,52.33,0.5792582093078195,0.5554259043173863,0.0505551618237656,0.0560093348891481,562,0.3278879813302217,0.0114613180515759,1.0,0.119,0.6674179398368835,7.0,7
matched,SNV_0028,SNV,control,0,MST1R,Q04912,ENST00000296474,snv_control,1,1.0,1.0,,,1.0,,1.0,0.0,4203,307,20,59.81,60.59,0.5983821080180823,0.5407166123778502,0.0532952652866999,0.0684039087947882,118,0.3843648208469055,0.0143266475644699,7.8684e-37,1.263,0.8409015143158567,5.0,6
matched,SNV_0029,SNV,case,1,VHL,P40337,ENST00000256474,snv,1,1.0,1.0,,,1.0,,1.0,1.0,642,230,3,61.53,50.87,0.6074766355140186,0.5478260869565217,0.0202492211838006,0.0217391304347826,167,0.7260869565217392,0.0286532951289398,0.079515,0.927,0.7133568531639026,6.0,6
matched,SNV_0029,SNV,control,0,CHMP2B,Q9UQN3,ENST00000263780,snv_control,1,1.0,1.0,,,1.0,,1.0,1.0,642,162,6,38.79,40.74,0.6495327102803738,0.6111111111111112,0.0716510903426791,0.0,75,0.4629629629629629,0.0143266475644699,4.6203e-06,1.216,0.5748530371861628,6.0,6
matched,SNV_0030,SNV,case,1,CRB1,P82279,ENST00000367400,snv,1,1.0,1.0,,,1.0,,1.0,1.0,4221,267,12,45.34,53.56,0.6095711916607439,0.5580524344569289,0.0549632788438758,0.0636704119850187,39,0.146067415730337,0.0401146131805157,5.6266e-16,0.829,0.9020711773057192,6.0,6
matched,SNV_0030,SNV,control,0,YEATS2,Q9ULM3,ENST00000305135,snv_control,0,0.0,0.0,,,0.0,0.0,0.0,0.0,4269,160,31,49.19,42.5,0.6013117826188803,0.5875,0.0611384399156711,0.025,0,0.0,0.0229226361031518,0.99639,0.28,0.6399979414372918,0.0,7
matched,SNV_0031,SNV,case,1,MSH6,P52701,ENST00000234420,snv,0,1.0,1.0,0.0,,1.0,1.0,0.0,1.0,4083,133,10,44.89,37.59,0.6118050453098212,0.4962406015037593,0.0832721038452118,0.0300751879699248,19,0.1428571428571428,0.0573065902578796,3.6705e-05,0.498,0.7651806104123176,5.0,8
matched,SNV_0031,SNV,control,0,BRD4,O60885,ENST00000679869,snv_control,1,1.0,1.0,,,0.0,1.0,1.0,0.0,4089,120,20,60.75,49.17,0.6458791880655417,0.575,0.1164098801662998,0.0666666666666666,117,0.975,0.0716332378223495,1.0,0.048,0.4543581366773879,5.0,7
matched,SNV_0032,SNV,case,1,MN1,Q10571,ENST00000302326,snv,0,1.0,,,,0.0,0.0,1.0,0.0,3963,233,2,68.38,60.94,0.6404239212717638,0.575107296137339,0.1001766338632349,0.0343347639484978,0,0.0,0.0057306590257879,0.99999,0.087,0.8721329490177867,2.0,6
matched,SNV_0032,SNV,control,0,MYPN,Q86TC9,ENST00000358913,snv_control,1,1.0,1.0,,,1.0,0.0,1.0,0.0,3963,221,20,50.21,51.58,0.6202371940449155,0.6108597285067874,0.0764572293716881,0.0361990950226244,47,0.2126696832579185,0.0200573065902578,2.611e-06,0.506,0.99174554934157,5.0,7
matched,SNV_0033,SNV,case,1,EVC2,Q86UK5,ENST00000344408,snv,0,0.0,0.0,,,1.0,1.0,1.0,0.0,3927,319,22,54.93,47.02,0.6180290297937356,0.6865203761755486,0.0685001273236567,0.0971786833855799,0,0.0,0.0143266475644699,1.0207e-34,1.064,0.7677405101136625,3.0,7
matched,SNV_0033,SNV,control,0,ERBB4,Q15303,ENST00000342788,snv_control,0,1.0,0.0,1.0,,1.0,1.0,1.0,0.0,3927,497,28,46.98,48.89,0.6137000254647313,0.6016096579476862,0.0491469314998726,0.0462776659959758,0,0.0,0.0601719197707736,0.99912,0.265,0.8075523181417986,5.0,8
matched,SNV_0034,SNV,case,1,TRPS1,Q9UHF7,ENST00000395715,snv,1,1.0,1.0,1.0,,1.0,1.0,1.0,0.0,3885,1113,7,47.26,45.37,0.6072072072072072,0.6208445642407907,0.0764478764478764,0.0727762803234501,54,0.0485175202156334,0.0114613180515759,1.0,0.111,0.787462777923306,7.0,8
matched,SNV_0034,SNV,control,0,ZNF423,,ENST00000563137,snv_control,0,,,,,,,,,3879,81,8,59.35,55.56,0.568703274039701,0.4691358024691358,0.0363495746326372,0.0,0,0.0,0.0057306590257879,0.99996,0.187,0.6874444603119674,0.0,1
matched,SNV_0035,SNV,case,1,OPLAH,O14841,ENST00000618853,snv,1,1.0,1.0,,,1.0,,1.0,0.0,3867,198,27,66.67,71.21,0.5968450995603827,0.6464646464646465,0.0747349366433928,0.1464646464646464,99,0.5,0.0028653295128939,6.9736e-17,0.868,0.8921636721969244,5.0,6
matched,SNV_0035,SNV,control,0,SH3TC2,Q8TF17,ENST00000515425,snv_control,0,0.0,0.0,,,0.0,,1.0,0.0,3867,243,17,55.06,61.73,0.6188259632790277,0.6584362139917695,0.0299974140160331,0.0205761316872428,0,0.0,0.0200573065902578,8.3409e-16,0.813,0.9298560618788096,1.0,6
matched,SNV_0036,SNV,case,1,CFH,P08603,ENST00000367429,snv,1,1.0,1.0,,,1.0,,1.0,1.0,3696,254,22,39.83,39.37,0.6222943722943723,0.594488188976378,0.0608766233766233,0.0669291338582677,188,0.7401574803149606,0.0257879656160458,0.86061,0.324,0.8783034321887986,6.0,6
matched,SNV_0036,SNV,control,0,SLC4A3,P48751,ENST00000358055,snv_control,1,1.0,0.0,,,0.0,,1.0,0.0,3699,129,23,62.45,57.36,0.6017842660178426,0.4806201550387597,0.0813733441470667,0.0310077519379844,66,0.5116279069767442,,1.227e-05,0.527,0.9270485978360424,3.0,6
matched,SNV_0037,SNV,case,1,ZEB2,O60315,ENST00000627532,snv,1,1.0,1.0,0.0,,1.0,1.0,1.0,0.0,3645,629,10,46.47,52.31,0.6126200274348422,0.5914149443561209,0.0680384087791495,0.0461049284578696,110,0.1748807631160572,0.0573065902578796,1.0,0.107,0.8361655577567586,6.0,8
matched,SNV_0037,SNV,control,0,TRPM4,Q8TD43,ENST00000252826,snv_control,0,0.0,0.0,0.0,,0.0,,1.0,0.0,3645,56,25,63.51,69.64,0.6219478737997256,0.6428571428571429,0.0784636488340192,0.1785714285714285,0,0.0,0.0315186246418338,5.6531000000000005e-33,1.099,0.8416853847490616,1.0,7
matched,SNV_0038,SNV,case,1,PALB2,Q86YC2,ENST00000261584,snv,1,1.0,1.0,0.0,,1.0,0.0,0.0,1.0,3561,262,13,42.63,47.71,0.618646447627071,0.6145038167938931,0.0808761583824768,0.0343511450381679,253,0.965648854961832,0.0257879656160458,3.0379000000000004e-19,1.006,0.6796325601372778,5.0,8
matched,SNV_0038,SNV,control,0,MYT1L,Q9UL68,ENST00000647738,snv_control,0,1.0,0.0,,,0.0,1.0,1.0,0.0,3561,192,25,53.92,42.71,0.6096602078067959,0.5729166666666666,0.061780398764392,0.0833333333333333,0,0.0,0.0257879656160458,1.0,0.087,0.9247572944078112,3.0,7
matched,SNV_0039,SNV,case,1,SPR,P35270,ENST00000234454,snv,1,1.0,1.0,,,1.0,,1.0,1.0,786,242,3,63.23,55.79,0.6068702290076335,0.5702479338842975,0.0521628498727735,0.0661157024793388,89,0.3677685950413223,0.0028653295128939,0.0434,1.138,0.6811182406696292,6.0,6
matched,SNV_0039,SNV,control,0,GJB6,O95452,ENST00000647029,snv_control,1,,1.0,,,,,1.0,0.0,786,786,5,48.98,48.98,0.6297709923664122,0.6297709923664122,0.104325699745547,0.104325699745547,639,0.8129770992366412,0.0085959885386819,1.658e-07,1.739,0.9371978403724074,3.0,4
matched,SNV_0040,SNV,case,1,TEK,Q02763,ENST00000380036,snv,1,1.0,1.0,,,1.0,,0.0,0.0,3375,126,23,47.79,42.86,0.605037037037037,0.5714285714285714,0.0562962962962962,0.0,24,0.1904761904761904,0.0515759312320916,1.0,0.179,0.8477730580892597,4.0,6
matched,SNV_0040,SNV,control,0,ANLN,Q9NQW6,ENST00000265748,snv_control,1,1.0,1.0,,,1.0,0.0,1.0,0.0,3375,175,24,42.13,45.71,0.6005925925925926,0.6342857142857142,0.0764444444444444,0.0285714285714285,115,0.6571428571428571,0.0343839541547277,0.14261,0.374,0.974023190831922,5.0,7
matched,SNV_0041,SNV,case,1,CASR,P41180,ENST00000639785,snv,1,1.0,1.0,0.0,,1.0,,1.0,1.0,3237,1556,7,54.34,57.26,0.6098239110287303,0.5906169665809768,0.0531356194006796,0.0404884318766066,845,0.5430591259640103,0.0200573065902578,0.046698,0.451,0.9777185826565262,6.0,7
matched,SNV_0041,SNV,control,0,TSHZ1,Q6ZSZ6,ENST00000580243,snv_control,0,1.0,1.0,,,1.0,1.0,1.0,0.0,3234,3234,2,58.57,58.57,0.5955473098330241,0.5955473098330241,0.0538033395176252,0.0538033395176252,0,0.0,0.0028653295128939,0.9973,0.241,0.7488289016753417,5.0,7
matched,SNV_0042,SNV,case,1,RASA1,P20936,ENST00000274376,snv,0,1.0,1.0,,,0.0,,1.0,0.0,3144,135,25,43.96,41.48,0.611323155216285,0.5407407407407407,0.0852417302798982,0.1407407407407407,0,0.0,0.0372492836676217,1.0,0.129,0.6821540195958068,3.0,6
matched,SNV_0042,SNV,control,0,SUPT16H,Q9Y5B9,ENST00000216297,snv_control,1,1.0,1.0,,,1.0,1.0,1.0,0.0,3144,197,26,43.64,51.27,0.6186386768447837,0.7106598984771574,0.0642493638676844,0.0761421319796954,101,0.5126903553299492,0.0716332378223495,1.0,0.12,0.7021172854010316,6.0,7
matched,SNV_0043,SNV,case,1,CCND2,P30279,ENST00000261254,snv,1,1.0,1.0,0.0,,1.0,0.0,1.0,0.0,870,201,5,57.82,55.72,0.5724137931034483,0.5422885572139303,0.0183908045977011,0.0199004975124378,111,0.5522388059701493,0.0429799426934097,0.98658,0.229,0.78065303578139,5.0,8
matched,SNV_0043,SNV,control,0,DLX5,P56178,ENST00000648378,snv_control,1,1.0,1.0,,,0.0,1.0,1.0,1.0,870,381,3,58.51,61.15,0.6229885057471264,0.6587926509186351,0.0551724137931034,0.0787401574803149,93,0.2440944881889764,0.0429799426934097,0.21842,0.68,0.9483282750303622,6.0,7
matched,SNV_0044,SNV,case,1,NR3C2,P08235,ENST00000358102,snv,1,1.0,1.0,,,1.0,0.0,1.0,1.0,2955,207,9,47.01,57.97,0.6057529610829103,0.5990338164251208,0.0598984771573604,0.038647342995169,81,0.391304347826087,0.0171919770773638,0.83739,0.35,0.6694615361391223,6.0,7
matched,SNV_0044,SNV,control,0,ANO1,Q5XXA6,ENST00000355303,snv_control,1,1.0,1.0,,,1.0,,1.0,0.0,2961,318,26,56.26,61.32,0.5721040189125296,0.5691823899371069,0.0628166160081053,0.0440251572327044,135,0.4245283018867924,0.0257879656160458,0.87426,0.33,0.9050430568300704,5.0,6
matched,SNV_0045,SNV,case,1,TRPC6,Q9Y210,ENST00000344327,snv,0,1.0,0.0,,,1.0,,1.0,1.0,2796,203,13,43.85,39.9,0.5994277539341917,0.6995073891625616,0.0726037195994277,0.0443349753694581,0,0.0,0.0544412607449856,3.0274e-07,0.654,0.9039665263211608,4.0,6
matched,SNV_0045,SNV,control,0,KCNQ5,Q9NR82,ENST00000370398,snv_control,1,1.0,1.0,,,1.0,,1.0,0.0,2799,1014,14,50.95,49.7,0.6127188281529118,0.5956607495069034,0.0757413361914969,0.0414201183431952,117,0.1153846153846153,0.0372492836676217,0.98011,0.306,0.9280102449234322,5.0,6
matched,SNV_0046,SNV,case,1,FBXO11,Q86XK2,ENST00000403359,snv,1,1.0,1.0,,,1.0,0.0,1.0,1.0,2784,181,23,42.03,40.33,0.6174568965517241,0.574585635359116,0.0660919540229885,0.0276243093922651,79,0.43646408839779,0.0057306590257879,1.0,0.097,0.65086524588822,6.0,7
matched,SNV_0046,SNV,control,0,RB1,P06400,ENST00000267163,snv_control,1,1.0,1.0,0.0,0.0,1.0,0.0,1.0,0.0,2787,125,27,39.0,40.0,0.6092572658772875,0.576,0.0914962325080731,0.064,113,0.904,0.0573065902578796,1.0,0.126,0.8013888954585768,5.0,9
matched,SNV_0047,SNV,case,1,NKX2-5,P52952,ENST00000329198,snv,1,1.0,1.0,,,1.0,1.0,1.0,1.0,975,692,2,68.51,67.92,0.64,0.6141618497109826,0.0605128205128205,0.0722543352601156,171,0.2471098265895953,0.0945558739255014,0.94531,0.326,0.9787873294916508,7.0,7
matched,SNV_0047,SNV,control,0,ALG5,Q9Y673,ENST00000239891,snv_control,0,1.0,1.0,,,0.0,,0.0,0.0,975,167,10,43.18,38.32,0.5907692307692308,0.5868263473053892,0.0533333333333333,0.0778443113772455,0,0.0,0.0028653295128939,0.46347,0.453,0.4912033947713107,2.0,6
matched,SNV_0048,SNV,case,1,SLC4A1,P02730,ENST00000262418,snv,1,1.0,0.0,0.0,,1.0,,1.0,0.0,2736,132,20,59.47,56.82,0.60453216374269,0.6363636363636364,0.0526315789473684,0.0,63,0.4772727272727273,0.0171919770773638,0.84602,0.349,0.9879259378925008,4.0,7
matched,SNV_0048,SNV,control,0,ACTN4,O43707,ENST00000634960,snv_control,1,1.0,1.0,,,1.0,0.0,1.0,0.0,2736,210,21,60.09,62.86,0.6059941520467836,0.5476190476190477,0.035453216374269,0.0476190476190476,195,0.9285714285714286,0.0401146131805157,1.0,0.099,0.8175023864647408,5.0,7
matched,SNV_0049,SNV,case,1,WFS1,O76024,ENST00000226760,snv,1,1.0,,1.0,,1.0,,1.0,0.0,2673,1863,8,62.48,61.57,0.5948372615039281,0.581857219538379,0.0404040404040404,0.0246913580246913,672,0.3607085346215781,0.0171919770773638,1.6230999999999999e-38,1.93,0.7363510045039251,5.0,6
matched,SNV_0049,SNV,control,0,HCN1,O60741,ENST00000303230,snv_control,0,1.0,1.0,,,1.0,,1.0,0.0,2673,941,8,51.66,57.92,0.5982042648709316,0.5781083953241233,0.0722035166479611,0.0743889479277364,0,0.0,0.0114613180515759,0.99989,0.181,0.9364509174669176,4.0,6
matched,SNV_0050,SNV,case,1,SEMA6B,Q9H3T3,ENST00000586582,snv,0,1.0,0.0,,,1.0,,1.0,0.0,2667,980,17,68.95,77.55,0.6122984626921635,0.6826530612244898,0.0926134233220847,0.1285714285714285,0,0.0,0.0114613180515759,0.06227,0.462,0.8007248017405875,3.0,6
matched,SNV_0050,SNV,control,0,KMT5B,Q4FZB7,ENST00000304363,snv_control,0,1.0,0.0,,,1.0,1.0,1.0,0.0,2658,1535,11,42.55,43.78,0.6136192626034612,0.6013029315960912,0.0955605718585402,0.101628664495114,0,0.0,0.0257879656160458,,,0.5395329398270926,4.0,7
matched,SNV_0051,SNV,case,1,CNNM2,Q9H8M5,ENST00000369878,snv,1,1.0,0.0,,,1.0,,1.0,1.0,2628,261,8,57.15,50.96,0.6160578386605784,0.5172413793103449,0.0734398782343987,0.0996168582375478,93,0.3563218390804598,0.0114613180515759,0.99521,0.267,0.7000774886799882,5.0,6
matched,SNV_0051,SNV,control,0,KDM1A,O60341,ENST00000400181,snv_control,1,1.0,1.0,0.0,,1.0,0.0,1.0,1.0,2631,237,21,50.78,57.38,0.612694792854428,0.5274261603375527,0.0699353857848726,0.0928270042194092,153,0.6455696202531646,0.0945558739255014,0.99667,0.276,0.7563754749087424,6.0,8
matched,SNV_0052,SNV,case,1,RHO,P08100,ENST00000296271,snv,1,1.0,1.0,,,1.0,,1.0,1.0,1047,162,5,57.78,57.41,0.556829035339064,0.5617283950617284,0.0362941738299904,0.0246913580246913,33,0.2037037037037037,0.0487106017191977,0.00013108,1.083,0.9013891977816106,6.0,6
matched,SNV_0052,SNV,control,0,APOL4,Q9BPW4,ENST00000683024,snv_control,1,0.0,1.0,,,1.0,,1.0,0.0,1047,889,4,49.95,50.06,0.5845272206303725,0.5871766029246345,0.0697230181470869,0.0641169853768278,862,0.96962879640045,,0.0010662,1.555,0.8526695338280207,4.0,6
matched,SNV_0053,SNV,case,1,AGO2,Q9UKV8,ENST00000220592,snv,1,1.0,1.0,,,1.0,0.0,1.0,1.0,2580,160,19,56.71,58.13,0.6042635658914729,0.675,0.0573643410852713,0.0,31,0.19375,0.0458452722063037,1.0,0.106,0.5346156836887342,6.0,7
matched,SNV_0053,SNV,control,0,LRP12,Q9Y561,ENST00000276654,snv_control,0,1.0,0.0,,,1.0,,1.0,0.0,2580,918,7,43.68,45.64,0.6077519379844961,0.5904139433551199,0.0713178294573643,0.0697167755991285,0,0.0,0.0057306590257879,0.99799,0.256,0.7762529459556446,3.0,6
matched,SNV_0054,SNV,case,1,KCNB1,Q14721,ENST00000371741,snv,1,1.0,1.0,,,1.0,,1.0,1.0,2577,2061,2,55.1,52.74,0.6034148234381064,0.6147501213003397,0.0752813348855258,0.0873362445414847,1242,0.6026200873362445,0.0429799426934097,0.99977,0.125,0.8574474877154706,6.0,6
matched,SNV_0054,SNV,control,0,EEF2,P13639,ENST00000309311,snv_control,1,0.0,1.0,,,1.0,1.0,1.0,0.0,2577,245,15,60.77,62.04,0.6142801707411719,0.6326530612244898,0.0570430733410943,0.073469387755102,146,0.5959183673469388,0.0200573065902578,0.99995,0.172,0.6421658540650595,5.0,7
matched,SNV_0055,SNV,case,1,WNT1,P04628,ENST00000293549,snv,1,1.0,1.0,,,1.0,,1.0,0.0,1113,540,4,66.58,68.7,0.5750224618149147,0.5888888888888889,0.0610961365678346,0.0185185185185185,534,0.9888888888888888,0.1232091690544412,0.3263,0.603,0.917792415750198,5.0,6
matched,SNV_0055,SNV,control,0,STARD7,Q9NQZ5,ENST00000337288,snv_control,1,1.0,1.0,,,1.0,,1.0,0.0,1113,236,8,53.64,50.42,0.6424079065588499,0.5720338983050848,0.0404312668463611,0.0169491525423728,98,0.4152542372881356,,0.47179,0.485,0.596020890242125,5.0,6
matched,SNV_0056,SNV,case,1,ZNF148,Q9UQR1,ENST00000360647,snv,0,1.0,1.0,,,1.0,1.0,1.0,0.0,2385,1650,9,41.43,41.94,0.5647798742138365,0.563030303030303,0.070859538784067,0.0733333333333333,12,0.0072727272727272,0.0114613180515759,0.99997,0.103,0.5610893420599934,5.0,7
matched,SNV_0056,SNV,control,0,ALDH18A1,P54886,ENST00000371224,snv_control,0,1.0,1.0,,,1.0,,1.0,0.0,2388,233,18,51.09,49.79,0.5942211055276382,0.5665236051502146,0.0544388609715242,0.0515021459227467,0,0.0,0.0229226361031518,0.00081212,0.519,0.7309887251666335,4.0,6
matched,SNV_0057,SNV,case,1,BARD1,Q99728,ENST00000260947,snv,0,1.0,1.0,,,1.0,1.0,1.0,1.0,2334,384,11,43.92,48.18,0.5685518423307626,0.5442708333333334,0.0599828620394173,0.0234375,0,0.0,0.0343839541547277,1.3777e-24,1.358,0.8315869733659963,6.0,7
matched,SNV_0057,SNV,control,0,NR3C1,P04150,ENST00000394464,snv_control,1,1.0,1.0,0.0,,1.0,0.0,1.0,1.0,2334,204,9,44.04,34.31,0.6062553556126821,0.5931372549019608,0.1028277634961439,0.1715686274509804,75,0.3676470588235294,0.0659025787965616,0.96958,0.32,0.7128387433542999,6.0,8
matched,SNV_0058,SNV,case,1,TSHR,P16473,ENST00000298171,snv,1,1.0,1.0,,,1.0,,1.0,0.0,2295,1465,10,47.8,48.67,0.6,0.6027303754266211,0.061437908496732,0.0764505119453924,744,0.5078498293515359,0.0143266475644699,3.0447e-15,1.259,0.999227731312736,5.0,6
matched,SNV_0058,SNV,control,0,UBTF,P17480,ENST00000436088,snv_control,0,1.0,0.0,,,0.0,0.0,1.0,0.0,2295,177,21,54.6,57.63,0.6418300653594772,0.5649717514124294,0.061437908496732,0.0451977401129943,0,0.0,0.0257879656160458,1.0,0.06,0.539428570577855,2.0,7
matched,SNV_0059,SNV,case,1,SATB1,Q01826,ENST00000338745,snv,1,1.0,1.0,,,1.0,1.0,1.0,0.0,2292,564,11,49.39,51.95,0.631762652705061,0.6843971631205674,0.0571553228621291,0.0531914893617021,159,0.2819148936170212,0.0171919770773638,0.99051,0.293,0.5996451396181364,6.0,7
matched,SNV_0059,SNV,control,0,SOX5,P35711,ENST00000451604,snv_control,0,1.0,0.0,,,0.0,0.0,1.0,1.0,2292,355,15,50.52,52.68,0.6112565445026178,0.6169014084507042,0.0431937172774869,0.0338028169014084,0,0.0,0.0343839541547277,0.99995,0.188,0.8535675243990369,3.0,7
matched,SNV_0060,SNV,case,1,MFN2,O95140,ENST00000235329,snv,1,1.0,1.0,,,1.0,,1.0,1.0,2274,121,19,54.66,47.93,0.5923482849604221,0.5454545454545454,0.0351802990325417,0.0330578512396694,109,0.9008264462809916,0.0257879656160458,0.99415,0.282,0.6268529717719417,6.0,6
matched,SNV_0060,SNV,control,0,KCNC3,Q14003,ENST00000477616,snv_control,0,1.0,0.0,,,1.0,,1.0,0.0,2274,155,4,69.0,65.16,0.635004397537379,0.6516129032258065,0.1116974494283201,0.2258064516129032,0,0.0,0.0315186246418338,0.20575,0.587,0.92681521529549,3.0,6
matched,SNV_0061,SNV,case,1,MLH1,P40692,ENST00000231790,snv,1,1.0,1.0,,,1.0,0.0,1.0,1.0,2271,219,19,46.46,47.49,0.6014971378247468,0.6712328767123288,0.0673712021136063,0.0,216,0.9863013698630136,0.0573065902578796,3.41e-05,0.575,0.6354870314628441,6.0,7
matched,SNV_0061,SNV,control,0,IKBKB,O14920,ENST00000520810,snv_control,1,1.0,1.0,1.0,,1.0,0.0,1.0,1.0,2271,117,22,54.21,52.99,0.6045794804051079,0.5641025641025641,0.0559225011008366,0.0341880341880341,72,0.6153846153846154,0.0401146131805157,0.99192,0.29,0.6607833084926087,7.0,8
matched,SNV_0062,SNV,case,1,NKX2-1,P43699,ENST00000354822,snv,1,1.0,1.0,,,1.0,1.0,1.0,0.0,1206,794,3,70.73,71.41,0.6459369817578773,0.6397984886649875,0.0621890547263681,0.0503778337531486,171,0.2153652392947103,0.0487106017191977,0.35874,0.586,0.9955389723993988,6.0,7
matched,SNV_0062,SNV,control,0,GCNT2,Q8N0V5,ENST00000642698,snv_control,1,0.0,1.0,,,0.0,,0.0,0.0,1209,242,3,46.82,45.45,0.5996691480562448,0.5702479338842975,0.0901571546732837,0.0413223140495867,104,0.4297520661157025,0.0028653295128939,2.4065e-05,1.161,0.7555125357789615,2.0,6
matched,SNV_0063,SNV,case,1,NAGLU,P54802,ENST00000225927,snv,1,1.0,1.0,,,1.0,,1.0,0.0,2232,1262,6,64.61,62.44,0.6205197132616488,0.6030110935023771,0.0672043010752688,0.0625990491283676,1202,0.9524564183835182,0.0057306590257879,1.3655e-08,0.903,0.5631310375625141,5.0,6
matched,SNV_0063,SNV,control,0,KIF2A,O00139,ENST00000407818,snv_control,0,0.0,0.0,,,0.0,,1.0,0.0,2235,137,21,40.18,43.07,0.6232662192393736,0.6934306569343066,0.0778523489932885,0.1021897810218978,0,0.0,0.0171919770773638,0.99998,0.162,0.7798749958390251,1.0,6
matched,SNV_0064,SNV,case,1,TGFB3,P10600,ENST00000238682,snv,1,1.0,1.0,,,0.0,,1.0,1.0,1239,210,7,54.8,57.62,0.6045197740112994,0.5238095238095238,0.0645682001614205,0.0619047619047619,204,0.9714285714285714,0.0974212034383954,0.98727,0.27,0.8063049404826003,5.0,6
matched,SNV_0064,SNV,control,0,ALX4,Q9H161,ENST00000652299,snv_control,1,1.0,1.0,,,1.0,1.0,1.0,1.0,1236,381,4,65.37,65.88,0.6294498381877023,0.5511811023622047,0.0809061488673139,0.0787401574803149,57,0.1496062992125984,0.0200573065902578,0.35736,0.519,0.9327906968149986,7.0,7
matched,SNV_0065,SNV,case,1,YY1,P25490,ENST00000262238,snv,1,1.0,1.0,,,1.0,0.0,1.0,1.0,1245,234,5,58.39,45.73,0.6562248995983936,0.6282051282051282,0.0409638554216867,0.0897435897435897,180,0.7692307692307693,0.0830945558739255,0.9938,0.198,0.5484784343242203,6.0,7
matched,SNV_0065,SNV,control,0,TGFB2,P61812,ENST00000366930,snv_control,1,1.0,1.0,,,1.0,,1.0,1.0,1245,210,7,47.79,42.38,0.5879518072289157,0.5619047619047619,0.0538152610441767,0.019047619047619,204,0.9714285714285714,0.0744985673352435,0.99905,0.148,0.7958202411419432,6.0,6
matched,SNV_0066,SNV,case,1,LRSAM1,Q6UWE0,ENST00000300417,snv,1,1.0,0.0,0.0,,0.0,,1.0,1.0,2172,177,26,56.49,65.54,0.5787292817679558,0.6271186440677966,0.0377532228360957,0.0,129,0.7288135593220338,0.0171919770773638,3.1008e-13,0.754,0.5566000298783976,4.0,7
matched,SNV_0066,SNV,control,0,EHHADH,Q08426,ENST00000231887,snv_control,1,1.0,1.0,,,1.0,,1.0,0.0,2172,1313,7,47.56,45.85,0.6091160220994475,0.6321401370906321,0.0653775322283609,0.0822543792840822,1119,0.8522467631378522,0.0114613180515759,5.2377e-10,0.972,0.9365787382212676,5.0,6
matched,SNV_0067,SNV,case,1,C1S,P09871,ENST00000360817,snv,1,1.0,1.0,,,1.0,,1.0,1.0,2067,848,12,48.43,52.12,0.6013546202225447,0.5931603773584906,0.0730527334300919,0.0860849056603773,734,0.8655660377358491,0.0143266475644699,0.00067654,0.596,0.7910954517315001,6.0,6
matched,SNV_0067,SNV,control,0,COL9A2,Q14055,ENST00000372748,snv_control,1,1.0,1.0,,,0.0,,1.0,0.0,2070,251,32,68.26,68.92,0.6811594202898551,0.6573705179282868,0.1217391304347826,0.1354581673306772,158,0.6294820717131474,0.0343839541547277,1.0453e-08,0.636,0.908726868681514,4.0,6
matched,SNV_0068,SNV,case,1,SLC3A1,Q07837,ENST00000260649,snv,1,1.0,0.0,,,0.0,,1.0,1.0,2058,492,10,44.41,41.67,0.597667638483965,0.5752032520325203,0.0602526724975704,0.0508130081300813,126,0.2560975609756097,0.0028653295128939,7.2168e-27,1.623,0.931751768385486,4.0,6
matched,SNV_0068,SNV,control,0,DLL4,Q9NR61,ENST00000249749,snv_control,0,0.0,0.0,,,0.0,,0.0,0.0,2058,57,11,60.79,42.11,0.619533527696793,0.7543859649122807,0.0563654033041788,0.0,0,0.0,0.0458452722063037,0.99982,0.188,0.7984009267369446,0.0,6
matched,SNV_0069,SNV,case,1,TP63,Q9H3D4,ENST00000264731,snv,1,1.0,1.0,0.0,0.0,1.0,1.0,1.0,1.0,2043,348,14,52.47,54.89,0.5893294175232501,0.5517241379310345,0.0592266275085658,0.0833333333333333,117,0.3362068965517241,0.0286532951289398,0.99728,0.267,0.9576900220681968,7.0,9
matched,SNV_0069,SNV,control,0,COL10A1,Q03692,ENST00000651968,snv_control,1,1.0,1.0,,,,,1.0,0.0,2043,1940,3,56.24,56.8,0.6872246696035242,0.6891752577319588,0.0959373470386686,0.0943298969072164,678,0.3494845360824742,0.0401146131805157,2.9839e-05,0.945,0.9224602833322456,4.0,5
matched,SNV_0070,SNV,case,1,ZIC1,Q15915,ENST00000282928,snv,1,1.0,1.0,,,0.0,0.0,1.0,0.0,1344,249,3,63.69,59.04,0.6130952380952381,0.6506024096385542,0.0483630952380952,0.0160642570281124,57,0.2289156626506024,0.0343839541547277,0.93378,0.364,0.98569277013344,4.0,7
matched,SNV_0070,SNV,control,0,SLC52A1,Q9NWF4,ENST00000254853,snv_control,1,0.0,1.0,,,0.0,,1.0,0.0,1347,264,5,62.51,62.12,0.6577579806978471,0.6742424242424242,0.0682999257609502,0.0946969696969697,231,0.875,0.0028653295128939,3.5163e-06,1.506,0.938517167028084,3.0,6
matched,SNV_0071,SNV,case,1,EDAR,Q9UNE0,ENST00000258443,snv,1,1.0,0.0,,,1.0,,1.0,0.0,1347,374,12,59.02,56.68,0.579064587973274,0.5133689839572193,0.0623608017817371,0.0721925133689839,222,0.5935828877005348,0.0143266475644699,1.3242e-06,0.906,0.9382672879321612,4.0,6
matched,SNV_0071,SNV,control,0,TUBA4A,P68366,ENST00000248437,snv_control,1,1.0,1.0,,,1.0,,1.0,1.0,1347,1023,4,56.87,57.58,0.5671863400148478,0.5620723362658846,0.0430586488492947,0.0361681329423264,705,0.6891495601173021,0.0114613180515759,0.15983,0.62,0.8071200455308273,6.0,6
matched,SNV_0072,SNV,case,1,RARB,P10826,ENST00000330688,snv,1,1.0,1.0,,,0.0,1.0,1.0,1.0,1347,248,8,47.74,45.56,0.5827765404602822,0.6330645161290323,0.0497401633259094,0.0806451612903225,77,0.3104838709677419,0.0343839541547277,0.99983,0.12,0.75892009480569,6.0,7
matched,SNV_0072,SNV,control,0,FBLN5,Q9UBX5,ENST00000342058,snv_control,1,0.0,0.0,,,1.0,,0.0,0.0,1347,213,11,53.01,51.64,0.5723830734966593,0.5539906103286385,0.0556792873051225,0.0938967136150234,201,0.943661971830986,0.0257879656160458,0.9997,0.172,0.930378522471785,2.0,6
matched,SNV_0073,SNV,case,1,ODC1,P11926,ENST00000234111,snv,0,1.0,0.0,,,0.0,,1.0,1.0,1386,196,12,46.83,55.61,0.5800865800865801,0.6071428571428571,0.0519480519480519,0.0204081632653061,0,0.0,0.0057306590257879,0.16966,0.543,0.8436349397402233,3.0,6
matched,SNV_0073,SNV,control,0,CREB3L3,Q68CJ9,ENST00000078445,snv_control,0,1.0,0.0,,,0.0,0.0,1.0,0.0,1386,365,10,60.75,65.48,0.601010101010101,0.6465753424657534,0.0916305916305916,0.1095890410958904,0,0.0,0.0114613180515759,8.0596e-14,1.469,0.9591506680529432,2.0,7
matched,SNV_0074,SNV,case,1,SLCO2A1,Q92959,ENST00000310926,snv,1,0.0,1.0,,,0.0,,0.0,0.0,1932,169,14,56.37,59.76,0.6200828157349897,0.5857988165680473,0.046583850931677,0.0473372781065088,43,0.2544378698224852,,2.2804e-13,1.053,0.8997501104582705,2.0,6
matched,SNV_0074,SNV,control,0,KNG1,P01042,ENST00000644859,snv_control,0,1.0,1.0,1.0,,1.0,,1.0,1.0,1935,861,10,45.22,44.83,0.6335917312661499,0.6585365853658537,0.0770025839793281,0.1022067363530778,6,0.0069686411149825,0.0372492836676217,3.2071e-10,0.922,0.9718685665573434,6.0,7
matched,SNV_0075,SNV,case,1,HNRNPR,O43390,ENST00000634713,snv,0,1.0,0.0,,,1.0,1.0,1.0,0.0,1911,664,11,46.68,53.31,0.6373626373626373,0.6430722891566265,0.0795395081109366,0.0888554216867469,0,0.0,0.0257879656160458,0.99935,0.21,0.6370409941458062,4.0,7
matched,SNV_0075,SNV,control,0,SYK,P43405,ENST00000375754,snv_control,1,1.0,1.0,,,1.0,,0.0,1.0,1908,124,14,52.31,50.0,0.6174004192872118,0.6290322580645161,0.0655136268343815,0.032258064516129,85,0.6854838709677419,0.0429799426934097,0.99986,0.185,0.907733702749219,5.0,6
matched,SNV_0076,SNV,case,1,PPOX,P50336,ENST00000367999,snv,1,1.0,1.0,,,1.0,,1.0,0.0,1434,194,13,59.27,52.06,0.5760111576011158,0.5824742268041238,0.0613668061366806,0.0670103092783505,173,0.8917525773195877,0.0028653295128939,0.02829,0.573,0.5839875954321798,5.0,6
matched,SNV_0076,SNV,control,0,ADRB1,P08588,ENST00000369295,snv_control,1,1.0,1.0,,,1.0,,1.0,1.0,1434,1434,1,71.83,71.83,0.6596931659693166,0.6596931659693166,0.0578800557880055,0.0578800557880055,909,0.6338912133891214,0.0171919770773638,2.8786e-06,1.542,0.8962837073477004,6.0,6
matched,SNV_0077,SNV,case,1,F2,P00734,ENST00000311907,snv,1,1.0,1.0,,,1.0,,1.0,1.0,1869,195,14,59.12,50.77,0.593900481540931,0.6153846153846154,0.0460139111824505,0.0871794871794871,165,0.8461538461538461,0.0372492836676217,0.0011118,0.536,0.9744995434478384,6.0,6
matched,SNV_0077,SNV,control,0,PRLR,P16471,ENST00000618457,snv_control,0,1.0,0.0,1.0,,1.0,,1.0,0.0,1869,1065,10,48.64,49.86,0.6078116639914393,0.6150234741784038,0.0700909577314071,0.0835680751173709,0,0.0,0.0085959885386819,0.98732,0.293,0.940443530386829,4.0,7
matched,SNV_0078,SNV,case,1,PPM1D,O15297,ENST00000305921,snv,0,1.0,0.0,,,1.0,1.0,1.0,0.0,1818,609,6,51.21,43.84,0.6325632563256326,0.6683087027914614,0.0599559955995599,0.0886699507389162,0,0.0,0.0200573065902578,2.2321e-11,1.096,0.7148485484336485,4.0,7
matched,SNV_0078,SNV,control,0,NFE2L2,Q16236,ENST00000397062,snv_control,1,1.0,1.0,0.0,,1.0,1.0,1.0,0.0,1818,1275,5,43.07,41.57,0.5803080308030804,0.5952941176470589,0.0962596259625962,0.112156862745098,273,0.2141176470588235,0.0315186246418338,0.0035719,0.663,0.6713788667833748,6.0,8
matched,SNV_0079,SNV,case,1,SERPING1,P05155,ENST00000278407,snv,1,1.0,1.0,,,1.0,,1.0,1.0,1503,305,8,53.43,55.08,0.6420492348636061,0.6131147540983607,0.0578842315369261,0.0557377049180327,296,0.9704918032786886,0.0229226361031518,0.96351,0.322,0.7407554303483027,6.0,6
matched,SNV_0079,SNV,control,0,SLC16A1,P53985,ENST00000628110,snv_control,0,1.0,1.0,,,1.0,,1.0,0.0,1503,326,5,46.44,46.32,0.6320691949434465,0.6349693251533742,0.0505655355954757,0.0644171779141104,14,0.0429447852760736,0.0028653295128939,0.00073565,0.821,0.7811258805278336,4.0,6
matched,SNV_0080,SNV,case,1,ACVRL1,P37023,ENST00000388922,snv,1,1.0,1.0,,,0.0,,1.0,1.0,1512,186,10,61.31,55.38,0.5793650793650794,0.6290322580645161,0.0562169312169312,0.0806451612903225,138,0.7419354838709677,0.0315186246418338,0.00096719,0.692,0.8721524343396578,5.0,6
matched,SNV_0080,SNV,control,0,TGFBR1,P36897,ENST00000374994,snv_control,1,1.0,1.0,,,1.0,,1.0,1.0,1512,177,9,44.78,41.24,0.6025132275132276,0.6271186440677966,0.0502645502645502,0.0677966101694915,132,0.7457627118644068,0.0773638968481375,0.85379,0.383,0.8149150555343961,6.0,6
matched,SNV_0081,SNV,case,1,STXBP1,P61764,ENST00000373299,snv,1,1.0,1.0,,,1.0,,1.0,0.0,1785,134,19,52.94,49.25,0.5871148459383754,0.5970149253731343,0.0616246498599439,0.0597014925373134,89,0.664179104477612,0.0458452722063037,1.0,0.086,0.9155788419601012,5.0,6
matched,SNV_0081,SNV,control,0,NOP56,O00567,ENST00000329276,snv_control,0,1.0,0.0,,,1.0,1.0,1.0,0.0,1785,417,12,51.6,47.96,0.6274509803921569,0.7218225419664268,0.0633053221288515,0.1127098321342925,0,0.0,0.0315186246418338,0.62098,0.404,0.6795762885991379,4.0,7
matched,SNV_0082,SNV,case,1,EPOR,P19235,ENST00000222139,snv,0,1.0,0.0,,,1.0,,1.0,1.0,1527,663,8,64.44,60.78,0.6051080550098232,0.6108597285067874,0.0753110674525212,0.0950226244343891,0,0.0,0.0229226361031518,0.0101,0.652,0.9294577335768076,4.0,6
matched,SNV_0082,SNV,control,0,MMP19,Q99542,ENST00000322569,snv_control,1,1.0,1.0,,,0.0,,1.0,0.0,1527,390,9,55.8,52.56,0.6155861165684349,0.5974358974358974,0.0589390962671905,0.041025641025641,270,0.6923076923076923,,1.9975e-20,1.467,0.9249707564499184,4.0,6
matched,SNV_0083,SNV,case,1,FH,P07954,ENST00000366560,snv,1,1.0,1.0,,,1.0,0.0,1.0,1.0,1533,194,10,45.99,43.3,0.5805609915198956,0.5670103092783505,0.0652315720808871,0.0463917525773195,159,0.8195876288659794,0.0200573065902578,0.08824,0.544,0.5949981474346508,6.0,7
matched,SNV_0083,SNV,control,0,ARCN1,P48444,ENST00000264028,snv_control,1,1.0,1.0,,,1.0,,0.0,0.0,1536,141,10,44.4,41.13,0.5944010416666666,0.5957446808510638,0.0729166666666666,0.0921985815602836,108,0.7659574468085106,0.0200573065902578,0.99997,0.101,0.6788582238838344,4.0,6
matched,SNV_0084,SNV,case,1,SMARCD1,Q96GM5,ENST00000394963,snv,0,1.0,0.0,,,1.0,0.0,1.0,1.0,1548,105,13,53.62,53.33,0.5975452196382429,0.6476190476190476,0.0574935400516795,0.0,0,0.0,0.0458452722063037,0.99947,0.206,0.5342432320363005,4.0,7
matched,SNV_0084,SNV,control,0,FAR1,Q8WVX9,ENST00000354817,snv_control,0,1.0,1.0,,,1.0,,1.0,0.0,1548,214,12,40.44,39.25,0.6136950904392765,0.5,0.0568475452196382,0.0841121495327102,10,0.0467289719626168,,0.98504,0.299,0.6287578851267077,4.0,6
matched,SNV_0085,SNV,case,1,TGFBR2,P37173,ENST00000295754,snv,1,1.0,1.0,,,1.0,,1.0,1.0,1704,231,7,52.41,57.58,0.5733568075117371,0.5670995670995671,0.0352112676056338,0.0173160173160173,138,0.5974025974025974,0.0744985673352435,0.12535,0.519,0.7609918217400896,6.0,6
matched,SNV_0085,SNV,control,0,TRAF3,Q13114,ENST00000392745,snv_control,1,1.0,1.0,0.0,,1.0,,1.0,1.0,1707,623,12,51.85,54.09,0.5758640890451083,0.5762439807383628,0.0656121851200937,0.0690208667736757,360,0.5778491171749599,0.0171919770773638,0.99869,0.224,0.8370313732543891,6.0,7
matched,SNV_0086,SNV,case,1,LGI1,O95970,ENST00000371418,snv,1,1.0,1.0,,,1.0,,0.0,1.0,1674,887,8,39.96,39.57,0.6248506571087217,0.6200676437429538,0.0854241338112305,0.060879368658399,791,0.8917700112739572,0.0257879656160458,0.99914,0.191,0.8947602205259692,5.0,6
matched,SNV_0086,SNV,control,0,HNF1B,P35680,ENST00000610754,snv_control,1,0.0,1.0,,,1.0,0.0,1.0,0.0,1674,72,9,58.42,45.83,0.6314217443249701,0.4861111111111111,0.0675029868578255,0.0,48,0.6666666666666666,0.0343839541547277,0.99976,0.168,0.943050086209778,4.0,7
matched,SNV_0087,SNV,case,1,NARS1,O43776,ENST00000256854,snv,1,1.0,1.0,,,1.0,,0.0,1.0,1647,183,14,45.84,46.45,0.5950212507589556,0.6120218579234973,0.066180935033394,0.087431693989071,159,0.8688524590163934,0.0057306590257879,,,0.6189661366680377,5.0,6
matched,SNV_0087,SNV,control,0,ERF,P50548,ENST00000222329,snv_control,0,1.0,1.0,,,1.0,1.0,1.0,1.0,1647,1325,4,65.7,67.7,0.6272009714632666,0.6203773584905661,0.1402550091074681,0.1524528301886792,0,0.0,,0.98968,0.261,0.5692735630522594,6.0,7
random,FS_0001,FS,case,1,APOB,,ENST00000707961,fs,1,,,,,,,,,13692,1656,29,43.34,39.98,0.6125474729769208,0.626207729468599,0.0642711072158924,0.0664251207729468,168,0.1014492753623188,0.0489130434782608,1.9234e-16,0.461,0.9704626348087624,1.0,1
random,FS_0001,FS,control,0,SREBF1,P36956,ENST00000261646,fs_control,0,1.0,0.0,0.0,,1.0,1.0,1.0,0.0,3444,137,19,65.24,78.1,0.6106271777003485,0.635036496350365,0.0754936120789779,0.0948905109489051,0,0.0,0.0516304347826086,0.014708,0.45,0.8257534475339722,4.0,8
random,FS_0002,FS,case,1,ARID1A,O14497,ENST00000324856,fs,1,1.0,1.0,,,1.0,1.0,1.0,1.0,6858,1834,20,59.83,54.53,0.6396908719743365,0.623773173391494,0.0854476523767862,0.0523446019629225,768,0.4187568157033806,0.0760869565217391,1.0,0.071,0.6004483262813832,7.0,7
random,FS_0002,FS,control,0,ATP1A1,P05023,ENST00000295598,fs_control,1,1.0,1.0,,,1.0,,1.0,0.0,3072,1465,23,49.64,51.54,0.5960286458333334,0.5945392491467577,0.064453125,0.0423208191126279,634,0.4327645051194539,0.0380434782608695,1.0,0.121,0.7186263125831132,5.0,6
random,FS_0003,FS,case,1,AUTS2,Q8WXX7,ENST00000342771,fs,1,1.0,1.0,,,1.0,1.0,1.0,0.0,3780,1051,19,61.38,64.8,0.6298941798941798,0.6137012369172217,0.0833333333333333,0.0561370123691722,120,0.1141769743101807,0.0081521739130434,0.99934,0.253,0.6768557349672472,6.0,7
random,FS_0003,FS,control,0,TMEM43,Q9BTV4,ENST00000306077,fs_control,1,0.0,1.0,,,1.0,1.0,1.0,0.0,1203,531,12,55.53,54.61,0.6259351620947631,0.5875706214689266,0.0748129675810473,0.0998116760828625,531,1.0,0.0244565217391304,1.1608e-12,1.276,0.7138330599841092,5.0,7
random,FS_0004,FS,case,1,BARD1,Q99728,ENST00000260947,fs,0,1.0,1.0,,,1.0,1.0,1.0,1.0,2334,391,11,43.92,47.06,0.5685518423307626,0.5703324808184144,0.0599828620394173,0.0434782608695652,0,0.0,0.0271739130434782,1.3777e-24,1.358,0.8315869733659963,6.0,7
random,FS_0004,FS,control,0,WNK4,Q96J92,ENST00000246914,fs_control,1,1.0,0.0,1.0,,1.0,,1.0,1.0,3732,1831,19,61.84,59.2,0.6229903536977492,0.6297105406881486,0.0959271168274383,0.1141452758055707,219,0.119606772255598,0.0163043478260869,6.8806000000000005e-25,1.049,0.9462047566034216,6.0,7
random,FS_0005,FS,case,1,BCL11B,Q9C0K0,ENST00000357195,fs,1,1.0,1.0,,,1.0,1.0,1.0,0.0,2685,682,4,68.79,69.21,0.6093109869646183,0.5718475073313783,0.0614525139664804,0.0425219941348973,210,0.3079178885630498,0.0353260869565217,0.98881,0.282,0.8928316712782485,6.0,7
random,FS_0005,FS,control,0,TMEM127,O75204,ENST00000258439,fs_control,1,0.0,,,,1.0,,1.0,0.0,717,379,4,61.79,55.67,0.6094839609483961,0.6015831134564644,0.0376569037656903,0.0343007915567282,289,0.762532981530343,0.0081521739130434,0.012865,1.154,0.4114992185367273,3.0,5
random,FS_0006,FS,case,1,BPTF,Q12830,ENST00000306378,fs,1,1.0,1.0,0.0,,1.0,1.0,1.0,1.0,8763,90,28,45.65,40.0,0.6226178249457949,0.5333333333333333,0.0801095515234508,0.0888888888888888,47,0.5222222222222223,0.0760869565217391,1.0,0.099,0.6207705677950959,7.0,8
random,FS_0006,FS,control,0,TUBB1,Q9H4B7,ENST00000217133,fs_control,1,1.0,1.0,,,1.0,,1.0,0.0,1356,1135,4,55.68,56.04,0.5899705014749262,0.5859030837004405,0.0523598820058997,0.0555066079295154,814,0.7171806167400882,0.0135869565217391,1.0217e-07,1.352,0.9729619288038728,5.0,6
random,FS_0007,FS,case,1,BRCA1,P38398,ENST00000357654,fs,1,1.0,1.0,0.0,,1.0,1.0,1.0,1.0,5592,233,23,41.22,53.22,0.6074749642346209,0.575107296137339,0.0742131616595136,0.0,233,1.0,0.1114130434782608,9.215699999999999e-29,0.915,0.91741549838723,7.0,8
random,FS_0007,FS,control,0,SIN3A,Q96ST3,ENST00000394947,fs_control,1,0.0,1.0,,,1.0,0.0,1.0,0.0,3822,255,21,48.74,54.51,0.6083202511773941,0.5882352941176471,0.0546834118262689,0.0470588235294117,39,0.1529411764705882,0.0679347826086956,1.0,0.07,0.5197761551504059,4.0,7
random,FS_0008,FS,case,1,CACNA1A,O00555,ENST00000360228,fs,0,1.0,0.0,,,1.0,,1.0,0.0,7521,688,47,59.65,74.27,0.6263794708150512,0.688953488372093,0.078978859194256,0.129360465116279,0,0.0,0.0516304347826086,1.0,0.134,0.9763424528844012,3.0,6
random,FS_0008,FS,control,0,MMP13,P45452,ENST00000260302,fs_control,1,1.0,1.0,,,0.0,,0.0,1.0,1416,81,10,44.77,33.33,0.6214689265536724,0.6296296296296297,0.0783898305084745,0.1234567901234567,75,0.925925925925926,0.0353260869565217,7.8767e-18,1.524,0.979136065763328,4.0,6
random,FS_0009,FS,case,1,CAPN3,P20807,ENST00000397163,fs,1,1.0,1.0,,,1.0,,0.0,1.0,2466,209,24,52.64,47.37,0.5847526358475263,0.5406698564593302,0.0604217356042173,0.0382775119617224,170,0.8133971291866029,0.0108695652173913,3.5865e-19,0.965,0.8876214848675705,5.0,6
random,FS_0009,FS,control,0,TWNK,Q96RR1,ENST00000311916,fs_control,1,1.0,0.0,,,1.0,,1.0,0.0,2055,263,5,55.09,52.47,0.5868613138686132,0.596958174904943,0.0763990267639902,0.0380228136882129,36,0.1368821292775665,0.0163043478260869,,,0.7620640402624161,4.0,6
random,FS_0010,FS,case,1,CASR,P41180,ENST00000639785,fs,1,1.0,1.0,1.0,,1.0,,1.0,1.0,3237,1637,7,54.34,57.79,0.6098239110287303,0.5986560781918143,0.0531356194006796,0.0415394013439218,918,0.5607819181429444,0.029891304347826,0.046698,0.451,0.9777185826565262,7.0,7
random,FS_0010,FS,control,0,KLHL24,Q6TFL4,ENST00000242810,fs_control,1,0.0,1.0,,,1.0,,0.0,0.0,1803,301,8,42.54,44.52,0.5740432612312812,0.5348837209302325,0.0637825845812534,0.0531561461794019,152,0.5049833887043189,0.0027173913043478,0.0016745,0.65,0.5270409086893303,3.0,6
random,FS_0011,FS,case,1,CELF2,,ENST00000633077,fs,1,,,,,,,,,1566,370,13,52.81,53.51,0.5810983397190294,0.6135135135135135,0.0472541507024265,0.0351351351351351,178,0.4810810810810811,0.0081521739130434,0.99965,0.174,0.7401038850936863,1.0,1
random,FS_0011,FS,control,0,PPP1R12A,O14974,ENST00000450142,fs_control,1,1.0,1.0,0.0,,1.0,,1.0,1.0,3093,162,25,42.0,41.36,0.61332040090527,0.6419753086419753,0.078564500484966,0.1358024691358024,162,1.0,0.0135869565217391,1.0,0.13,0.7564154437638758,6.0,7
random,FS_0012,FS,case,1,CFTR,P13569,ENST00000003084,fs,0,1.0,1.0,1.0,,1.0,0.0,1.0,1.0,4443,205,27,41.53,50.24,0.6103983794733289,0.6195121951219512,0.0735989196488858,0.0829268292682926,0,0.0,0.0733695652173913,2.1735e-58,1.307,0.9355332694426448,6.0,8
random,FS_0012,FS,control,0,ALB,P02768,ENST00000295897,fs_control,1,1.0,1.0,,,1.0,,0.0,1.0,1830,138,14,42.95,46.38,0.6377049180327868,0.6159420289855072,0.0852459016393442,0.1014492753623188,110,0.7971014492753623,0.1983695652173913,0.64329,0.387,0.9780262459291212,5.0,6
random,FS_0013,FS,case,1,CLCN1,P35523,ENST00000343257,fs,0,1.0,0.0,,,1.0,,1.0,1.0,2967,508,23,55.81,61.22,0.6110549376474553,0.6259842519685039,0.0684192787327266,0.1200787401574803,0,0.0,0.0217391304347826,3.2501e-20,0.994,0.9856117524179188,4.0,6
random,FS_0013,FS,control,0,DSC2,Q02487,ENST00000280904,fs_control,1,1.0,1.0,,,1.0,,1.0,0.0,2706,383,16,43.02,49.87,0.6130820399113082,0.6031331592689295,0.08130081300813,0.0966057441253263,143,0.3733681462140992,0.0380434782608695,5.1749e-08,0.689,0.9557419418639144,5.0,6
random,FS_0014,FS,case,1,COL12A1,Q99715,ENST00000322507,fs,1,1.0,1.0,,,1.0,,1.0,0.0,9192,4475,66,46.63,48.8,0.6102045256744996,0.5946368715083798,0.064621409921671,0.0545251396648044,3137,0.7010055865921788,0.0353260869565217,0.97361,0.282,0.9271612844620226,5.0,6
random,FS_0014,FS,control,0,NDNF,Q8TB73,ENST00000379692,fs_control,1,1.0,1.0,,,1.0,,1.0,0.0,1707,1447,4,44.93,44.92,0.5916813122437024,0.5998617829993089,0.0679554774458113,0.0697995853489979,1204,0.8320663441603318,0.0054347826086956,0.38029,0.512,0.9371333216748924,5.0,6
random,FS_0015,FS,case,1,COL2A1,P02458,ENST00000380518,fs,1,1.0,1.0,,,1.0,,1.0,0.0,4464,229,54,63.4,55.9,0.6373207885304659,0.4978165938864629,0.082437275985663,0.0349344978165938,229,1.0,0.0652173913043478,1.0,0.134,0.9563499210426892,5.0,6
random,FS_0015,FS,control,0,RPL15,P61313,ENST00000307839,fs_control,1,1.0,1.0,,,1.0,,1.0,0.0,615,316,4,53.98,48.73,0.6113821138211382,0.6392405063291139,0.0357723577235772,0.0443037974683544,316,1.0,0.0217391304347826,0.97146,0.272,0.6589645849399552,5.0,6
random,FS_0016,FS,case,1,COL3A1,,ENST00000708566,fs,1,,,,,,,,,4401,198,51,56.9,43.94,0.6255396500795274,0.5858585858585859,0.0658941149738695,0.0656565656565656,192,0.9696969696969696,0.0652173913043478,1.0,0.098,0.894625379304126,1.0,1
random,FS_0016,FS,control,0,ADCY5,O95622,ENST00000462833,fs_control,1,1.0,1.0,,,1.0,,1.0,1.0,3786,1841,21,62.63,58.45,0.5792393026941363,0.5420966865833786,0.0530903328050713,0.0363932645301466,797,0.4329168929929386,0.0353260869565217,0.99928,0.254,0.8273862016461193,6.0,6
random,FS_0017,FS,case,1,COL5A1,P20908,ENST00000371817,fs,1,1.0,1.0,1.0,,1.0,,1.0,0.0,5517,2787,66,64.38,66.06,0.6733732100779409,0.6860423394330821,0.1152800435019032,0.131324004305705,868,0.3114459992823825,0.0489130434782608,1.0,0.055,0.8905803158853768,6.0,7
random,FS_0017,FS,control,0,TBX5,Q99593,ENST00000405440,fs_control,0,1.0,0.0,,,1.0,1.0,1.0,0.0,1557,531,9,55.56,58.76,0.5921644187540142,0.6195856873822976,0.0667951188182402,0.0564971751412429,0,0.0,0.0489130434782608,0.99954,0.135,0.974067016164458,4.0,7
random,FS_0018,FS,case,1,COMP,P49747,ENST00000222271,fs,1,1.0,1.0,,,,,1.0,1.0,2274,1028,19,64.03,60.31,0.575197889182058,0.566147859922179,0.0576077396657871,0.0389105058365758,880,0.8560311284046692,0.0271739130434782,1.3462e-09,0.765,0.9813115249061096,5.0,5
random,FS_0018,FS,control,0,ATP2A2,P16615,ENST00000539276,fs_control,1,1.0,1.0,,,1.0,,0.0,0.0,3129,346,20,48.61,55.2,0.5953978906999041,0.5144508670520231,0.0527325023969319,0.0520231213872832,212,0.6127167630057804,0.0570652173913043,0.99945,0.246,0.9087594433197936,4.0,6
random,FS_0019,FS,case,1,CPT2,P23786,ENST00000371486,fs,1,1.0,1.0,,,1.0,,1.0,0.0,1977,363,5,52.81,54.27,0.6059686393525544,0.6391184573002755,0.0703085483055134,0.024793388429752,341,0.9393939393939394,0.0135869565217391,4.598e-10,1.172,0.7075024711329804,5.0,6
random,FS_0019,FS,control,0,CDK13,Q14004,ENST00000181839,fs_control,0,1.0,0.0,,,1.0,1.0,1.0,0.0,4539,730,14,52.19,49.18,0.633399427186605,0.5356164383561643,0.074245428508482,0.0328767123287671,0,0.0,0.0135869565217391,0.90753,0.324,0.5472628635624418,4.0,7
random,FS_0020,FS,case,1,CRB1,P82279,ENST00000367400,fs,1,1.0,1.0,,,1.0,,1.0,1.0,4221,239,12,45.34,50.21,0.6095711916607439,0.5648535564853556,0.0549632788438758,0.0334728033472803,93,0.3891213389121339,0.046195652173913,5.6266e-16,0.829,0.9020711773057192,6.0,6
random,FS_0020,FS,control,0,PROK2,Q9HC23,ENST00000295619,fs_control,1,1.0,1.0,,,,,1.0,1.0,390,153,4,52.82,43.79,0.676923076923077,0.7320261437908496,0.1128205128205128,0.1568627450980392,153,1.0,0.0081521739130434,0.013828,1.645,0.9940968697600602,5.0,5
random,FS_0021,FS,case,1,CREBBP,Q92793,ENST00000262367,fs,1,1.0,1.0,0.0,,1.0,1.0,1.0,1.0,7329,2225,31,56.88,65.66,0.611679628871606,0.6049438202247192,0.0814572247237003,0.0957303370786516,643,0.2889887640449438,0.1494565217391304,1.0,0.066,0.594436502706408,7.0,8
random,FS_0021,FS,control,0,EVC,P57679,ENST00000264956,fs_control,0,1.0,,,,0.0,,1.0,0.0,2979,145,21,59.08,59.31,0.6176569318563276,0.6551724137931034,0.0637797918764686,0.2275862068965517,0,0.0,0.0081521739130434,3.4620000000000003e-25,1.064,0.7929095800645476,2.0,5
random,FS_0022,FS,case,1,CXCR4,P61073,ENST00000241393,fs,1,1.0,1.0,,,1.0,,1.0,1.0,1059,533,2,50.33,51.22,0.5986779981114259,0.6303939962476548,0.0339943342776204,0.0225140712945591,443,0.8311444652908068,0.0788043478260869,0.017804,1.052,0.967737385144853,6.0,6
random,FS_0022,FS,control,0,SCNN1A,P37088,ENST00000228916,fs_control,1,1.0,1.0,1.0,,1.0,,1.0,1.0,2010,379,13,58.66,55.41,0.5935323383084578,0.5699208443271768,0.0681592039800995,0.0343007915567282,276,0.7282321899736148,0.0326086956521739,1.0835e-11,0.912,0.8472011505360311,7.0,7
random,FS_0023,FS,case,1,DAGLA,Q9Y4D2,ENST00000257215,fs,0,1.0,0.0,,,1.0,,1.0,0.0,3129,989,20,62.83,67.75,0.5963566634707574,0.6127401415571284,0.0501757750079897,0.0758341759352881,0,0.0,0.0054347826086956,0.99999,0.171,0.8160488804590796,3.0,6
random,FS_0023,FS,control,0,POGLUT1,Q8NBL1,ENST00000295588,fs_control,1,1.0,1.0,,,1.0,,0.0,0.0,1179,267,11,45.04,38.95,0.6140797285835454,0.599250936329588,0.0687022900763358,0.0599250936329588,265,0.99250936329588,0.0135869565217391,1.5575e-08,0.893,0.6729502494791056,4.0,6
random,FS_0024,FS,case,1,DCHS1,Q96JQ0,ENST00000299441,fs,1,1.0,1.0,,,1.0,,1.0,0.0,9897,2513,21,61.41,61.16,0.577952915024755,0.5563072025467569,0.0587046579771648,0.0584958217270195,1111,0.4421010744130521,,0.99997,0.242,0.8374475437136266,5.0,6
random,FS_0024,FS,control,0,BUB1B,O60566,ENST00000287598,fs_control,0,1.0,0.0,0.0,,1.0,0.0,1.0,0.0,3153,271,23,43.39,41.7,0.5997462733904219,0.6605166051660517,0.0558198541071994,0.077490774907749,0,0.0,0.0190217391304347,6.998e-10,0.58,0.9730470924030784,3.0,8
random,FS_0025,FS,case,1,DDR2,Q16832,ENST00000367921,fs,1,1.0,1.0,,,1.0,,1.0,1.0,2568,191,18,50.23,47.64,0.580607476635514,0.6178010471204188,0.0455607476635514,0.0418848167539267,191,1.0,0.0244565217391304,0.5503,0.376,0.7922166749057349,6.0,6
random,FS_0025,FS,control,0,BMPR2,Q13873,ENST00000374580,fs_control,0,1.0,0.0,1.0,,1.0,,1.0,0.0,3117,348,13,45.43,48.85,0.5941610522938723,0.6091954022988506,0.0445941610522938,0.0344827586206896,0,0.0,0.0434782608695652,0.99998,0.191,0.6922596148228529,4.0,7
random,FS_0026,FS,case,1,DES,P17661,ENST00000373960,fs,0,1.0,0.0,,,1.0,0.0,1.0,0.0,1413,123,9,61.78,54.47,0.6256192498230715,0.6585365853658537,0.0290162774239207,0.0975609756097561,0,0.0,0.0135869565217391,0.0088282,0.596,0.8928008969205824,3.0,7
random,FS_0026,FS,control,0,EPCAM,P16422,ENST00000263735,fs_control,0,0.0,0.0,,,1.0,,1.0,0.0,945,115,9,43.28,40.87,0.6126984126984127,0.6695652173913044,0.0952380952380952,0.0,0,0.0,0.0652173913043478,1.2844e-07,1.159,0.9362532514013268,2.0,6
random,FS_0027,FS,case,1,DLL1,O00548,ENST00000616526,fs,0,1.0,0.0,,,1.0,,1.0,0.0,2172,57,11,63.31,49.12,0.6174033149171271,0.4210526315789473,0.0994475138121546,0.0,0,0.0,0.0380434782608695,0.99999,0.095,0.8404808798853567,3.0,6
random,FS_0027,FS,control,0,PRODH,O43272,ENST00000357068,fs_control,1,1.0,1.0,,,1.0,,1.0,0.0,1803,249,14,62.84,61.85,0.5779256794231836,0.6104417670682731,0.0399334442595673,0.0321285140562249,249,1.0,0.0054347826086956,5.3577e-12,1.1,0.7844111238103206,5.0,6
random,FS_0028,FS,case,1,DPF2,Q92785,ENST00000528416,fs,1,1.0,1.0,,,1.0,1.0,1.0,0.0,1176,120,11,55.27,57.5,0.6113945578231292,0.4833333333333333,0.0637755102040816,0.075,120,1.0,0.0190217391304347,0.99985,0.161,0.571479758071451,6.0,7
random,FS_0028,FS,control,0,CLCN2,P51788,ENST00000265593,fs_control,0,1.0,0.0,,,1.0,,1.0,0.0,2697,223,24,59.51,54.71,0.60734149054505,0.6053811659192825,0.0541342232109751,0.0358744394618834,0,0.0,0.0217391304347826,5.546e-12,0.769,0.8043675822169919,3.0,6
random,FS_0029,FS,case,1,DSP,P15924,ENST00000379802,fs,1,1.0,1.0,,,1.0,,1.0,1.0,8616,3181,24,48.33,48.07,0.5899489322191273,0.6089280100597296,0.0548978644382544,0.0631876768311851,897,0.2819867966048412,0.0353260869565217,0.99978,0.26,0.9590385335513152,6.0,6
random,FS_0029,FS,control,0,IMPG1,Q17R60,ENST00000369950,fs_control,0,0.0,0.0,,,0.0,,1.0,0.0,2394,180,17,45.45,42.22,0.5981620718462823,0.6166666666666667,0.0714285714285714,0.1388888888888889,0,0.0,0.0054347826086956,1.3662e-29,1.354,0.891872680829971,1.0,6
random,FS_0030,FS,case,1,DVL3,Q92997,ENST00000313143,fs,1,1.0,1.0,,,1.0,,1.0,0.0,2151,655,15,61.41,70.53,0.6099488609948861,0.6564885496183206,0.0641562064156206,0.116030534351145,622,0.9496183206106872,0.0353260869565217,0.38544,0.422,0.5295510725536215,5.0,6
random,FS_0030,FS,control,0,NFIA,Q12857,ENST00000403491,fs_control,1,1.0,1.0,,,1.0,1.0,1.0,0.0,1530,1352,11,51.05,50.3,0.6281045751633987,0.636094674556213,0.0712418300653594,0.0732248520710059,1136,0.8402366863905325,0.0135869565217391,0.99959,0.202,0.6838804131094001,6.0,7
random,FS_0031,FS,case,1,DYNC1H1,Q14204,ENST00000360184,fs,1,1.0,1.0,,,1.0,,1.0,1.0,13941,6866,78,51.33,53.57,0.5899146402697081,0.5763180891348675,0.0441862133275948,0.0369938829012525,5205,0.7580833090591319,0.029891304347826,1.0,0.08,0.6844755898207976,6.0,6
random,FS_0031,FS,control,0,COL4A1,P02462,ENST00000375820,fs_control,1,1.0,1.0,,,1.0,,1.0,1.0,5010,2535,52,60.14,59.64,0.6910179640718563,0.6816568047337278,0.0966067864271457,0.0883629191321499,1869,0.7372781065088757,0.0597826086956521,1.0,0.128,0.8271785583595642,6.0,6
random,FS_0032,FS,case,1,EFTUD2,Q15029,ENST00000426333,fs,1,1.0,1.0,,,1.0,1.0,1.0,1.0,2919,202,28,51.8,56.93,0.5978074683110655,0.6138613861386139,0.0548132922233641,0.0792079207920792,93,0.4603960396039604,0.046195652173913,1.0,0.094,0.6765222793689658,7.0,7
random,FS_0032,FS,control,0,PLG,P00747,ENST00000308192,fs_control,1,1.0,1.0,,,1.0,,1.0,1.0,2433,2424,19,50.23,50.41,0.6185778873818332,0.6171617161716172,0.0863131935881627,0.0866336633663366,2064,0.8514851485148515,0.0543478260869565,0.010345,0.443,0.9787991827322932,6.0,6
random,FS_0033,FS,case,1,ELANE,P08246,ENST00000632488,fs,1,1.0,1.0,,,0.0,,1.0,1.0,804,258,6,67.54,65.89,0.6057213930348259,0.6356589147286822,0.0907960199004975,0.1434108527131783,180,0.6976744186046512,0.0353260869565217,0.0012274,1.129,0.9736777844652372,5.0,6
random,FS_0033,FS,control,0,HARS1,P12081,ENST00000504156,fs_control,1,1.0,1.0,,,1.0,,1.0,1.0,1530,731,13,53.27,54.86,0.5875816993464053,0.6073871409028728,0.0581699346405228,0.0656634746922024,671,0.9179206566347468,0.0135869565217391,,,0.574495175152396,6.0,6
random,FS_0034,FS,case,1,EP300,Q09472,ENST00000263253,fs,1,1.0,1.0,,,1.0,1.0,1.0,1.0,7245,2356,31,51.55,58.15,0.6140786749482402,0.6171477079796265,0.0657004830917874,0.0717317487266553,660,0.2801358234295416,0.1929347826086956,1.0,0.099,0.5209494404626289,7.0,7
random,FS_0034,FS,control,0,TSC1,Q92574,ENST00000298552,fs_control,0,1.0,0.0,,,1.0,,1.0,1.0,3495,545,23,50.67,55.78,0.6128755364806867,0.6642201834862386,0.0575107296137339,0.0935779816513761,0,0.0,0.0163043478260869,1.0,0.118,0.6781163373295164,4.0,6
random,FS_0035,FS,case,1,ERCC6,Q03468,ENST00000355832,fs,0,1.0,0.0,,,1.0,1.0,1.0,0.0,4482,477,21,47.1,48.64,0.5921463632307006,0.6142557651991615,0.0838911200356983,0.0754716981132075,0,0.0,0.0271739130434782,5.1622e-22,0.802,0.6205621890486333,4.0,7
random,FS_0035,FS,control,0,TMC1,Q8TDI8,ENST00000297784,fs_control,1,1.0,1.0,,,1.0,,1.0,0.0,2283,2112,24,44.2,44.03,0.6325010950503723,0.6358901515151515,0.0757774857643451,0.0700757575757575,348,0.1647727272727272,0.0217391304347826,9.1808e-19,0.975,0.8604152771385645,5.0,6
random,FS_0036,FS,case,1,EYA1,Q99502,ENST00000340726,fs,1,1.0,1.0,,,1.0,1.0,1.0,1.0,1779,833,18,46.94,44.9,0.6053962900505903,0.6182472989195679,0.0534007869589657,0.0720288115246098,678,0.8139255702280912,0.0271739130434782,0.94588,0.332,0.9375562974647424,7.0,7
random,FS_0036,FS,control,0,UGT1A1,P22309,ENST00000305208,fs_control,1,1.0,1.0,1.0,,1.0,,1.0,0.0,1602,301,5,50.69,52.82,0.5942571785268415,0.6478405315614618,0.066167290886392,0.0531561461794019,301,1.0,0.0054347826086956,3.2577e-06,1.08,0.9579290232398094,6.0,7
random,FS_0037,FS,case,1,EZH2,Q15910,ENST00000320356,fs,1,1.0,1.0,,,1.0,0.0,1.0,1.0,2256,79,20,44.15,45.57,0.6152482269503546,0.4556962025316455,0.0851063829787234,0.1392405063291139,60,0.759493670886076,0.1385869565217391,1.0,0.146,0.9128457043769592,6.0,7
random,FS_0037,FS,control,0,COPB2,P35606,ENST00000333188,fs_control,1,1.0,1.0,,,1.0,,1.0,1.0,2721,1363,22,43.77,44.09,0.6012495406100699,0.615553925165077,0.0510841602352076,0.0623624358033749,947,0.6947909024211298,0.0108695652173913,1.0,0.089,0.7732553879711843,6.0,6
random,FS_0038,FS,case,1,FBN1,P35555,ENST00000316623,fs,0,1.0,0.0,0.0,,1.0,,1.0,0.0,8616,488,66,48.92,42.83,0.61652739090065,0.5963114754098361,0.0504874651810585,0.0512295081967213,0,0.0,0.0407608695652173,1.0,0.049,0.9493102721776132,3.0,7
random,FS_0038,FS,control,0,FGFR1,P11362,ENST00000447712,fs_control,1,1.0,1.0,,,1.0,1.0,1.0,1.0,2469,154,18,57.11,60.39,0.608343458890239,0.5714285714285714,0.0587282300526528,0.0584415584415584,80,0.5194805194805194,0.0815217391304347,0.99984,0.215,0.654881787141031,7.0,7
random,FS_0039,FS,case,1,FBXO11,Q86XK2,ENST00000403359,fs,1,1.0,1.0,,,1.0,0.0,1.0,1.0,2784,177,23,42.03,40.68,0.6174568965517241,0.5988700564971752,0.0660919540229885,0.0282485875706214,99,0.559322033898305,0.0135869565217391,1.0,0.097,0.65086524588822,6.0,7
random,FS_0039,FS,control,0,SLC5A2,P31639,ENST00000330498,fs_control,0,0.0,0.0,,,0.0,,1.0,0.0,2019,272,14,62.8,62.5,0.5889053987122338,0.6838235294117647,0.0361565131253095,0.088235294117647,0,0.0,0.0108695652173913,4.9184e-14,1.123,0.9844102553762356,1.0,6
random,FS_0040,FS,case,1,FGA,P02671,ENST00000403106,fs,1,1.0,1.0,,,1.0,,1.0,1.0,1935,1361,5,47.91,49.01,0.6134366925064599,0.6113152094048494,0.0480620155038759,0.0426157237325496,334,0.245407788390889,0.029891304347826,1.2236e-13,1.021,0.982716950448546,6.0,6
random,FS_0040,FS,control,0,ABCC8,Q09428,ENST00000389817,fs_control,0,0.0,1.0,0.0,,0.0,,0.0,0.0,4746,114,39,57.67,59.65,0.5815423514538559,0.4736842105263157,0.0419300463548251,0.0701754385964912,0,0.0,0.046195652173913,7.9571e-24,0.765,0.983176630780442,1.0,7
random,FS_0041,FS,case,1,FH,P07954,ENST00000366560,fs,1,1.0,1.0,,,1.0,0.0,1.0,1.0,1533,269,10,45.99,43.49,0.5805609915198956,0.6282527881040892,0.0652315720808871,0.0855018587360594,144,0.5353159851301115,0.0244565217391304,0.08824,0.544,0.5949981474346508,6.0,7
random,FS_0041,FS,control,0,DSG1,Q02413,ENST00000257192,fs_control,1,1.0,1.0,1.0,,1.0,,1.0,0.0,3150,1072,15,43.27,49.81,0.5895238095238096,0.5792910447761194,0.0346031746031746,0.0149253731343283,168,0.1567164179104477,0.0190217391304347,0.92688,0.331,0.98637642581979,6.0,7
random,FS_0042,FS,case,1,FLG,P20930,ENST00000368799,fs,1,1.0,1.0,,,1.0,,1.0,1.0,12186,11963,3,55.1,55.49,0.5548990645002462,0.5523698069046226,0.0320039389463318,0.0309286968151801,3917,0.3274262308785421,0.0135869565217391,0.00028793,1.96,0.9912221042724564,6.0,6
random,FS_0042,FS,control,0,SPAST,Q9UBP0,ENST00000315285,fs_control,1,1.0,1.0,0.0,,1.0,0.0,1.0,1.0,1851,137,17,47.76,39.42,0.6202052944354403,0.5985401459854015,0.0815775256618044,0.1386861313868613,107,0.781021897810219,0.0190217391304347,0.99939,0.224,0.6254132110619441,6.0,8
random,FS_0043,FS,case,1,FLNC,Q14315,ENST00000325888,fs,1,1.0,1.0,,,1.0,,1.0,0.0,8178,300,48,62.17,60.67,0.5964783565663977,0.6266666666666667,0.0682318415260454,0.0833333333333333,196,0.6533333333333333,0.0407608695652173,0.99994,0.25,0.9498199602166604,5.0,6
random,FS_0043,FS,control,0,RERE,Q9P2R6,ENST00000400908,fs_control,1,0.0,1.0,,,0.0,0.0,1.0,0.0,4701,241,23,60.99,62.24,0.6109338438630079,0.6141078838174274,0.0942352690916826,0.1410788381742738,241,1.0,0.0135869565217391,1.0,0.12,0.6790245170582087,3.0,7
random,FS_0044,FS,case,1,FOXN1,O15353,ENST00000579795,fs,0,1.0,0.0,,,1.0,0.0,1.0,0.0,1947,625,9,62.76,64.8,0.6224961479198767,0.6112,0.1063174114021571,0.136,0,0.0,0.0081521739130434,0.94214,0.349,0.9736860766531804,3.0,7
random,FS_0044,FS,control,0,C5,P01031,ENST00000223642,fs_control,1,1.0,1.0,,,0.0,,1.0,1.0,5031,175,41,40.05,37.14,0.6217451798847148,0.6,0.0765255416418207,0.0742857142857142,143,0.8171428571428572,0.0217391304347826,8.079e-24,0.695,0.95906223862992,5.0,6
random,FS_0045,FS,case,1,FTL,P02792,ENST00000331825,fs,1,1.0,1.0,,,1.0,,1.0,1.0,528,145,4,56.63,54.48,0.5928030303030303,0.5793103448275863,0.0568181818181818,0.096551724137931,145,1.0,0.0027173913043478,1.6617e-09,1.946,0.7090582473661106,6.0,6
random,FS_0045,FS,control,0,CASP10,Q92851,ENST00000286186,fs_control,1,0.0,1.0,,,0.0,,1.0,1.0,1569,218,10,47.29,47.71,0.5850860420650096,0.555045871559633,0.0484384958572339,0.0,218,1.0,0.0027173913043478,4.6392e-12,1.287,0.8164754616592185,4.0,6
random,FS_0046,FS,case,1,FUS,P35637,ENST00000254108,fs,1,1.0,1.0,1.0,,1.0,,1.0,1.0,1581,707,15,57.43,53.61,0.6628716002530044,0.6534653465346535,0.0512333965844402,0.0438472418670438,333,0.471004243281471,0.0489130434782608,0.9993,0.237,0.6151776549536552,7.0,7
random,FS_0046,FS,control,0,SLC34A1,Q06495,ENST00000324417,fs_control,1,1.0,1.0,,,0.0,,1.0,0.0,1920,477,13,61.98,62.26,0.60625,0.6289308176100629,0.0598958333333333,0.0335429769392033,155,0.3249475890985325,0.0081521739130434,8.9128e-27,1.828,0.9977256441978408,4.0,6
random,FS_0047,FS,case,1,FZD4,Q9ULV1,ENST00000531380,fs,1,1.0,1.0,1.0,,1.0,,1.0,1.0,1614,1501,2,50.31,48.97,0.6350681536555143,0.6329113924050633,0.087360594795539,0.0792804796802131,1224,0.8154563624250499,0.0244565217391304,0.96962,0.312,0.86091433379214,7.0,7
random,FS_0047,FS,control,0,FBXW7,Q969H0,ENST00000281708,fs_control,1,1.0,1.0,0.0,,1.0,0.0,1.0,0.0,2124,549,14,44.35,44.81,0.6421845574387948,0.6357012750455373,0.0626177024482109,0.0564663023679417,357,0.6502732240437158,0.0896739130434782,0.99949,0.232,0.7691484943043548,5.0,8
random,FS_0048,FS,case,1,GATA2,P23769,ENST00000341105,fs,1,1.0,1.0,,,1.0,1.0,1.0,0.0,1443,379,6,64.8,57.52,0.65003465003465,0.6464379947229552,0.0873180873180873,0.0448548812664907,179,0.4722955145118733,0.0706521739130434,0.97927,0.292,0.8780178699799012,6.0,7
random,FS_0048,FS,control,0,VAMP2,P63027,ENST00000316509,fs_control,1,1.0,1.0,,,1.0,,1.0,1.0,351,211,5,57.83,57.82,0.6239316239316239,0.5971563981042654,0.0997150997150997,0.0473933649289099,198,0.9383886255924172,0.0326086956521739,0.88736,0.422,0.7380630956212223,6.0,6
random,FS_0049,FS,case,1,GATA4,P43694,ENST00000643249,fs,0,1.0,0.0,,,1.0,0.0,1.0,0.0,1332,234,6,68.77,60.68,0.6509009009009009,0.5897435897435898,0.0525525525525525,0.0341880341880341,0,0.0,0.0951086956521739,0.49308,0.527,0.9552259880587584,3.0,7
random,FS_0049,FS,control,0,SUZ12,Q15022,ENST00000322652,fs_control,1,1.0,1.0,,,1.0,1.0,1.0,1.0,2220,340,16,42.48,35.59,0.6067567567567568,0.5823529411764706,0.1103603603603603,0.1,239,0.7029411764705882,0.0597826086956521,0.99998,0.134,0.7643467315313929,7.0,7
random,FS_0050,FS,case,1,GCK,P35557,ENST00000403799,fs,1,1.0,1.0,,,1.0,0.0,1.0,0.0,1398,295,10,61.3,65.76,0.5636623748211731,0.535593220338983,0.0493562231759656,0.0406779661016949,295,1.0,0.046195652173913,0.63464,0.443,0.951385295722211,5.0,7
random,FS_0050,FS,control,0,PIGT,Q969N2,ENST00000279036,fs_control,1,0.0,1.0,,,1.0,,1.0,0.0,1737,77,12,58.78,57.14,0.6062176165803109,0.6753246753246753,0.0552677029360967,0.0519480519480519,77,1.0,,7.2959e-10,0.948,0.6571564383635918,4.0,6
random,FS_0051,FS,case,1,GLI2,,ENST00000361492,fs,0,,,,,,,,,4710,2522,14,66.45,68.79,0.6063694267515923,0.6094369547977796,0.0868365180467091,0.0880253766851705,0,0.0,0.0652173913043478,0.97303,0.309,0.8800969758184566,0.0,1
random,FS_0051,FS,control,0,POLRMT,O00411,ENST00000588649,fs_control,1,1.0,1.0,,,1.0,,1.0,1.0,3693,1878,21,66.23,66.03,0.6024911995667479,0.601171458998935,0.0444083401028973,0.0356762513312034,1500,0.7987220447284346,0.0108695652173913,1.739e-20,0.943,0.7224825244165622,6.0,6
random,FS_0052,FS,case,1,GNAS,P63092,ENST00000371085,fs,1,1.0,1.0,,,1.0,,1.0,0.0,1185,177,13,55.11,53.11,0.5738396624472574,0.5254237288135594,0.020253164556962,0.0,177,1.0,0.0489130434782608,0.68076,0.372,0.8320727691828096,5.0,6
random,FS_0052,FS,control,0,RANBP2,P49792,ENST00000283195,fs_control,1,1.0,1.0,0.0,,1.0,0.0,1.0,1.0,9675,367,29,40.11,38.42,0.6125064599483204,0.6648501362397821,0.0880620155038759,0.0599455040871934,367,1.0,0.0244565217391304,1.0,0.142,0.4753468046403588,6.0,8
random,FS_0053,FS,case,1,GRIN2A,Q12879,ENST00000330684,fs,1,1.0,1.0,,,1.0,,1.0,1.0,4395,1903,13,52.26,51.29,0.6006825938566553,0.6195480819758277,0.0664391353811149,0.0809248554913294,1873,0.9842354177614292,0.046195652173913,0.99998,0.188,0.9286587280199028,6.0,6
random,FS_0053,FS,control,0,SERPINC1,P01008,ENST00000367698,fs_control,1,1.0,1.0,,,0.0,,1.0,1.0,1395,270,7,49.89,47.78,0.617921146953405,0.6148148148148148,0.0480286738351254,0.0481481481481481,270,1.0,0.0407608695652173,0.99892,0.151,0.9783119053392684,5.0,6
random,FS_0054,FS,case,1,GRIN2B,Q13224,ENST00000609686,fs,1,1.0,1.0,,,1.0,,1.0,1.0,4455,1959,14,54.1,58.7,0.5937149270482603,0.5895865237366003,0.0540965207631874,0.0556406329760081,1929,0.98468606431853,0.0516304347826086,1.0,0.061,0.9274721924309433,6.0,6
random,FS_0054,FS,control,0,RBP4,P02753,ENST00000371464,fs_control,1,1.0,1.0,,,1.0,,1.0,1.0,606,244,6,59.57,58.61,0.6089108910891089,0.6065573770491803,0.0478547854785478,0.0696721311475409,244,1.0,0.0190217391304347,0.51951,0.594,0.9634833948847792,6.0,6
random,FS_0055,FS,case,1,GRM1,Q13255,ENST00000282753,fs,0,1.0,1.0,1.0,,1.0,,1.0,0.0,3585,914,8,54.92,61.16,0.6117154811715482,0.6586433260393874,0.0479776847977684,0.0667396061269146,0,0.0,0.0489130434782608,0.14279,0.415,0.9756577145624612,5.0,7
random,FS_0055,FS,control,0,PKD2,Q13563,ENST00000237596,fs_control,0,1.0,0.0,0.0,1.0,1.0,,1.0,0.0,2907,258,15,51.7,55.43,0.6226350189198486,0.5348837209302325,0.0691434468524251,0.0310077519379844,14,0.0542635658914728,0.0326086956521739,0.00017271,0.497,0.8677171962006492,4.0,8
random,FS_0056,FS,case,1,HCN2,Q9UL51,ENST00000251287,fs,1,1.0,1.0,,,1.0,,1.0,0.0,2670,348,8,69.59,65.52,0.6273408239700374,0.6149425287356322,0.0730337078651685,0.0114942528735632,50,0.1436781609195402,0.0108695652173913,0.48885,0.448,0.8784068394974648,5.0,6
random,FS_0056,FS,control,0,AXIN2,Q9Y2T1,ENST00000307078,fs_control,1,0.0,1.0,,,1.0,,1.0,0.0,2532,111,11,58.53,44.14,0.6161137440758294,0.6846846846846847,0.0860979462875197,0.0990990990990991,111,1.0,0.0733695652173913,0.57015,0.396,0.790022974043485,4.0,6
random,FS_0057,FS,case,1,HIVEP2,P31629,ENST00000367603,fs,0,1.0,0.0,,,1.0,0.0,1.0,0.0,7341,791,10,49.19,52.47,0.5988284974799074,0.6005056890012642,0.0532624982972347,0.0720606826801517,0,0.0,0.0027173913043478,1.0,0.08,0.7523448132657088,3.0,7
random,FS_0057,FS,control,0,GATA6,Q92908,ENST00000269216,fs_control,0,1.0,0.0,,,1.0,0.0,1.0,0.0,1788,88,7,68.96,54.55,0.6621923937360179,0.7613636363636364,0.0810961968680089,0.2045454545454545,0,0.0,0.046195652173913,0.99709,0.174,0.8870487137070828,3.0,7
random,FS_0058,FS,case,1,HNRNPU,Q00839,ENST00000640218,fs,1,1.0,0.0,0.0,,1.0,1.0,1.0,0.0,2478,444,14,50.36,42.57,0.6739305891848265,0.6801801801801802,0.1081517352703793,0.1081081081081081,251,0.5653153153153153,0.0380434782608695,1.0,0.114,0.5687292636923613,5.0,8
random,FS_0058,FS,control,0,FGF10,O15520,ENST00000264664,fs_control,1,1.0,1.0,,,0.0,,1.0,1.0,627,163,3,48.01,39.88,0.6156299840510366,0.6012269938650306,0.0542264752791068,0.0736196319018405,163,1.0,0.0652173913043478,0.93779,0.339,0.8167604225080944,5.0,6
random,FS_0059,FS,case,1,HSPB1,P04792,ENST00000248553,fs,1,1.0,1.0,,,1.0,,1.0,1.0,618,357,3,68.28,66.39,0.6197411003236246,0.6050420168067226,0.1148867313915857,0.0756302521008403,291,0.8151260504201681,0.029891304347826,2.7797e-07,1.872,0.8312148087500822,6.0,6
random,FS_0059,FS,control,0,PDE11A,Q9HCR9,ENST00000286063,fs_control,1,0.0,1.0,,,1.0,,1.0,0.0,2802,179,20,48.47,47.49,0.5960028551034975,0.4804469273743016,0.0667380442541042,0.0558659217877094,126,0.7039106145251397,0.0054347826086956,8.6896e-37,1.404,0.9054636371523362,4.0,6
random,FS_0060,FS,case,1,IL6ST,P40189,ENST00000381298,fs,0,1.0,0.0,0.0,,1.0,,1.0,0.0,2757,732,17,40.33,41.53,0.5799782372143635,0.5833333333333334,0.0714544795067101,0.0846994535519125,0,0.0,0.0135869565217391,0.99978,0.228,0.7532002816137142,3.0,7
random,FS_0060,FS,control,0,F5,P12259,ENST00000367797,fs_control,1,1.0,1.0,,,1.0,,0.0,1.0,6675,152,25,45.3,42.76,0.6050936329588015,0.631578947368421,0.0648689138576779,0.1052631578947368,152,1.0,0.0217391304347826,5.919e-15,0.562,0.9534097283493204,5.0,6
random,FS_0061,FS,case,1,ITGA2B,P08514,ENST00000262407,fs,1,1.0,1.0,,,1.0,,1.0,1.0,3120,1535,30,61.44,60.85,0.6096153846153847,0.5895765472312704,0.0836538461538461,0.063843648208469,1458,0.9498371335504886,0.0679347826086956,1.5205e-16,0.756,0.9435318624839054,6.0,6
random,FS_0061,FS,control,0,ELP1,O95163,ENST00000374647,fs_control,0,0.0,0.0,,,0.0,0.0,1.0,0.0,3999,145,37,46.16,42.76,0.5946486621655414,0.5241379310344828,0.0517629407351837,0.0620689655172413,0,0.0,0.0054347826086956,,,0.6954588635622525,1.0,7
random,FS_0062,FS,case,1,JAG1,P78504,ENST00000254958,fs,1,1.0,0.0,,,1.0,,1.0,0.0,3657,412,26,53.95,52.43,0.5859994531036369,0.6019417475728155,0.0617992890347279,0.0606796116504854,42,0.1019417475728155,0.0978260869565217,1.0,0.146,0.8457279802027199,4.0,6
random,FS_0062,FS,control,0,ENG,P17813,ENST00000373203,fs_control,0,1.0,1.0,,,1.0,,1.0,1.0,1977,1723,15,61.41,60.77,0.5978755690440061,0.5931514799767846,0.0703085483055134,0.0702263493905978,0,0.0,0.0652173913043478,0.99858,0.24,0.7854069317168726,5.0,6
random,FS_0063,FS,case,1,KAT6A,Q92794,ENST00000265713,fs,0,1.0,0.0,,,1.0,1.0,1.0,0.0,6015,2717,17,49.31,54.03,0.6204488778054863,0.6120721383879278,0.0713216957605985,0.0478468899521531,0,0.0,0.029891304347826,1.0,0.069,0.5678416140993691,4.0,7
random,FS_0063,FS,control,0,GHR,P10912,ENST00000230882,fs_control,1,1.0,1.0,,,1.0,,1.0,0.0,1917,991,10,44.24,46.82,0.6030255607720396,0.6145307769929365,0.0505998956703182,0.0595358224016145,906,0.9142280524722504,0.0163043478260869,8.4385e-05,0.662,0.8729433951120628,5.0,6
random,FS_0064,FS,case,1,KAT6B,Q8WYB5,ENST00000630001,fs,0,1.0,0.0,,,1.0,1.0,1.0,0.0,6222,2609,18,48.25,51.63,0.6242365798778527,0.6055960137983902,0.0821279331404693,0.0597930241471828,0,0.0,0.0244565217391304,1.0,0.128,0.5713806295100274,4.0,7
random,FS_0064,FS,control,0,OPTN,Q96CV9,ENST00000378747,fs_control,1,1.0,0.0,0.0,0.0,1.0,,1.0,1.0,1734,177,15,47.23,54.8,0.6274509803921569,0.5988700564971752,0.0813148788927335,0.0451977401129943,52,0.2937853107344633,0.0244565217391304,5.91e-18,1.256,0.8630637788810783,5.0,8
random,FS_0065,FS,case,1,KCNQ2,O43526,ENST00000359125,fs,1,1.0,1.0,,,1.0,,1.0,1.0,2619,537,17,64.87,68.34,0.6051928216876671,0.5996275605214153,0.078655975563192,0.0782122905027933,492,0.9162011173184358,0.0652173913043478,0.99998,0.158,0.948563858724806,6.0,6
random,FS_0065,FS,control,0,MAF,O75444,ENST00000326043,fs_control,1,1.0,1.0,0.0,,1.0,1.0,1.0,1.0,1212,547,2,68.98,71.12,0.6633663366336634,0.716636197440585,0.0866336633663366,0.0804387568555758,273,0.4990859232175503,0.0326086956521739,0.74382,0.537,0.7357349034249755,7.0,8
random,FS_0066,FS,case,1,KIDINS220,Q9ULH0,ENST00000256707,fs,0,1.0,0.0,,,1.0,,1.0,0.0,5316,1282,30,45.39,47.27,0.5980060195635817,0.594383775351014,0.0603837471783295,0.0717628705148206,0,0.0,0.0027173913043478,0.073562,0.35,0.7071383143550191,3.0,6
random,FS_0066,FS,control,0,PDGFB,P01127,ENST00000331163,fs_control,0,1.0,1.0,,,1.0,,1.0,1.0,726,172,6,62.26,63.95,0.6143250688705234,0.6337209302325582,0.0564738292011019,0.1162790697674418,15,0.0872093023255814,0.0570652173913043,0.77006,0.463,0.7661457772248577,5.0,6
random,FS_0067,FS,case,1,KMT2E,Q8IZD2,ENST00000311117,fs,0,1.0,0.0,,,1.0,0.0,1.0,0.0,5577,1136,27,43.55,46.57,0.6162811547426932,0.6109154929577465,0.0891160121929352,0.0818661971830986,0,0.0,0.0353260869565217,1.0,0.06,0.5423151165194247,3.0,7
random,FS_0067,FS,control,0,CTNNA3,Q9UI47,ENST00000433211,fs_control,1,0.0,1.0,,,1.0,,1.0,0.0,2688,336,18,44.49,46.73,0.5904017857142857,0.6011904761904762,0.0625,0.1041666666666666,242,0.7202380952380952,0.0163043478260869,1.0225e-12,0.85,0.9568616740975175,4.0,6
random,FS_0068,FS,case,1,LRSAM1,Q6UWE0,ENST00000300417,fs,1,1.0,1.0,1.0,,1.0,,1.0,1.0,2172,1023,26,56.49,55.72,0.5787292817679558,0.5894428152492669,0.0377532228360957,0.0498533724340175,162,0.158357771260997,0.0135869565217391,3.1008e-13,0.754,0.5566000298783976,7.0,7
random,FS_0068,FS,control,0,MTOR,P42345,ENST00000361445,fs_control,1,1.0,1.0,,,1.0,1.0,1.0,1.0,7650,3791,58,53.14,53.34,0.5988235294117648,0.6003692957003429,0.0462745098039215,0.0493273542600896,2508,0.6615668689000264,0.0869565217391304,1.0,0.185,0.6280684428711042,7.0,7
random,FS_0069,FS,case,1,MLH1,P40692,ENST00000231790,fs,1,1.0,1.0,,,1.0,1.0,1.0,1.0,2271,1087,19,46.46,48.3,0.6014971378247468,0.5860165593376265,0.0673712021136063,0.0671573137074517,622,0.5722171113155474,0.0489130434782608,3.41e-05,0.575,0.6354870314628441,7.0,7
random,FS_0069,FS,control,0,SOX18,P35713,ENST00000340356,fs_control,1,1.0,1.0,,,1.0,1.0,1.0,0.0,1155,459,2,75.76,73.42,0.6692640692640692,0.6993464052287581,0.0744588744588744,0.065359477124183,208,0.4531590413943355,0.0190217391304347,0.15103,1.053,0.7198321477855426,6.0,7
random,FS_0070,FS,case,1,MN1,Q10571,ENST00000302326,fs,0,1.0,,,,0.0,0.0,1.0,0.0,3963,262,2,68.38,62.6,0.6404239212717638,0.5877862595419847,0.1001766338632349,0.0305343511450381,0,0.0,0.0054347826086956,0.99999,0.087,0.8721329490177867,2.0,6
random,FS_0070,FS,control,0,SLC6A5,Q9Y345,ENST00000525748,fs_control,1,0.0,1.0,,,0.0,,1.0,0.0,2394,153,16,53.88,52.29,0.6194653299916458,0.5228758169934641,0.0526315789473684,0.0849673202614379,65,0.4248366013071895,0.0027173913043478,8.977e-15,0.967,0.94996826730066,3.0,6
random,FS_0071,FS,case,1,MNX1,P50219,ENST00000252971,fs,1,1.0,1.0,,,1.0,1.0,1.0,0.0,1206,390,3,74.71,67.18,0.6890547263681592,0.6948717948717948,0.0820895522388059,0.0564102564102564,171,0.4384615384615384,0.0217391304347826,0.78819,0.5,0.9148373273483748,6.0,7
random,FS_0071,FS,control,0,GCH1,P30793,ENST00000491895,fs_control,1,1.0,1.0,,,0.0,1.0,0.0,1.0,753,189,6,56.97,49.74,0.6042496679946879,0.5925925925925926,0.0557768924302788,0.0846560846560846,189,1.0,0.0081521739130434,0.90292,0.398,0.8251980994075063,5.0,7
random,FS_0072,FS,case,1,MPL,P40238,ENST00000372470,fs,0,1.0,0.0,1.0,,1.0,,1.0,0.0,1908,353,12,59.17,61.47,0.6142557651991615,0.6288951841359773,0.0539832285115303,0.0453257790368272,0,0.0,0.0217391304347826,4.0719e-09,0.763,0.7394531216192701,4.0,7
random,FS_0072,FS,control,0,SPEN,Q96T58,ENST00000375759,fs_control,1,1.0,1.0,,,0.0,0.0,1.0,0.0,10995,195,15,51.93,60.51,0.6128240109140518,0.6512820512820513,0.0895861755343337,0.0205128205128205,195,1.0,0.0271739130434782,1.0,0.071,0.5996750805596265,4.0,7
random,FS_0073,FS,case,1,MSH6,P52701,ENST00000234420,fs,1,1.0,1.0,0.0,,1.0,1.0,0.0,1.0,4083,204,10,44.89,40.69,0.6118050453098212,0.553921568627451,0.0832721038452118,0.0588235294117647,104,0.5098039215686274,0.0407608695652173,3.6705e-05,0.498,0.7651806104123176,6.0,8
random,FS_0073,FS,control,0,DDX41,Q9UJV9,ENST00000330503,fs_control,1,1.0,1.0,,,1.0,1.0,1.0,1.0,1869,907,17,58.11,57.99,0.5741037988229,0.5788313120176406,0.0433386837881219,0.0441014332965821,665,0.7331863285556781,0.0163043478260869,5.5908e-08,0.736,0.5606968779775794,7.0,7
random,FS_0074,FS,case,1,MYH7,P12883,ENST00000355349,fs,1,1.0,1.0,,,1.0,,1.0,0.0,5808,132,40,57.37,62.12,0.6007231404958677,0.5833333333333334,0.0318526170798898,0.0,104,0.7878787878787878,0.0543478260869565,4.2385e-16,0.575,0.985294463525198,5.0,6
random,FS_0074,FS,control,0,GFI1B,Q5VTD9,ENST00000372122,fs_control,1,1.0,1.0,,,1.0,1.0,1.0,1.0,993,255,7,61.83,62.75,0.6143001007049346,0.6039215686274509,0.0503524672708962,0.0156862745098039,210,0.8235294117647058,0.0135869565217391,0.00052334,0.865,0.9721263893349308,7.0,7
random,FS_0075,FS,case,1,MYH9,P35579,ENST00000216181,fs,1,1.0,1.0,,,1.0,,1.0,1.0,5883,188,41,59.19,65.96,0.6071732109467959,0.5904255319148937,0.0237973822879483,0.0638297872340425,100,0.5319148936170213,0.0271739130434782,1.0,0.088,0.8573064288659175,6.0,6
random,FS_0075,FS,control,0,ATAD3A,Q9NVI7,ENST00000378756,fs_control,1,1.0,1.0,,,1.0,,1.0,0.0,1761,840,16,64.0,62.26,0.5871663827370812,0.5488095238095239,0.0391822827938671,0.0345238095238095,458,0.5452380952380952,0.0108695652173913,4.0861e-09,0.827,0.59521260895033,5.0,6
random,FS_0076,FS,case,1,MYO6,Q9UM54,ENST00000369977,fs,1,1.0,1.0,,,1.0,1.0,1.0,1.0,3858,765,35,41.08,47.71,0.6057542768273717,0.5568627450980392,0.0839813374805598,0.0470588235294117,273,0.3568627450980392,0.0217391304347826,2.4287e-05,0.419,0.5049157520381585,7.0,7
random,FS_0076,FS,control,0,COCH,O43405,ENST00000396618,fs_control,1,1.0,1.0,,,1.0,,1.0,0.0,1653,1632,12,45.92,46.08,0.6261343012704175,0.6256127450980392,0.0604960677555958,0.0612745098039215,1215,0.7444852941176471,0.0163043478260869,1.2365e-07,0.913,0.9293333125308854,5.0,6
random,FS_0077,FS,case,1,NIPBL,Q6KC79,ENST00000282516,fs,0,1.0,0.0,,,1.0,1.0,1.0,0.0,8415,435,47,39.77,46.44,0.6162804515745692,0.5655172413793104,0.0903149138443256,0.0551724137931034,0,0.0,0.0326086956521739,1.0,0.032,0.5265020738937766,4.0,7
random,FS_0077,FS,control,0,ADGRV1,Q8WXG9,ENST00000405460,fs_control,0,1.0,0.0,,,0.0,,1.0,0.0,18921,152,90,42.57,50.66,0.6207917129115798,0.6052631578947368,0.0625759737857407,0.0986842105263157,0,0.0,0.0244565217391304,,,0.9679280257789908,2.0,6
random,FS_0078,FS,case,1,NKX2-1,P43699,ENST00000354822,fs,1,1.0,1.0,,,1.0,1.0,1.0,0.0,1206,435,3,70.73,71.03,0.6459369817578773,0.6229885057471264,0.0621890547263681,0.0827586206896551,63,0.1448275862068965,0.0570652173913043,0.35874,0.586,0.9955389723993988,6.0,7
random,FS_0078,FS,control,0,KRT10,P13645,ENST00000269576,fs_control,1,1.0,1.0,,,1.0,,1.0,1.0,1755,882,8,55.33,53.97,0.6467236467236467,0.6190476190476191,0.0472934472934473,0.0192743764172335,705,0.7993197278911565,0.0163043478260869,0.0025253,0.622,0.986195195482313,6.0,6
random,FS_0079,FS,case,1,NKX2-5,P52952,ENST00000329198,fs,1,1.0,1.0,,,1.0,1.0,1.0,1.0,975,797,2,68.51,69.13,0.64,0.6298619824341279,0.0605128205128205,0.0489335006273525,171,0.2145545796737766,0.0869565217391304,0.94531,0.326,0.9787873294916508,7.0,7
random,FS_0079,FS,control,0,TAB2,Q9NYJ8,ENST00000637181,fs_control,0,1.0,1.0,,,1.0,,1.0,0.0,2082,195,7,43.52,42.56,0.6215177713736791,0.6717948717948717,0.0600384245917387,0.1333333333333333,0,0.0,0.0217391304347826,0.99998,0.098,0.5377110113717597,4.0,6
random,FS_0080,FS,case,1,NOTCH2,Q04721,ENST00000256646,fs,1,1.0,1.0,0.0,,1.0,1.0,1.0,1.0,7416,1411,34,53.74,55.78,0.6004584681769147,0.6172927002126152,0.058522114347357,0.0850460666194188,171,0.1211906449326718,0.0706521739130434,1.0,0.116,0.7674102569528441,7.0,8
random,FS_0080,FS,control,0,ACOX1,Q15067,ENST00000293217,fs_control,1,1.0,1.0,,,1.0,,1.0,0.0,1983,75,14,49.52,46.67,0.59505799293999,0.6,0.0579929399899142,0.1066666666666666,75,1.0,0.0190217391304347,0.062095,0.462,0.5444431935815416,5.0,6
random,FS_0081,FS,case,1,NOTCH3,Q9UM47,ENST00000263388,fs,1,1.0,1.0,0.0,,1.0,1.0,1.0,0.0,6966,947,33,66.42,69.38,0.5858455354579386,0.6546990496304118,0.0790984783232845,0.1721224920802534,204,0.2154171066525871,0.0760869565217391,0.40757,0.322,0.9047012979954216,6.0,8
random,FS_0081,FS,control,0,GRIA2,P42262,ENST00000264426,fs_control,0,1.0,0.0,,,1.0,,1.0,0.0,2652,93,15,43.93,45.16,0.6104826546003017,0.5806451612903226,0.0761689291101055,0.0,0,0.0,0.0434782608695652,0.99916,0.247,0.8797275790356466,3.0,6
random,FS_0082,FS,case,1,NSD2,O96028,ENST00000508803,fs,1,1.0,1.0,,,1.0,1.0,1.0,0.0,4098,355,22,52.49,59.15,0.6154221571498292,0.6338028169014085,0.0807711078574914,0.104225352112676,264,0.7436619718309859,0.046195652173913,,,0.7912111150821501,6.0,7
random,FS_0082,FS,control,0,TLK2,Q86UE8,ENST00000346027,fs_control,1,1.0,1.0,,,1.0,0.0,1.0,1.0,2253,172,22,43.72,49.42,0.596537949400799,0.622093023255814,0.0701287172658677,0.0,172,1.0,0.0054347826086956,1.0,0.114,0.7005078065253004,6.0,7
random,FS_0083,FS,case,1,PALB2,Q86YC2,ENST00000261584,fs,1,1.0,1.0,0.0,,1.0,0.0,0.0,1.0,3561,189,13,42.63,52.91,0.618646447627071,0.6190476190476191,0.0808761583824768,0.0,189,1.0,0.0163043478260869,3.0379000000000004e-19,1.006,0.6796325601372778,5.0,8
random,FS_0083,FS,control,0,LMNA,P02545,ENST00000368300,fs_control,1,1.0,1.0,,,1.0,1.0,1.0,1.0,1995,1686,12,63.26,62.57,0.581453634085213,0.5812574139976275,0.0461152882205513,0.0344009489916963,1398,0.8291814946619217,0.0842391304347826,0.9994,0.209,0.758115202860842,7.0,7
random,FS_0084,FS,case,1,PHOX2B,Q99453,ENST00000226382,fs,1,1.0,1.0,,,1.0,1.0,1.0,0.0,945,612,3,66.14,68.79,0.6433862433862434,0.6683006535947712,0.0751322751322751,0.0800653594771241,171,0.2794117647058823,0.0217391304347826,0.93755,0.34,0.9717612151148916,6.0,7
random,FS_0084,FS,control,0,GRIN1,Q05586,ENST00000371561,fs_control,1,1.0,1.0,1.0,,1.0,,1.0,1.0,2817,1327,20,60.81,59.98,0.5651402200922968,0.5817633760361718,0.045438409655662,0.0580256217030896,1071,0.8070836473247928,0.0407608695652173,0.97629,0.309,0.9177445575337844,7.0,7
random,FS_0085,FS,case,1,PIEZO1,Q92508,ENST00000301015,fs,1,1.0,1.0,,,1.0,,1.0,0.0,7566,425,51,63.89,61.65,0.6041501453872588,0.5388235294117647,0.0474491144594237,0.0305882352941176,425,1.0,0.0190217391304347,3.9379e-21,0.581,0.673896139562525,5.0,6
random,FS_0085,FS,control,0,COG4,,ENST00000323786,fs_control,1,,,,,,,,,2370,191,19,53.08,60.73,0.5949367088607594,0.612565445026178,0.0354430379746835,0.0418848167539267,168,0.8795811518324608,0.0135869565217391,3.9748e-09,0.713,0.5702833530772917,1.0,1
random,FS_0086,FS,case,1,PKD1,P98161,ENST00000262304,fs,1,1.0,1.0,,,1.0,,1.0,1.0,12912,618,46,67.24,66.67,0.5923946716232962,0.6245954692556634,0.0589374225526641,0.0825242718446602,317,0.5129449838187702,0.029891304347826,1.0,0.179,0.9242172827354568,6.0,6
random,FS_0086,FS,control,0,KCNH2,Q12809,ENST00000262186,fs_control,1,1.0,1.0,,,1.0,,1.0,1.0,3480,3296,15,65.89,65.75,0.6083333333333333,0.6040655339805825,0.0841954022988505,0.076759708737864,1305,0.3959344660194174,0.0570652173913043,0.99593,0.274,0.8401653912530571,6.0,6
random,FS_0087,FS,case,1,PLCB4,,ENST00000378473,fs,1,,,,,,,,,3621,2057,40,42.39,43.32,0.6006628003314002,0.5974720466699076,0.0737365368682684,0.0515313563441905,1353,0.6577540106951871,0.0489130434782608,3.0437e-06,0.449,0.8705532392301369,1.0,1
random,FS_0087,FS,control,0,TGFB1,P01137,ENST00000221930,fs_control,1,1.0,1.0,,,1.0,,1.0,1.0,1173,263,7,62.49,64.26,0.5882352941176471,0.5513307984790875,0.0298380221653878,0.0152091254752851,219,0.8326996197718631,0.1005434782608695,0.03685,0.614,0.860020748411355,6.0,6
random,FS_0088,FS,case,1,PLEC,Q15149,ENST00000345136,fs,1,1.0,1.0,,,1.0,,1.0,0.0,13644,6258,32,66.91,65.79,0.6109645265318089,0.6129753914988815,0.0307094693638229,0.0370725471396612,2025,0.3235858101629913,0.0380434782608695,8.3469e-12,0.392,0.7337288861791247,5.0,6
random,FS_0088,FS,control,0,MYBPC1,Q00872,ENST00000361466,fs_control,1,1.0,1.0,,,1.0,,1.0,1.0,3516,3441,31,45.93,46.0,0.6026734926052332,0.6027317640220866,0.0571672354948805,0.054635280441732,2589,0.7523975588491717,0.0108695652173913,4.835e-05,0.46,0.9987786453211052,6.0,6
random,FS_0089,FS,case,1,POLG,P54098,ENST00000268124,fs,0,1.0,0.0,,,1.0,,1.0,1.0,3720,85,23,60.43,48.24,0.6086021505376344,0.7294117647058823,0.0658602150537634,0.1411764705882353,0,0.0,0.0163043478260869,2.0756e-09,0.555,0.5335083541311676,4.0,6
random,FS_0089,FS,control,0,REN,P00797,ENST00000272190,fs_control,1,1.0,1.0,0.0,,1.0,,1.0,1.0,1221,591,10,54.38,52.28,0.6453726453726454,0.61082910321489,0.0491400491400491,0.0642978003384094,591,1.0,0.0543478260869565,2.4297e-07,0.959,0.9887382834377436,6.0,7
random,FS_0090,FS,case,1,PPM1D,O15297,ENST00000305921,fs,0,1.0,0.0,,,1.0,1.0,1.0,0.0,1818,513,6,51.21,43.66,0.6325632563256326,0.6627680311890838,0.0599559955995599,0.0818713450292397,0,0.0,0.0135869565217391,2.2321e-11,1.096,0.7148485484336485,4.0,7
random,FS_0090,FS,control,0,TCF7L2,Q9NQB0,ENST00000355995,fs_control,0,1.0,0.0,,,1.0,1.0,1.0,0.0,1860,386,15,56.02,62.95,0.6059139784946237,0.6062176165803109,0.0801075268817204,0.1191709844559585,0,0.0,0.0788043478260869,0.99537,0.273,0.6567617899764551,4.0,7
random,FS_0091,FS,case,1,PPP3CA,Q08209,ENST00000394854,fs,0,1.0,0.0,,,1.0,,1.0,0.0,1566,224,14,44.57,52.23,0.60727969348659,0.6160714285714286,0.0708812260536398,0.0535714285714285,0,0.0,0.0244565217391304,0.99988,0.158,0.8393203343650053,3.0,6
random,FS_0091,FS,control,0,ZP3,P21754,ENST00000394857,fs_control,0,1.0,0.0,,,0.0,,1.0,0.0,1275,258,8,57.41,56.98,0.5929411764705882,0.5542635658914729,0.0376470588235294,0.0310077519379844,0,0.0,0.0027173913043478,0.00028508,0.952,0.5715973254412519,2.0,6
random,FS_0092,FS,case,1,PRPH2,P23942,ENST00000230381,fs,1,1.0,1.0,,,0.0,,1.0,0.0,1041,226,3,55.81,60.18,0.6263208453410183,0.6194690265486725,0.031700288184438,0.0176991150442477,137,0.6061946902654868,0.0326086956521739,0.11554,0.665,0.7929612758205871,4.0,6
random,FS_0092,FS,control,0,SALL4,Q9UJQ4,ENST00000217086,fs_control,1,1.0,1.0,,,1.0,0.0,1.0,0.0,3162,450,4,56.99,53.78,0.6125869702719797,0.6711111111111111,0.0638836179633143,0.0733333333333333,132,0.2933333333333333,0.0489130434782608,0.99997,0.101,0.9488321352888264,5.0,7
random,FS_0093,FS,case,1,RASA1,P20936,ENST00000274376,fs,0,1.0,1.0,,,0.0,,1.0,0.0,3144,118,25,43.96,44.07,0.611323155216285,0.5423728813559322,0.0852417302798982,0.0847457627118644,0,0.0,0.0326086956521739,1.0,0.129,0.6821540195958068,3.0,6
random,FS_0093,FS,control,0,MYRF,Q9Y2G1,ENST00000278836,fs_control,1,1.0,1.0,,,1.0,1.0,1.0,0.0,3456,1760,27,63.25,62.44,0.6015625,0.6210227272727272,0.0807291666666666,0.0602272727272727,638,0.3625,0.0190217391304347,1.0,0.117,0.9097323892818776,6.0,7
random,FS_0094,FS,case,1,RDH12,Q96NR8,ENST00000551171,fs,1,1.0,1.0,,,1.0,,1.0,0.0,951,333,9,56.89,62.16,0.6056782334384858,0.5825825825825826,0.0504731861198738,0.081081081081081,125,0.3753753753753753,0.0217391304347826,2.2626e-09,1.435,0.9673375360746804,5.0,6
random,FS_0094,FS,control,0,USP7,Q93009,ENST00000344836,fs_control,1,1.0,1.0,,,1.0,1.0,1.0,1.0,3309,143,31,43.28,46.85,0.5974614687216682,0.5664335664335665,0.0652765185856754,0.0279720279720279,135,0.944055944055944,0.0353260869565217,1.0,0.061,0.5608624192538968,7.0,7
random,FS_0095,FS,case,1,ROR2,Q01974,ENST00000375708,fs,1,1.0,1.0,,,1.0,,1.0,1.0,2832,1288,9,61.37,62.66,0.600635593220339,0.5737577639751553,0.0723870056497175,0.0846273291925465,819,0.6358695652173914,0.0163043478260869,0.00012401,0.558,0.8446723439964896,6.0,6
random,FS_0095,FS,control,0,PRPF3,O43395,ENST00000324862,fs_control,1,1.0,1.0,,,1.0,0.0,1.0,1.0,2052,214,16,47.95,46.26,0.6276803118908382,0.677570093457944,0.070662768031189,0.0607476635514018,192,0.897196261682243,0.029891304347826,1.0,0.068,0.5590443265221209,6.0,7
random,FS_0096,FS,case,1,RORB,Q92753,ENST00000376896,fs,1,1.0,1.0,,,1.0,1.0,0.0,1.0,1380,256,10,47.17,42.97,0.6079710144927536,0.62109375,0.0275362318840579,0.0546875,215,0.83984375,0.0135869565217391,0.99991,0.112,0.9311695754606326,6.0,7
random,FS_0096,FS,control,0,FOXJ1,Q92949,ENST00000322957,fs_control,1,1.0,1.0,,,1.0,1.0,1.0,0.0,1266,879,3,69.27,68.37,0.6248025276461295,0.602957906712173,0.1074249605055292,0.098976109215017,252,0.2866894197952218,0.029891304347826,0.96901,0.278,0.9682126636104847,6.0,7
random,FS_0097,FS,case,1,RP1,P56715,ENST00000220676,fs,0,1.0,1.0,,,1.0,,1.0,0.0,6471,5758,4,39.5,37.03,0.62277855045588,0.624869746439736,0.0959666203059805,0.0979506773185133,0,0.0,0.0027173913043478,4.415e-13,0.704,0.9364700560324624,4.0,6
random,FS_0097,FS,control,0,TFAP2B,Q92481,ENST00000393655,fs_control,1,1.0,1.0,,,1.0,1.0,1.0,0.0,1383,307,7,58.35,58.31,0.603759942154736,0.5732899022801303,0.0751988430947216,0.0390879478827361,257,0.8371335504885994,0.0326086956521739,0.99023,0.259,0.938796170879646,6.0,7
random,FS_0098,FS,case,1,RPE65,Q16518,ENST00000262340,fs,1,1.0,1.0,,,0.0,,1.0,0.0,1602,175,14,43.57,49.14,0.6086142322097379,0.6114285714285714,0.0805243445692883,0.0228571428571428,175,1.0,0.0326086956521739,6.4889e-14,1.111,0.974239965344657,4.0,6
random,FS_0098,FS,control,0,SON,P18583,ENST00000356577,fs_control,1,0.0,0.0,,,1.0,1.0,1.0,0.0,7281,125,12,48.26,41.6,0.5831616536190084,0.656,0.0629034473286636,0.072,91,0.728,0.0054347826086956,1.0,0.118,0.5321866296261034,4.0,7
random,FS_0099,FS,case,1,SATB1,Q01826,ENST00000338745,fs,1,1.0,1.0,,,1.0,1.0,1.0,0.0,2292,603,11,49.39,52.4,0.631762652705061,0.6716417910447762,0.0571553228621291,0.0497512437810945,183,0.3034825870646766,0.0244565217391304,0.99051,0.293,0.5996451396181364,6.0,7
random,FS_0099,FS,control,0,DCC,P43146,ENST00000442544,fs_control,1,1.0,1.0,0.0,,1.0,,1.0,1.0,4344,181,29,48.96,49.17,0.611878453038674,0.6408839779005525,0.0587016574585635,0.0883977900552486,181,1.0,0.0054347826086956,0.99448,0.283,0.9590051141607916,6.0,7
random,FS_0100,FS,case,1,SCN3A,Q9NY46,ENST00000283254,fs,1,1.0,1.0,,,1.0,,1.0,0.0,6003,1246,28,42.83,43.98,0.6156921539230384,0.6260032102728732,0.0692986839913376,0.0666131621187801,761,0.6107544141252006,0.029891304347826,1.0,0.174,0.8522214952469623,5.0,6
random,FS_0100,FS,control,0,LHX4,Q969G2,ENST00000263726,fs_control,0,1.0,0.0,,,0.0,1.0,1.0,0.0,1173,464,6,57.37,55.6,0.6163682864450127,0.6443965517241379,0.0656436487638533,0.0689655172413793,0,0.0,0.0081521739130434,0.017521,0.686,0.709209872880613,3.0,7
random,FS_0101,FS,case,1,SCN4A,P35499,ENST00000435607,fs,1,1.0,1.0,,,1.0,,1.0,1.0,5511,1254,24,57.54,57.58,0.5949918345127926,0.5996810207336523,0.0462710941752857,0.0454545454545454,821,0.6547049441786283,0.0380434782608695,0.01294,0.378,0.9789245349074186,6.0,6
random,FS_0101,FS,control,0,MINPP1,Q9UNW1,ENST00000371996,fs_control,1,1.0,1.0,,,1.0,,1.0,0.0,1464,467,5,50.96,40.9,0.5901639344262295,0.6059957173447538,0.0717213114754098,0.0471092077087794,342,0.7323340471092077,0.0027173913043478,0.00045482,0.76,0.7227681650996856,5.0,6
random,FS_0102,FS,case,1,SCN5A,Q14524,ENST00000423572,fs,1,1.0,1.0,1.0,,1.0,,1.0,1.0,6048,1297,28,57.31,56.98,0.609292328042328,0.599845797995374,0.0534060846560846,0.0454895913646877,797,0.6144949884348496,0.0815217391304347,0.91291,0.308,0.9715692145249114,7.0,7
random,FS_0102,FS,control,0,PLAG1,Q6DJT9,ENST00000316981,fs_control,1,1.0,1.0,,,1.0,1.0,1.0,1.0,1503,1234,5,45.31,45.06,0.6447105788423154,0.6377633711507293,0.0499001996007984,0.0526742301458671,356,0.2884927066450567,0.0027173913043478,0.99532,0.188,0.8251191380450175,7.0,7
random,FS_0103,FS,case,1,SDHB,P21912,ENST00000375499,fs,1,1.0,0.0,,,1.0,,1.0,1.0,843,148,8,49.82,52.03,0.6061684460260973,0.6351351351351351,0.029655990510083,0.027027027027027,110,0.7432432432432432,0.029891304347826,0.00024397,0.825,0.5619069041090546,5.0,6
random,FS_0103,FS,control,0,NR3C1,P04150,ENST00000394464,fs_control,1,1.0,1.0,0.0,,1.0,0.0,1.0,1.0,2334,181,9,44.04,40.33,0.6062553556126821,0.6077348066298343,0.1028277634961439,0.1381215469613259,126,0.6961325966850829,0.0625,0.96958,0.32,0.7128387433542999,6.0,8
random,FS_0104,FS,case,1,SDHD,O14521,ENST00000375549,fs,1,1.0,1.0,,,,,0.0,1.0,480,141,4,53.33,53.19,0.5520833333333334,0.5319148936170213,0.0333333333333333,0.0567375886524822,141,1.0,0.0135869565217391,0.33697,0.731,0.4668467567376388,4.0,5
random,FS_0104,FS,control,0,MYO7A,Q13402,ENST00000409709,fs_control,1,1.0,1.0,0.0,,1.0,,1.0,1.0,6648,221,49,59.0,52.49,0.5958182912154031,0.6244343891402715,0.049338146811071,0.0361990950226244,220,0.995475113122172,0.0353260869565217,1.6097e-38,0.848,0.9057023585733428,6.0,7
random,FS_0105,FS,case,1,SEMA6B,Q9H3T3,ENST00000586582,fs,1,1.0,1.0,,,1.0,,1.0,0.0,2667,664,17,68.95,73.34,0.6122984626921635,0.6234939759036144,0.0926134233220847,0.1054216867469879,90,0.1355421686746988,0.0081521739130434,0.06227,0.462,0.8007248017405875,5.0,6
random,FS_0105,FS,control,0,PROM1,O43490,ENST00000447510,fs_control,0,1.0,1.0,,,1.0,,1.0,0.0,2598,115,27,42.92,35.65,0.6008468052347959,0.6869565217391305,0.0642802155504234,0.0782608695652174,17,0.1478260869565217,0.0706521739130434,1.9485e-22,1.051,0.9420453180584816,4.0,6
random,FS_0106,FS,case,1,SERPING1,P05155,ENST00000278407,fs,1,1.0,1.0,,,1.0,,1.0,1.0,1503,262,8,53.43,53.82,0.6420492348636061,0.5954198473282443,0.0578842315369261,0.049618320610687,262,1.0,0.0326086956521739,0.96351,0.322,0.7407554303483027,6.0,6
random,FS_0106,FS,control,0,DNMT3A,Q9Y6K1,ENST00000321117,fs_control,0,1.0,0.0,,,1.0,0.0,1.0,1.0,2739,194,23,60.2,47.94,0.6250456370938299,0.5567010309278351,0.0799561883899233,0.0206185567010309,0,0.0,0.0679347826086956,7.3538e-39,1.581,0.6217439077464858,4.0,7
random,FS_0107,FS,case,1,SETX,Q7Z333,ENST00000224140,fs,1,1.0,1.0,1.0,,1.0,1.0,1.0,0.0,8034,4085,26,40.85,42.5,0.6086631814787155,0.6046511627906976,0.0721931789892954,0.0687882496940024,1449,0.3547123623011016,0.0326086956521739,0.95483,0.296,0.6717552867031983,7.0,8
random,FS_0107,FS,control,0,CUX2,O14529,ENST00000261726,fs_control,1,1.0,1.0,,,1.0,1.0,1.0,0.0,4461,936,22,63.37,62.61,0.6025554808338938,0.6282051282051282,0.0970634386908764,0.1132478632478632,171,0.1826923076923076,0.0163043478260869,1.0,0.187,0.9264334580453498,6.0,7
random,FS_0108,FS,case,1,SHH,Q15465,ENST00000297261,fs,1,1.0,1.0,,,1.0,,1.0,1.0,1389,732,3,67.31,71.17,0.6177105831533477,0.6202185792349727,0.0590352771778257,0.0396174863387978,729,0.9959016393442623,0.1331521739130435,0.98258,0.242,0.9425357755041625,6.0,6
random,FS_0108,FS,control,0,AP1G1,O43747,ENST00000299980,fs_control,1,1.0,1.0,,,1.0,,1.0,1.0,2469,154,23,44.07,47.4,0.59983799108951,0.5454545454545454,0.0603483191575536,0.0259740259740259,154,1.0,0.0135869565217391,0.99998,0.202,0.46390617185323,6.0,6
random,FS_0109,FS,case,1,SLC3A1,Q07837,ENST00000260649,fs,1,1.0,0.0,,,0.0,,1.0,1.0,2058,495,10,44.41,41.82,0.597667638483965,0.5757575757575758,0.0602526724975704,0.0606060606060606,175,0.3535353535353535,0.0081521739130434,7.2168e-27,1.623,0.931751768385486,4.0,6
random,FS_0109,FS,control,0,RAI1,Q7Z5J4,ENST00000353383,fs_control,1,0.0,1.0,,,0.0,1.0,1.0,1.0,5721,179,6,64.01,54.75,0.6500611781157141,0.6759776536312849,0.0905436112567733,0.0446927374301676,179,1.0,0.0027173913043478,1.0,0.116,0.6395713652599399,5.0,7
random,FS_0110,FS,case,1,SLC40A1,Q9NP59,ENST00000261024,fs,1,1.0,1.0,,,1.0,,1.0,1.0,1716,375,8,45.92,41.07,0.6130536130536131,0.584,0.0477855477855477,0.0213333333333333,341,0.9093333333333332,0.0081521739130434,0.98835,0.291,0.8875359224518539,6.0,6
random,FS_0110,FS,control,0,KRT16,P08779,ENST00000301653,fs_control,1,1.0,1.0,,,1.0,,1.0,1.0,1422,1195,8,61.25,61.26,0.5759493670886076,0.5748953974895398,0.030942334739803,0.0368200836820083,850,0.7112970711297071,0.0108695652173913,1.5006e-14,1.614,0.9762276715773848,6.0,6
random,FS_0111,FS,case,1,SLC4A1,P02730,ENST00000262418,fs,1,1.0,1.0,1.0,,1.0,,1.0,1.0,2736,1419,20,59.47,58.91,0.60453216374269,0.6067653276955602,0.0526315789473684,0.0422832980972515,1395,0.9830866807610994,0.0163043478260869,0.84602,0.349,0.9879259378925008,7.0,7
random,FS_0111,FS,control,0,SLC12A2,P55011,ENST00000262461,fs_control,1,0.0,1.0,,,1.0,,0.0,0.0,3639,171,27,46.58,41.52,0.6202253366309426,0.5964912280701754,0.0656773838966749,0.023391812865497,171,1.0,0.0326086956521739,0.96153,0.31,0.727506496220964,3.0,6
random,FS_0112,FS,case,1,SOX9,P48436,ENST00000245479,fs,1,1.0,1.0,0.0,,1.0,1.0,1.0,0.0,1530,871,3,67.78,69.92,0.5895424836601307,0.6096440872560276,0.0986928104575163,0.1010332950631458,216,0.2479908151549942,0.1440217391304347,0.99772,0.168,0.8534654901611185,6.0,8
random,FS_0112,FS,control,0,F12,P00748,ENST00000253496,fs_control,1,1.0,1.0,,,1.0,,1.0,1.0,1848,866,14,65.8,70.9,0.6066017316017316,0.5866050808314087,0.0579004329004329,0.0519630484988452,635,0.733256351039261,0.0244565217391304,8.2526e-08,0.775,0.9734038037514972,6.0,6
random,FS_0113,FS,case,1,SPRED1,Q7Z699,ENST00000299084,fs,1,1.0,1.0,,,1.0,1.0,1.0,1.0,1335,735,7,43.3,42.31,0.5707865168539326,0.5619047619047619,0.0749063670411985,0.0775510204081632,301,0.4095238095238095,0.0054347826086956,0.97246,0.319,0.6858111435729681,7.0,7
random,FS_0113,FS,control,0,ANK1,P16157,ENST00000289734,fs_control,1,1.0,1.0,,,1.0,,1.0,1.0,5643,2823,42,58.46,59.05,0.6096048201311359,0.5869642224583776,0.0604288499025341,0.0456960680127523,921,0.3262486716259298,0.0326086956521739,1.0,0.169,0.95987478988482,6.0,6
random,FS_0114,FS,case,1,STUB1,Q9UNE7,ENST00000219548,fs,1,1.0,1.0,,,1.0,1.0,1.0,1.0,912,158,7,62.28,60.76,0.5756578947368421,0.4873417721518987,0.0471491228070175,0.1075949367088607,158,1.0,0.0434782608695652,0.018667,0.68,0.4421773571768123,7.0,7
random,FS_0114,FS,control,0,NUS1,Q96E22,ENST00000368494,fs_control,1,1.0,1.0,,,0.0,,1.0,1.0,882,116,5,53.85,43.97,0.6133786848072562,0.6120689655172413,0.0634920634920634,0.043103448275862,116,1.0,,0.98117,0.247,0.6765435444138529,5.0,6
random,FS_0115,FS,case,1,TBR1,Q16650,ENST00000389554,fs,1,1.0,1.0,,,1.0,1.0,1.0,0.0,2049,676,6,61.05,70.27,0.632015617374329,0.6627218934911243,0.0673499267935578,0.0502958579881656,604,0.893491124260355,0.029891304347826,0.99901,0.194,0.98212601984291,6.0,7
random,FS_0115,FS,control,0,KIF5A,Q12840,ENST00000455537,fs_control,0,1.0,0.0,,,1.0,,1.0,0.0,3099,1443,28,53.76,55.99,0.5843820587286221,0.5585585585585585,0.0393675379154566,0.0297990297990298,0,0.0,0.0326086956521739,0.99995,0.228,0.9395110363774128,3.0,6
random,FS_0116,FS,case,1,TBX3,O15119,ENST00000349155,fs,1,1.0,1.0,,,1.0,0.0,1.0,0.0,2172,843,7,61.97,72.84,0.643646408839779,0.6702253855278766,0.074585635359116,0.0842230130486358,347,0.4116251482799525,0.0489130434782608,0.98907,0.281,0.915208548328226,5.0,7
random,FS_0116,FS,control,0,FLT4,P35916,ENST00000261937,fs_control,0,1.0,0.0,,,1.0,1.0,1.0,0.0,4092,243,30,62.46,60.49,0.5764907135874878,0.6419753086419753,0.0552297165200391,0.0905349794238683,0,0.0,0.0489130434782608,1.0,0.147,0.8664605696491532,4.0,7
random,FS_0117,FS,case,1,TCAP,O15273,ENST00000309889,fs,1,1.0,1.0,,,1.0,,1.0,1.0,504,271,2,64.88,65.68,0.5773809523809523,0.5867158671586716,0.0357142857142857,0.029520295202952,271,1.0,0.0407608695652173,0.18939,0.948,0.980989365563416,6.0,6
random,FS_0117,FS,control,0,TGFB2,P61812,ENST00000366930,fs_control,1,1.0,1.0,,,1.0,,1.0,1.0,1245,237,7,47.79,44.73,0.5879518072289157,0.5991561181434599,0.0538152610441767,0.0168776371308016,237,1.0,0.0760869565217391,0.99905,0.148,0.7958202411419432,6.0,6
random,FS_0118,FS,case,1,TEK,Q02763,ENST00000380036,fs,1,1.0,1.0,,,1.0,,0.0,0.0,3375,108,23,47.79,43.52,0.605037037037037,0.5833333333333334,0.0562962962962962,0.0,47,0.4351851851851852,0.0679347826086956,1.0,0.179,0.8477730580892597,4.0,6
random,FS_0118,FS,control,0,CTCF,P49711,ENST00000264010,fs_control,0,1.0,0.0,,,1.0,1.0,1.0,0.0,2184,214,12,49.08,55.61,0.6126373626373627,0.6448598130841121,0.0801282051282051,0.0934579439252336,0,0.0,0.0788043478260869,0.99994,0.148,0.540853326111238,4.0,7
random,FS_0119,FS,case,1,TGFB3,P10600,ENST00000238682,fs,1,1.0,1.0,,,0.0,,1.0,1.0,1239,298,7,54.8,57.38,0.6045197740112994,0.5973154362416108,0.0645682001614205,0.0604026845637583,286,0.959731543624161,0.0896739130434782,0.98727,0.27,0.8063049404826003,5.0,6
random,FS_0119,FS,control,0,SOX17,Q9H6I2,ENST00000297316,fs_control,1,1.0,1.0,,,1.0,1.0,1.0,0.0,1245,970,2,71.57,72.16,0.6321285140562249,0.6453608247422681,0.0851405622489959,0.088659793814433,335,0.345360824742268,0.0679347826086956,0.88495,0.415,0.873404601260051,6.0,7
random,FS_0120,FS,case,1,TGFBR2,P37173,ENST00000295754,fs,1,1.0,1.0,,,1.0,,1.0,1.0,1704,246,7,52.41,58.94,0.5733568075117371,0.5691056910569106,0.0352112676056338,0.032520325203252,176,0.7154471544715447,0.0706521739130434,0.12535,0.519,0.7609918217400896,6.0,6
random,FS_0120,FS,control,0,RBM20,Q5T481,ENST00000369519,fs_control,0,1.0,1.0,,,1.0,1.0,1.0,0.0,3684,137,14,56.73,52.55,0.6267643865363735,0.5328467153284672,0.0860477741585233,0.0583941605839416,0,0.0,0.0271739130434782,0.98954,0.295,0.8960218777290704,5.0,7
random,FS_0121,FS,case,1,THRA,P10827,ENST00000450525,fs,1,1.0,1.0,,,1.0,0.0,1.0,1.0,1233,285,9,56.69,58.25,0.5798864557988646,0.5684210526315789,0.0364963503649635,0.0280701754385964,245,0.8596491228070176,0.0135869565217391,0.32748,0.454,0.751745113796535,6.0,7
random,FS_0121,FS,control,0,OPA3,Q9H6K4,ENST00000263275,fs_control,1,1.0,1.0,,,1.0,,1.0,0.0,540,219,2,66.3,63.47,0.65,0.6210045662100456,0.0074074074074074,0.0182648401826484,219,1.0,0.0081521739130434,0.5657,1.134,0.5863106872902705,5.0,6
random,FS_0122,FS,case,1,TRPC6,Q9Y210,ENST00000344327,fs,0,1.0,0.0,,,1.0,,1.0,1.0,2796,175,13,43.85,40.0,0.5994277539341917,0.6971428571428572,0.0726037195994277,0.0742857142857142,0,0.0,0.0353260869565217,3.0274e-07,0.654,0.9039665263211608,4.0,6
random,FS_0122,FS,control,0,COL6A1,P12109,ENST00000361866,fs_control,1,1.0,1.0,,,1.0,,1.0,0.0,3087,579,35,65.01,64.42,0.6135406543569809,0.5682210708117443,0.0916747651441529,0.0207253886010362,451,0.7789291882556131,0.0434782608695652,0.99995,0.227,0.7910046132175614,5.0,6
random,FS_0123,FS,case,1,TRPS1,Q9UHF7,ENST00000395715,fs,1,1.0,1.0,1.0,,1.0,1.0,1.0,0.0,3885,1086,7,47.26,45.86,0.6072072072072072,0.6141804788213628,0.0764478764478764,0.0607734806629834,102,0.0939226519337016,0.0081521739130434,1.0,0.111,0.787462777923306,7.0,8
random,FS_0123,FS,control,0,MPZ,P25189,ENST00000533357,fs_control,1,1.0,1.0,,,1.0,,1.0,1.0,747,382,6,57.97,54.71,0.570281124497992,0.5418848167539267,0.0870147255689424,0.1020942408376963,271,0.7094240837696335,0.0217391304347826,0.27158,0.638,0.9985226592518348,6.0,6
random,FS_0124,FS,case,1,VHL,P40337,ENST00000256474,fs,1,1.0,1.0,,,1.0,,1.0,1.0,642,261,3,61.53,53.26,0.6074766355140186,0.5632183908045977,0.0202492211838006,0.0191570881226053,228,0.8735632183908046,0.0244565217391304,0.079515,0.927,0.7133568531639026,6.0,6
random,FS_0124,FS,control,0,HNF4A,P41235,ENST00000316673,fs_control,1,1.0,1.0,,,1.0,1.0,1.0,1.0,1359,676,10,60.41,58.73,0.5401030169242089,0.5266272189349113,0.0507726269315673,0.0340236686390532,501,0.7411242603550295,0.1168478260869565,0.15285,0.505,0.9022607079850994,7.0,7
random,FS_0125,FS,case,1,WFS1,O76024,ENST00000226760,fs,1,1.0,,1.0,,1.0,,1.0,0.0,2673,1843,8,62.48,61.31,0.5948372615039281,0.5870862723819859,0.0404040404040404,0.0265870862723819,613,0.3326098752034725,0.0380434782608695,1.6230999999999999e-38,1.93,0.7363510045039251,5.0,6
random,FS_0125,FS,control,0,ARID2,Q68CP9,ENST00000334344,fs_control,0,0.0,0.0,,,1.0,0.0,1.0,0.0,5508,103,21,44.06,38.83,0.5782498184458968,0.5533980582524272,0.0628177196804647,0.0388349514563106,0,0.0,0.0353260869565217,1.0,0.096,0.7374103521842829,2.0,7
random,FS_0126,FS,case,1,WNT1,P04628,ENST00000293549,fs,1,1.0,1.0,,,1.0,,1.0,0.0,1113,386,4,66.58,68.65,0.5750224618149147,0.5673575129533679,0.0610961365678346,0.082901554404145,386,1.0,0.1059782608695652,0.3263,0.603,0.917792415750198,5.0,6
random,FS_0126,FS,control,0,GLS,O94925,ENST00000320717,fs_control,1,1.0,1.0,,,0.0,,1.0,1.0,2010,128,18,46.52,41.41,0.6049751243781094,0.734375,0.0925373134328358,0.1015625,128,1.0,0.0054347826086956,0.96154,0.323,0.7071950598856398,5.0,6
random,FS_0127,FS,case,1,WNT10A,Q9GZT5,ENST00000258411,fs,1,1.0,1.0,,,,,1.0,0.0,1254,475,4,66.59,62.11,0.6028708133971292,0.6231578947368421,0.0542264752791068,0.0673684210526315,475,1.0,0.0271739130434782,4.1667e-09,1.369,0.976957797811235,4.0,5
random,FS_0127,FS,control,0,PRRT2,Q7Z6L0,ENST00000358758,fs_control,1,0.0,1.0,,,0.0,,0.0,1.0,1023,150,4,62.46,63.33,0.6715542521994134,0.58,0.1554252199413489,0.1,128,0.8533333333333334,0.0244565217391304,0.57919,0.56,0.9269317990205722,3.0,6
random,FS_0128,FS,case,1,ZFHX3,Q15911,ENST00000268489,fs,0,1.0,1.0,,,1.0,1.0,1.0,0.0,11112,1765,10,56.24,61.08,0.6247300215982722,0.6487252124645893,0.0768538516918646,0.1076487252124645,0,0.0,0.0135869565217391,1.0,0.136,0.8582261788344843,5.0,7
random,FS_0128,FS,control,0,COL1A2,P08123,ENST00000297268,fs_control,1,1.0,1.0,,,1.0,,0.0,0.0,4101,123,52,58.79,40.65,0.6425262131187516,0.6016260162601627,0.063643013899049,0.1056910569105691,123,1.0,0.0706521739130434,1.0,0.202,0.9547461760555584,4.0,6
random,FS_0129,FS,case,1,ZIC2,O95409,ENST00000376335,fs,1,1.0,1.0,,,1.0,1.0,1.0,0.0,1599,399,3,69.67,67.17,0.6416510318949343,0.6416040100250626,0.0794246404002501,0.1052631578947368,204,0.5112781954887218,0.0163043478260869,0.97362,0.267,0.984459065131592,6.0,7
random,FS_0129,FS,control,0,SPINK1,P00995,ENST00000296695,fs_control,1,1.0,1.0,,,1.0,,,1.0,240,50,4,44.17,44.0,0.5708333333333333,0.62,0.0541666666666666,0.0,22,0.44,0.0135869565217391,0.31476,1.133,0.9644297098692698,5.0,5
random,FS_0130,FS,case,1,ZNF148,Q9UQR1,ENST00000360647,fs,1,1.0,1.0,,,1.0,1.0,1.0,0.0,2385,1630,9,41.43,41.72,0.5647798742138365,0.5644171779141104,0.070859538784067,0.0717791411042944,29,0.0177914110429447,0.0081521739130434,0.99997,0.103,0.5610893420599934,6.0,7
random,FS_0130,FS,control,0,KCNQ3,O43525,ENST00000388996,fs_control,1,1.0,1.0,,,1.0,,1.0,0.0,2619,735,15,56.28,55.92,0.6353570064910271,0.6285714285714286,0.08323787705231,0.0884353741496598,372,0.5061224489795918,0.0489130434782608,0.80089,0.356,0.9037093330509018,5.0,6
random,FS_0131,FS,case,1,ZNF292,O60281,ENST00000369577,fs,1,1.0,1.0,,,1.0,1.0,1.0,0.0,8172,7188,8,38.69,37.8,0.6243269701419482,0.6228436282693378,0.0860254527655408,0.0879243183082916,626,0.08708959376739,0.0027173913043478,1.0,0.14,0.752052123336505,6.0,7
random,FS_0131,FS,control,0,SLC30A2,Q9BRI3,ENST00000374276,fs_control,1,,1.0,,,1.0,,1.0,1.0,1119,529,8,58.0,56.9,0.6032171581769437,0.5765595463137996,0.0580875781948168,0.0850661625708884,520,0.9829867674858224,,0.080883,0.615,0.963456080376294,5.0,5
random,SNV_0001,SNV,case,1,ACVRL1,P37023,ENST00000388922,snv,1,1.0,1.0,,,0.0,,1.0,1.0,1512,186,10,61.31,55.38,0.5793650793650794,0.6290322580645161,0.0562169312169312,0.0806451612903225,138,0.7419354838709677,0.0353260869565217,0.00096719,0.692,0.8721524343396578,5.0,6
random,SNV_0001,SNV,control,0,BAP1,Q92560,ENST00000460680,snv_control,1,1.0,1.0,,,1.0,1.0,1.0,0.0,2190,185,17,58.45,61.08,0.6045662100456621,0.5459459459459459,0.0484018264840182,0.0432432432432432,59,0.3189189189189189,0.0190217391304347,0.99443,0.277,0.7472919088322298,6.0,7
random,SNV_0002,SNV,case,1,AGO2,Q9UKV8,ENST00000220592,snv,1,1.0,1.0,,,1.0,0.0,1.0,1.0,2580,160,19,56.71,58.13,0.6042635658914729,0.675,0.0573643410852713,0.0,31,0.19375,0.0407608695652173,1.0,0.106,0.5346156836887342,6.0,7
random,SNV_0002,SNV,control,0,MINPP1,Q9UNW1,ENST00000371996,snv_control,1,1.0,1.0,,,1.0,,1.0,0.0,1464,448,5,50.96,40.4,0.5901639344262295,0.59375,0.0717213114754098,0.0491071428571428,301,0.671875,0.0027173913043478,0.00045482,0.76,0.7227681650996856,5.0,6
random,SNV_0003,SNV,case,1,ARID1A,O14497,ENST00000324856,snv,1,1.0,1.0,,,1.0,1.0,1.0,1.0,6858,1785,20,59.83,54.34,0.6396908719743365,0.6246498599439776,0.0854476523767862,0.0565826330532212,768,0.4302521008403361,0.0760869565217391,1.0,0.071,0.6004483262813832,7.0,7
random,SNV_0003,SNV,control,0,PACS1,Q6VY07,ENST00000320580,snv_control,1,0.0,1.0,,,0.0,,1.0,0.0,2892,167,24,57.33,58.08,0.6044260027662517,0.5389221556886228,0.0618948824343015,0.0239520958083832,149,0.8922155688622755,0.0135869565217391,0.99999,0.185,0.5681697504606343,3.0,6
random,SNV_0004,SNV,case,1,BARD1,Q99728,ENST00000260947,snv,0,1.0,1.0,,,1.0,1.0,1.0,1.0,2334,384,11,43.92,48.18,0.5685518423307626,0.5442708333333334,0.0599828620394173,0.0234375,0,0.0,0.0271739130434782,1.3777e-24,1.358,0.8315869733659963,6.0,7
random,SNV_0004,SNV,control,0,C9orf72,Q96LT7,ENST00000380003,snv_control,0,1.0,0.0,,,1.0,1.0,1.0,1.0,1446,238,11,40.73,37.82,0.6113416320885201,0.7142857142857143,0.0463347164591977,0.1134453781512605,0,0.0,0.0135869565217391,1.0647e-06,0.928,0.7642230156852217,5.0,7
random,SNV_0005,SNV,case,1,BRCA1,P38398,ENST00000357654,snv,1,1.0,1.0,0.0,,0.0,1.0,1.0,1.0,5592,176,23,41.22,56.25,0.6074749642346209,0.5852272727272727,0.0742131616595136,0.0511363636363636,110,0.625,0.1114130434782608,9.215699999999999e-29,0.915,0.91741549838723,6.0,8
random,SNV_0005,SNV,control,0,STOX1,Q6ZVD7,ENST00000298596,snv_control,0,1.0,0.0,,,0.0,1.0,1.0,0.0,2970,199,4,47.41,40.7,0.6272727272727273,0.5628140703517588,0.0747474747474747,0.1055276381909547,0,0.0,0.0081521739130434,1.4404e-16,1.124,0.7993914517302549,3.0,7
random,SNV_0006,SNV,case,1,C1S,P09871,ENST00000360817,snv,1,1.0,1.0,,,1.0,,1.0,1.0,2067,848,12,48.43,52.12,0.6013546202225447,0.5931603773584906,0.0730527334300919,0.0860849056603773,734,0.8655660377358491,0.0190217391304347,0.00067654,0.596,0.7910954517315001,6.0,6
random,SNV_0006,SNV,control,0,BAG3,O95817,ENST00000369085,snv_control,1,1.0,1.0,,,1.0,,1.0,1.0,1728,870,4,60.88,55.86,0.6284722222222222,0.6275862068965518,0.0810185185185185,0.0977011494252873,219,0.2517241379310345,0.0326086956521739,0.61738,0.447,0.8472938032613111,6.0,6
random,SNV_0007,SNV,case,1,CASR,P41180,ENST00000639785,snv,1,1.0,1.0,0.0,,1.0,,1.0,1.0,3237,1556,7,54.34,57.26,0.6098239110287303,0.5906169665809768,0.0531356194006796,0.0404884318766066,845,0.5430591259640103,0.029891304347826,0.046698,0.451,0.9777185826565262,6.0,7
random,SNV_0007,SNV,control,0,KLF1,Q13351,ENST00000264834,snv_control,1,1.0,1.0,,,1.0,0.0,1.0,1.0,1089,227,3,70.25,64.32,0.6648301193755739,0.6123348017621145,0.078971533516988,0.0748898678414096,191,0.8414096916299559,0.0271739130434782,0.000358,1.128,0.9953610704160324,6.0,7
random,SNV_0008,SNV,case,1,CCND2,P30279,ENST00000261254,snv,1,1.0,1.0,0.0,,1.0,0.0,1.0,0.0,870,201,5,57.82,55.72,0.5724137931034483,0.5422885572139303,0.0183908045977011,0.0199004975124378,111,0.5522388059701493,0.0516304347826086,0.98658,0.229,0.78065303578139,5.0,8
random,SNV_0008,SNV,control,0,LIPC,P11150,ENST00000299022,snv_control,1,0.0,1.0,,,1.0,,1.0,0.0,1500,163,9,52.4,40.49,0.612,0.5705521472392638,0.0593333333333333,0.1104294478527607,76,0.4662576687116564,0.0190217391304347,3.2764e-07,0.93,0.9595743597338344,4.0,6
random,SNV_0009,SNV,case,1,CFH,P08603,ENST00000367429,snv,1,1.0,1.0,,,1.0,,1.0,1.0,3696,254,22,39.83,39.37,0.6222943722943723,0.594488188976378,0.0608766233766233,0.0669291338582677,188,0.7401574803149606,0.029891304347826,0.86061,0.324,0.8783034321887986,6.0,6
random,SNV_0009,SNV,control,0,SHOC2,Q9UQ13,ENST00000369452,snv_control,1,0.0,1.0,,,1.0,0.0,1.0,0.0,1749,260,9,40.71,47.31,0.6506575185820469,0.6307692307692307,0.0623213264722698,0.0384615384615384,89,0.3423076923076923,0.0135869565217391,0.99946,0.138,0.6564709039301323,4.0,7
random,SNV_0010,SNV,case,1,CFTR,P13569,ENST00000003084,snv,0,1.0,1.0,1.0,,1.0,0.0,1.0,1.0,4443,252,27,41.53,49.6,0.6103983794733289,0.6428571428571429,0.0735989196488858,0.0674603174603174,0,0.0,0.0733695652173913,2.1735e-58,1.307,0.9355332694426448,6.0,8
random,SNV_0010,SNV,control,0,RB1,P06400,ENST00000267163,snv_control,1,1.0,1.0,0.0,0.0,1.0,0.0,1.0,0.0,2787,125,27,39.0,40.0,0.6092572658772875,0.576,0.0914962325080731,0.064,113,0.904,0.0570652173913043,1.0,0.126,0.8013888954585768,5.0,9
random,SNV_0011,SNV,case,1,CNNM2,Q9H8M5,ENST00000369878,snv,1,1.0,0.0,,,1.0,,1.0,1.0,2628,261,8,57.15,50.96,0.6160578386605784,0.5172413793103449,0.0734398782343987,0.0996168582375478,93,0.3563218390804598,0.0027173913043478,0.99521,0.267,0.7000774886799882,5.0,6
random,SNV_0011,SNV,control,0,FGF8,P55075,ENST00000320185,snv_control,1,1.0,1.0,,,1.0,,1.0,1.0,735,342,6,63.95,63.45,0.6081632653061224,0.5906432748538012,0.0625850340136054,0.0730994152046783,219,0.6403508771929824,0.0788043478260869,0.67676,0.51,0.8972977336516953,6.0,6
random,SNV_0012,SNV,case,1,CRB1,P82279,ENST00000367400,snv,1,1.0,1.0,,,1.0,,1.0,1.0,4221,267,12,45.34,53.56,0.6095711916607439,0.5580524344569289,0.0549632788438758,0.0636704119850187,39,0.146067415730337,0.046195652173913,5.6266e-16,0.829,0.9020711773057192,6.0,6
random,SNV_0012,SNV,control,0,DHX37,Q8IY37,ENST00000308736,snv_control,1,0.0,1.0,,,0.0,0.0,1.0,0.0,3474,137,27,61.14,56.93,0.6128382268278642,0.635036496350365,0.0708117443868739,0.1386861313868613,125,0.9124087591240876,0.0135869565217391,0.99252,0.289,0.721659614678946,3.0,7
random,SNV_0013,SNV,case,1,CREBBP,Q92793,ENST00000262367,snv,1,1.0,1.0,0.0,,1.0,1.0,1.0,1.0,7329,2208,31,56.88,65.31,0.611679628871606,0.6019021739130435,0.0814572247237003,0.1019021739130434,621,0.28125,0.1494565217391304,1.0,0.066,0.594436502706408,7.0,8
random,SNV_0013,SNV,control,0,LMBRD2,Q68DH5,ENST00000296603,snv_control,0,1.0,0.0,,,1.0,,1.0,0.0,2088,112,18,38.36,38.39,0.6168582375478927,0.5714285714285714,0.0852490421455938,0.0357142857142857,0,0.0,,0.00016404,0.547,0.5283414044125023,3.0,6
random,SNV_0014,SNV,case,1,DSP,P15924,ENST00000379802,snv,1,1.0,1.0,,,1.0,,1.0,1.0,8616,3288,24,48.33,48.42,0.5899489322191273,0.6079683698296837,0.0548978644382544,0.0611313868613138,897,0.2728102189781022,0.0353260869565217,0.99978,0.26,0.9590385335513152,6.0,6
random,SNV_0014,SNV,control,0,MLLT10,P55197,ENST00000307729,snv_control,0,0.0,0.0,,,0.0,1.0,1.0,0.0,3207,96,23,45.4,41.67,0.6102276270657936,0.53125,0.0617399438727783,0.0833333333333333,0,0.0,0.0163043478260869,1.0,0.182,0.702577532801647,2.0,7
random,SNV_0015,SNV,case,1,EDAR,Q9UNE0,ENST00000258443,snv,1,1.0,0.0,,,1.0,,1.0,0.0,1347,374,12,59.02,56.68,0.579064587973274,0.5133689839572193,0.0623608017817371,0.0721925133689839,222,0.5935828877005348,0.0081521739130434,1.3242e-06,0.906,0.9382672879321612,4.0,6
random,SNV_0015,SNV,control,0,AGRP,O00253,ENST00000290953,snv_control,1,1.0,1.0,,,,,1.0,0.0,399,234,4,63.91,61.11,0.5488721804511278,0.5,0.0325814536340852,0.017094017094017,111,0.4743589743589743,0.0108695652173913,0.00069912,1.68,0.980172745379519,4.0,5
random,SNV_0016,SNV,case,1,EP300,Q09472,ENST00000263253,snv,1,1.0,1.0,,,1.0,1.0,1.0,1.0,7245,2235,31,51.55,57.85,0.6140786749482402,0.6223713646532438,0.0657004830917874,0.0756152125279642,642,0.287248322147651,0.1929347826086956,1.0,0.099,0.5209494404626289,7.0,7
random,SNV_0016,SNV,control,0,MAST1,Q9Y2H9,ENST00000251472,snv_control,0,1.0,0.0,,,1.0,,1.0,0.0,4713,1313,26,63.57,70.45,0.6125610014852536,0.6252856054836253,0.0661998726925525,0.0883472962680883,0,0.0,,1.0,0.159,0.9554929008574328,3.0,6
random,SNV_0017,SNV,case,1,EPOR,P19235,ENST00000222139,snv,0,1.0,0.0,,,1.0,,1.0,1.0,1527,663,8,64.44,60.78,0.6051080550098232,0.6108597285067874,0.0753110674525212,0.0950226244343891,0,0.0,0.0190217391304347,0.0101,0.652,0.9294577335768076,4.0,6
random,SNV_0017,SNV,control,0,NR2E3,Q9Y5X4,ENST00000617575,snv_control,1,1.0,1.0,,,0.0,0.0,1.0,1.0,1233,184,8,62.37,52.17,0.5928629359286294,0.6195652173913043,0.0665044606650446,0.0760869565217391,133,0.7228260869565217,0.0353260869565217,,,0.7842459875439322,5.0,7
random,SNV_0018,SNV,case,1,EVC2,Q86UK5,ENST00000344408,snv,0,0.0,0.0,,,1.0,1.0,1.0,0.0,3927,319,22,54.93,47.02,0.6180290297937356,0.6865203761755486,0.0685001273236567,0.0971786833855799,0,0.0,0.0190217391304347,1.0207e-34,1.064,0.7677405101136625,3.0,7
random,SNV_0018,SNV,control,0,NACC1,Q96RE7,ENST00000292431,snv_control,1,1.0,1.0,,,1.0,1.0,1.0,0.0,1584,311,6,64.71,62.38,0.5940656565656566,0.5819935691318328,0.0486111111111111,0.0418006430868167,89,0.2861736334405145,0.0027173913043478,0.99763,0.169,0.670040905625186,6.0,7
random,SNV_0019,SNV,case,1,F2,P00734,ENST00000311907,snv,1,1.0,1.0,,,1.0,,1.0,1.0,1869,195,14,59.12,50.77,0.593900481540931,0.6153846153846154,0.0460139111824505,0.0871794871794871,165,0.8461538461538461,0.0597826086956521,0.0011118,0.536,0.9744995434478384,6.0,6
random,SNV_0019,SNV,control,0,SP6,Q3SY56,ENST00000536300,snv_control,1,1.0,1.0,,,1.0,1.0,1.0,0.0,1131,1131,2,68.7,68.7,0.6410256410256411,0.6410256410256411,0.0963748894783377,0.0963748894783377,219,0.1936339522546419,0.0081521739130434,0.14961,0.761,0.9393857100527716,6.0,7
random,SNV_0020,SNV,case,1,FBN1,P35555,ENST00000316623,snv,0,1.0,0.0,0.0,,1.0,,1.0,0.0,8616,441,66,48.92,41.27,0.61652739090065,0.5963718820861678,0.0504874651810585,0.0566893424036281,0,0.0,0.0407608695652173,1.0,0.049,0.9493102721776132,3.0,7
random,SNV_0020,SNV,control,0,COL5A2,P05997,ENST00000374866,snv_control,1,1.0,1.0,,,0.0,,1.0,0.0,4500,198,54,55.91,45.45,0.6515555555555556,0.6868686868686869,0.076,0.0202020202020202,192,0.9696969696969696,0.0407608695652173,1.0,0.097,0.9133959123308824,4.0,6
random,SNV_0021,SNV,case,1,FBXO11,Q86XK2,ENST00000403359,snv,1,1.0,1.0,,,1.0,0.0,1.0,1.0,2784,181,23,42.03,40.33,0.6174568965517241,0.574585635359116,0.0660919540229885,0.0276243093922651,79,0.43646408839779,0.0135869565217391,1.0,0.097,0.65086524588822,6.0,7
random,SNV_0021,SNV,control,0,COL11A2,P13942,ENST00000549811,snv_control,1,1.0,1.0,0.0,,1.0,,1.0,0.0,5211,192,66,64.69,63.54,0.6591824985607369,0.5729166666666666,0.1212819036653233,0.1041666666666666,183,0.953125,0.0489130434782608,0.70197,0.306,0.9254533942349406,5.0,7
random,SNV_0022,SNV,case,1,FH,P07954,ENST00000366560,snv,1,1.0,1.0,,,1.0,0.0,1.0,1.0,1533,194,10,45.99,43.3,0.5805609915198956,0.5670103092783505,0.0652315720808871,0.0463917525773195,159,0.8195876288659794,0.0244565217391304,0.08824,0.544,0.5949981474346508,6.0,7
random,SNV_0022,SNV,control,0,THBD,P07204,ENST00000377103,snv_control,1,1.0,1.0,,,1.0,,1.0,1.0,1728,1728,1,68.34,68.34,0.5856481481481481,0.5856481481481481,0.0607638888888888,0.0607638888888888,948,0.5486111111111112,0.0271739130434782,0.053769,0.791,0.7768827534226234,6.0,6
random,SNV_0023,SNV,case,1,FLG,P20930,ENST00000368799,snv,1,1.0,1.0,,,1.0,,1.0,1.0,12186,12099,3,55.1,55.28,0.5548990645002462,0.5543433341598479,0.0320039389463318,0.0305810397553516,3915,0.3235804611951401,0.0135869565217391,0.00028793,1.96,0.9912221042724564,6.0,6
random,SNV_0023,SNV,control,0,RPL5,P46777,ENST00000370321,snv_control,1,1.0,1.0,,,1.0,1.0,1.0,0.0,894,151,8,44.18,47.68,0.6096196868008948,0.6821192052980133,0.0492170022371364,0.1125827814569536,124,0.8211920529801324,0.0271739130434782,0.99776,0.167,0.74395727407907,6.0,7
random,SNV_0024,SNV,case,1,FLNC,Q14315,ENST00000325888,snv,1,1.0,1.0,,,1.0,,1.0,0.0,8178,239,48,62.17,56.07,0.5964783565663977,0.6317991631799164,0.0682318415260454,0.104602510460251,224,0.9372384937238494,0.0407608695652173,0.99994,0.25,0.9498199602166604,5.0,6
random,SNV_0024,SNV,control,0,TECTA,O75443,ENST00000392793,snv_control,0,1.0,1.0,,,0.0,,1.0,0.0,6468,152,24,54.41,45.39,0.5964749536178108,0.5657894736842105,0.0587507730364873,0.0263157894736842,0,0.0,0.0135869565217391,2.9863e-16,0.58,0.7394196663920826,3.0,6
random,SNV_0025,SNV,case,1,GLI2,,ENST00000361492,snv,0,,,,,,,,,4710,2519,14,66.45,68.8,0.6063694267515923,0.6026200873362445,0.0868365180467091,0.0893211591901548,0,0.0,0.0652173913043478,0.97303,0.309,0.8800969758184566,0.0,1
random,SNV_0025,SNV,control,0,BNC1,Q01954,ENST00000345382,snv_control,1,1.0,1.0,,,1.0,1.0,1.0,0.0,2985,736,5,51.36,52.17,0.6053601340033501,0.5774456521739131,0.0616415410385259,0.0557065217391304,69,0.09375,,0.96479,0.326,0.9547501446156472,6.0,7
random,SNV_0026,SNV,case,1,GRIN2B,Q13224,ENST00000609686,snv,1,1.0,1.0,,,1.0,,1.0,1.0,4455,1908,14,54.1,58.44,0.5937149270482603,0.5828092243186582,0.0540965207631874,0.050314465408805,1905,0.9984276729559748,0.0516304347826086,1.0,0.061,0.9274721924309433,6.0,6
random,SNV_0026,SNV,control,0,SMARCA4,P51532,ENST00000344626,snv_control,0,1.0,0.0,0.0,,1.0,0.0,1.0,0.0,4944,84,35,61.29,58.33,0.6203478964401294,0.5476190476190477,0.0586569579288025,0.0,0,0.0,0.1385869565217391,1.0,0.055,0.6208076442838858,3.0,8
random,SNV_0027,SNV,case,1,HIVEP2,P31629,ENST00000367603,snv,0,1.0,0.0,,,1.0,0.0,1.0,0.0,7341,876,10,49.19,51.37,0.5988284974799074,0.5924657534246576,0.0532624982972347,0.069634703196347,0,0.0,0.0027173913043478,1.0,0.08,0.7523448132657088,3.0,7
random,SNV_0027,SNV,control,0,PRKG1,Q13976,ENST00000373980,snv_control,0,1.0,1.0,,,0.0,,1.0,1.0,2061,150,18,45.61,43.33,0.6060164968461912,0.6466666666666666,0.0727802037845705,0.0533333333333333,0,0.0,0.0407608695652173,0.99938,0.235,0.9182322844478168,4.0,6
random,SNV_0028,SNV,case,1,HNRNPR,O43390,ENST00000634713,snv,0,1.0,0.0,,,1.0,1.0,1.0,0.0,1911,664,11,46.68,53.31,0.6373626373626373,0.6430722891566265,0.0795395081109366,0.0888554216867469,0,0.0,0.0190217391304347,0.99935,0.21,0.6370409941458062,4.0,7
random,SNV_0028,SNV,control,0,MSTO1,Q9BUK6,ENST00000245564,snv_control,0,1.0,0.0,,,1.0,,1.0,0.0,1713,266,14,57.15,60.15,0.6112084063047285,0.5864661654135338,0.0700525394045534,0.0338345864661654,0,0.0,0.0081521739130434,1.6182e-09,1.076,0.7741421596276721,3.0,6
random,SNV_0029,SNV,case,1,KAT6A,Q92794,ENST00000265713,snv,0,1.0,0.0,,,1.0,1.0,1.0,0.0,6015,2714,17,49.31,54.16,0.6204488778054863,0.6127487103905674,0.0713216957605985,0.0478997789240972,0,0.0,0.029891304347826,1.0,0.069,0.5678416140993691,4.0,7
random,SNV_0029,SNV,control,0,SMAD6,O43541,ENST00000288840,snv_control,1,1.0,1.0,,,1.0,1.0,1.0,1.0,1491,590,4,71.7,67.63,0.6197183098591549,0.5745762711864407,0.0690811535881958,0.059322033898305,495,0.8389830508474576,0.0434782608695652,3.6282e-20,1.975,0.8661397670440638,7.0,7
random,SNV_0030,SNV,case,1,KAT6B,Q8WYB5,ENST00000630001,snv,0,1.0,0.0,,,1.0,1.0,1.0,0.0,6222,2609,18,48.25,51.63,0.6242365798778527,0.6055960137983902,0.0821279331404693,0.0597930241471828,0,0.0,0.0244565217391304,1.0,0.128,0.5713806295100274,4.0,7
random,SNV_0030,SNV,control,0,ARL3,P36405,ENST00000260746,snv_control,1,1.0,1.0,,,1.0,1.0,1.0,1.0,549,99,6,44.63,48.48,0.5737704918032787,0.5050505050505051,0.0856102003642987,0.0505050505050505,78,0.7878787878787878,0.0081521739130434,0.0014071,1.097,0.6541469318725803,7.0,7
random,SNV_0031,SNV,case,1,KCNB1,Q14721,ENST00000371741,snv,1,1.0,1.0,,,1.0,,1.0,1.0,2577,2061,2,55.1,52.74,0.6034148234381064,0.6147501213003397,0.0752813348855258,0.0873362445414847,1242,0.6026200873362445,0.0516304347826086,0.99977,0.125,0.8574474877154706,6.0,6
random,SNV_0031,SNV,control,0,MKRN3,Q13064,ENST00000314520,snv_control,1,1.0,1.0,,,1.0,,1.0,0.0,1524,1524,1,56.56,56.56,0.6036745406824147,0.6036745406824147,0.0623359580052493,0.0623359580052493,609,0.3996062992125984,,0.27756,0.634,0.9070530860556768,5.0,6
random,SNV_0032,SNV,case,1,KIF21A,Q7Z4S6,ENST00000361418,snv,1,1.0,1.0,,,1.0,,1.0,1.0,5025,145,38,42.19,42.07,0.5982089552238806,0.6206896551724138,0.0807960199004975,0.0689655172413793,73,0.503448275862069,0.0163043478260869,2.865e-08,0.456,0.7879188377771896,6.0,6
random,SNV_0032,SNV,control,0,ATP2B1,P20020,ENST00000428670,snv_control,1,1.0,1.0,,,1.0,,1.0,0.0,3663,363,21,40.08,42.42,0.598962598962599,0.6143250688705234,0.0849030849030849,0.0633608815426997,141,0.3884297520661157,0.0190217391304347,1.0,0.084,0.8193058508200681,5.0,6
random,SNV_0034,SNV,case,1,LRSAM1,Q6UWE0,ENST00000300417,snv,1,1.0,0.0,0.0,,0.0,,1.0,1.0,2172,177,26,56.49,65.54,0.5787292817679558,0.6271186440677966,0.0377532228360957,0.0,129,0.7288135593220338,0.0135869565217391,3.1008e-13,0.754,0.5566000298783976,4.0,7
random,SNV_0034,SNV,control,0,MITF,O75030,ENST00000352241,snv_control,1,1.0,1.0,,,1.0,1.0,1.0,0.0,1581,453,10,50.79,51.66,0.5913978494623656,0.6048565121412803,0.0626185958254269,0.0397350993377483,375,0.8278145695364238,0.029891304347826,0.98119,0.308,0.861642380830208,6.0,7
random,SNV_0035,SNV,case,1,MFN2,O95140,ENST00000235329,snv,1,1.0,1.0,,,1.0,,1.0,1.0,2274,121,19,54.66,47.93,0.5923482849604221,0.5454545454545454,0.0351802990325417,0.0330578512396694,109,0.9008264462809916,0.0380434782608695,0.99415,0.282,0.6268529717719417,6.0,6
random,SNV_0035,SNV,control,0,HLA-G,,ENST00000615464,snv_control,0,,,,,,,,,1032,56,7,62.79,55.36,0.5920542635658915,0.4285714285714285,0.0503875968992248,0.0,0,0.0,0.0081521739130434,1.365e-11,1.458,0.8939540812186954,0.0,1
random,SNV_0036,SNV,case,1,MLH1,P40692,ENST00000231790,snv,1,1.0,1.0,,,1.0,0.0,1.0,1.0,2271,219,19,46.46,47.49,0.6014971378247468,0.6712328767123288,0.0673712021136063,0.0,216,0.9863013698630136,0.0489130434782608,3.41e-05,0.575,0.6354870314628441,6.0,7
random,SNV_0036,SNV,control,0,NFKB1,P19838,ENST00000226574,snv_control,0,1.0,0.0,1.0,,1.0,1.0,1.0,0.0,2910,212,24,48.87,54.72,0.6109965635738832,0.5660377358490566,0.0642611683848797,0.0566037735849056,0,0.0,0.0380434782608695,1.0,0.138,0.8165307702441547,5.0,8
random,SNV_0037,SNV,case,1,MN1,Q10571,ENST00000302326,snv,0,1.0,,,,0.0,0.0,1.0,0.0,3963,233,2,68.38,60.94,0.6404239212717638,0.575107296137339,0.1001766338632349,0.0343347639484978,0,0.0,0.0054347826086956,0.99999,0.087,0.8721329490177867,2.0,6
random,SNV_0037,SNV,control,0,KCNC1,P48547,ENST00000265969,snv_control,0,0.0,0.0,,,0.0,,0.0,0.0,1758,116,4,61.38,50.0,0.6069397042093287,0.646551724137931,0.0420932878270762,0.0344827586206896,0,0.0,0.0625,0.98957,0.262,0.9743421277515228,0.0,6
random,SNV_0038,SNV,case,1,MSH6,P52701,ENST00000234420,snv,0,1.0,1.0,0.0,,1.0,1.0,0.0,1.0,4083,133,10,44.89,37.59,0.6118050453098212,0.4962406015037593,0.0832721038452118,0.0300751879699248,19,0.1428571428571428,0.0407608695652173,3.6705e-05,0.498,0.7651806104123176,5.0,8
random,SNV_0038,SNV,control,0,RNF125,Q96EQ8,ENST00000217740,snv_control,1,1.0,1.0,0.0,,0.0,,1.0,0.0,699,138,6,49.07,33.33,0.5836909871244635,0.6086956521739131,0.0228898426323319,0.0579710144927536,27,0.1956521739130435,0.0027173913043478,4.6358e-05,1.284,0.7910288261623211,4.0,7
random,SNV_0039,SNV,case,1,MYH9,P35579,ENST00000216181,snv,1,1.0,1.0,,,1.0,,1.0,1.0,5883,169,41,59.19,63.31,0.6071732109467959,0.5798816568047337,0.0237973822879483,0.0946745562130177,49,0.2899408284023668,0.0271739130434782,1.0,0.088,0.8573064288659175,6.0,6
random,SNV_0039,SNV,control,0,SNRPB,P14678,ENST00000381342,snv_control,0,1.0,0.0,,,1.0,0.0,1.0,0.0,696,62,7,59.77,66.13,0.6364942528735632,0.6451612903225806,0.1048850574712643,0.1612903225806451,0,0.0,0.0217391304347826,0.70858,0.494,0.7357637045402048,3.0,7
random,SNV_0040,SNV,case,1,NAGLU,P54802,ENST00000225927,snv,1,1.0,1.0,,,1.0,,1.0,0.0,2232,1262,6,64.61,62.44,0.6205197132616488,0.6030110935023771,0.0672043010752688,0.0625990491283676,1202,0.9524564183835182,0.0054347826086956,1.3655e-08,0.903,0.5631310375625141,5.0,6
random,SNV_0040,SNV,control,0,STARD7,Q9NQZ5,ENST00000337288,snv_control,1,1.0,1.0,,,1.0,,1.0,0.0,1113,236,8,53.64,50.42,0.6424079065588499,0.5720338983050848,0.0404312668463611,0.0169491525423728,98,0.4152542372881356,,0.47179,0.485,0.596020890242125,5.0,6
random,SNV_0041,SNV,case,1,NARS1,O43776,ENST00000256854,snv,1,1.0,1.0,,,1.0,,0.0,1.0,1647,183,14,45.84,46.45,0.5950212507589556,0.6120218579234973,0.066180935033394,0.087431693989071,159,0.8688524590163934,0.0054347826086956,,,0.6189661366680377,5.0,6
random,SNV_0041,SNV,control,0,INSR,P06213,ENST00000302850,snv_control,1,1.0,1.0,1.0,,1.0,,1.0,1.0,4149,406,22,55.6,56.65,0.601349722824777,0.6477832512315271,0.0547119787900699,0.0566502463054187,124,0.3054187192118227,0.0516304347826086,3.6145e-05,0.453,0.7713804557270685,7.0,7
random,SNV_0042,SNV,case,1,NKX2-1,P43699,ENST00000354822,snv,1,1.0,1.0,,,1.0,1.0,1.0,0.0,1206,794,3,70.73,71.41,0.6459369817578773,0.6397984886649875,0.0621890547263681,0.0503778337531486,171,0.2153652392947103,0.0570652173913043,0.35874,0.586,0.9955389723993988,6.0,7
random,SNV_0042,SNV,control,0,PDE1C,Q14123,ENST00000396191,snv_control,0,1.0,0.0,,,1.0,,1.0,0.0,2130,221,18,47.14,47.06,0.584037558685446,0.5203619909502263,0.0629107981220657,0.1131221719457013,0,0.0,0.0108695652173913,5.3913e-09,0.699,0.8501092883589323,3.0,6
random,SNV_0043,SNV,case,1,NKX2-5,P52952,ENST00000329198,snv,1,1.0,1.0,,,1.0,1.0,1.0,1.0,975,692,2,68.51,67.92,0.64,0.6141618497109826,0.0605128205128205,0.0722543352601156,171,0.2471098265895953,0.0869565217391304,0.94531,0.326,0.9787873294916508,7.0,7
random,SNV_0043,SNV,control,0,GRHL2,Q6ISB3,ENST00000646743,snv_control,1,0.0,0.0,,,0.0,0.0,0.0,0.0,1878,166,16,49.04,48.19,0.6064962726304579,0.5662650602409639,0.0500532481363152,0.0602409638554216,160,0.963855421686747,0.0054347826086956,0.99683,0.27,0.8855571881266722,1.0,7
random,SNV_0044,SNV,case,1,NOTCH2,Q04721,ENST00000256646,snv,1,1.0,1.0,0.0,,1.0,1.0,1.0,1.0,7416,1440,34,53.74,55.83,0.6004584681769147,0.6166666666666667,0.058522114347357,0.0861111111111111,132,0.0916666666666666,0.0706521739130434,1.0,0.116,0.7674102569528441,7.0,8
random,SNV_0044,SNV,control,0,GFI1,Q99684,ENST00000294702,snv_control,1,0.0,1.0,,,1.0,1.0,1.0,1.0,1269,230,7,64.7,56.52,0.5918045705279747,0.7,0.053585500394011,0.0,182,0.7913043478260869,0.029891304347826,0.25492,0.561,0.8718750209174482,6.0,7
random,SNV_0045,SNV,case,1,NOTCH3,Q9UM47,ENST00000263388,snv,1,1.0,1.0,0.0,,1.0,1.0,1.0,0.0,6966,1104,33,66.42,69.02,0.5858455354579386,0.6557971014492754,0.0790984783232845,0.1666666666666666,204,0.1847826086956521,0.0760869565217391,0.40757,0.322,0.9047012979954216,6.0,8
random,SNV_0045,SNV,control,0,MTSS2,Q765P7,ENST00000338779,snv_control,1,1.0,0.0,,,1.0,,1.0,0.0,2244,824,15,66.27,70.87,0.6047237076648841,0.6383495145631068,0.0819964349376114,0.1262135922330097,81,0.0983009708737864,,,,0.7798852737115288,4.0,6
random,SNV_0046,SNV,case,1,NR3C2,P08235,ENST00000358102,snv,1,1.0,1.0,,,1.0,0.0,1.0,1.0,2955,207,9,47.01,57.97,0.6057529610829103,0.5990338164251208,0.0598984771573604,0.038647342995169,81,0.391304347826087,0.029891304347826,0.83739,0.35,0.6694615361391223,6.0,7
random,SNV_0046,SNV,control,0,MAFA,Q8NHW3,ENST00000333480,snv_control,1,1.0,1.0,,,1.0,1.0,1.0,1.0,1062,1062,1,73.63,73.63,0.6638418079096046,0.6638418079096046,0.0546139359698681,0.0546139359698681,375,0.3531073446327684,0.0108695652173913,0.0033727,1.646,0.9913060466075448,7.0,7
random,SNV_0047,SNV,case,1,NSD1,Q96L73,ENST00000439151,snv,1,1.0,1.0,,,1.0,1.0,1.0,0.0,8091,1679,23,47.25,55.27,0.6131504140402917,0.6295413936867182,0.0836732171548634,0.080405002977963,150,0.0893388921977367,0.0380434782608695,1.0,0.095,0.5495405092925908,6.0,7
random,SNV_0047,SNV,control,0,IGF1R,P08069,ENST00000650285,snv_control,1,1.0,1.0,,,1.0,,1.0,1.0,4104,433,21,55.09,62.59,0.6130604288499025,0.6420323325635104,0.0536062378167641,0.069284064665127,124,0.2863741339491917,0.092391304347826,0.96799,0.306,0.6824804749080506,6.0,6
random,SNV_0048,SNV,case,1,ODC1,P11926,ENST00000234111,snv,0,1.0,0.0,,,0.0,,1.0,1.0,1386,196,12,46.83,55.61,0.5800865800865801,0.6071428571428571,0.0519480519480519,0.0204081632653061,0,0.0,0.0081521739130434,0.16966,0.543,0.8436349397402233,3.0,6
random,SNV_0048,SNV,control,0,TRPV4,Q9HBA0,ENST00000261740,snv_control,0,1.0,0.0,,,1.0,,1.0,0.0,2616,209,16,59.48,63.64,0.6219418960244648,0.5980861244019139,0.0619266055045871,0.1052631578947368,0,0.0,0.0407608695652173,2.237e-16,1.057,0.9164899576263816,3.0,6
random,SNV_0049,SNV,case,1,OPLAH,O14841,ENST00000618853,snv,1,1.0,1.0,,,1.0,,1.0,0.0,3867,198,27,66.67,71.21,0.5968450995603827,0.6464646464646465,0.0747349366433928,0.1464646464646464,99,0.5,0.0081521739130434,6.9736e-17,0.868,0.8921636721969244,5.0,6
random,SNV_0049,SNV,control,0,FBP2,O00757,ENST00000375337,snv_control,1,1.0,1.0,,,1.0,1.0,0.0,1.0,1020,246,7,54.41,56.91,0.5931372549019608,0.5934959349593496,0.0598039215686274,0.073170731707317,222,0.902439024390244,0.0081521739130434,0.00022129,0.993,0.980467026428968,6.0,7
random,SNV_0050,SNV,case,1,PALB2,Q86YC2,ENST00000261584,snv,1,1.0,1.0,0.0,,1.0,0.0,0.0,1.0,3561,262,13,42.63,47.71,0.618646447627071,0.6145038167938931,0.0808761583824768,0.0343511450381679,253,0.965648854961832,0.0163043478260869,3.0379000000000004e-19,1.006,0.6796325601372778,5.0,8
random,SNV_0050,SNV,control,0,ADNP,Q9H2P0,ENST00000621696,snv_control,1,1.0,1.0,,,1.0,1.0,1.0,0.0,3309,3159,6,43.79,44.38,0.5995769114536114,0.5935422602089269,0.090057419159867,0.0854700854700854,2238,0.7084520417853751,0.0190217391304347,1.0,0.123,0.5416793421604955,6.0,7
random,SNV_0051,SNV,case,1,PKD1,P98161,ENST00000262304,snv,0,1.0,0.0,,,1.0,,1.0,0.0,12912,519,46,67.24,68.4,0.5923946716232962,0.6647398843930635,0.0589374225526641,0.0789980732177264,0,0.0,0.029891304347826,1.0,0.179,0.9242172827354568,3.0,6
random,SNV_0051,SNV,control,0,KCNK3,O14649,ENST00000302909,snv_control,1,1.0,1.0,1.0,,1.0,,1.0,1.0,1185,953,2,67.26,66.63,0.5586497890295359,0.559286463798531,0.0185654008438818,0.0230849947534102,395,0.4144805876180483,0.0326086956521739,0.90018,0.401,0.974190208191539,7.0,7
random,SNV_0052,SNV,case,1,PLEC,Q15149,ENST00000345136,snv,1,1.0,1.0,,,1.0,,1.0,0.0,13644,6270,32,66.91,65.87,0.6109645265318089,0.6129186602870813,0.0307094693638229,0.0385964912280701,2025,0.3229665071770335,0.0380434782608695,8.3469e-12,0.392,0.7337288861791247,5.0,6
random,SNV_0052,SNV,control,0,PACS2,Q86VP3,ENST00000447393,snv_control,1,0.0,1.0,0.0,,0.0,,1.0,0.0,2715,170,25,62.54,61.76,0.5823204419889503,0.4823529411764706,0.0615101289134438,0.0235294117647058,155,0.9117647058823528,0.0054347826086956,0.99583,0.279,0.815147561564439,3.0,7
random,SNV_0053,SNV,case,1,POGZ,Q7Z3K3,ENST00000271715,snv,1,1.0,1.0,,,1.0,1.0,1.0,1.0,4233,1714,19,51.1,52.33,0.5792582093078195,0.5554259043173863,0.0505551618237656,0.0560093348891481,562,0.3278879813302217,0.0163043478260869,1.0,0.119,0.6674179398368835,7.0,7
random,SNV_0053,SNV,control,0,SOX10,P56693,ENST00000396884,snv_control,0,1.0,0.0,,,1.0,0.0,1.0,0.0,1401,755,4,66.67,64.64,0.6231263383297645,0.6490066225165563,0.0856531049250535,0.1059602649006622,0,0.0,0.0842391304347826,0.99166,0.209,0.9599423105402902,3.0,7
random,SNV_0054,SNV,case,1,PPM1D,O15297,ENST00000305921,snv,0,1.0,0.0,,,1.0,1.0,1.0,0.0,1818,609,6,51.21,43.84,0.6325632563256326,0.6683087027914614,0.0599559955995599,0.0886699507389162,0,0.0,0.0135869565217391,2.2321e-11,1.096,0.7148485484336485,4.0,7
random,SNV_0054,SNV,control,0,GCM2,O75603,ENST00000379491,snv_control,0,1.0,0.0,,,1.0,1.0,1.0,0.0,1521,990,5,52.33,49.39,0.631163708086785,0.6434343434343435,0.0427350427350427,0.0515151515151515,0,0.0,0.0054347826086956,0.00091142,0.796,0.994419258332651,4.0,7
random,SNV_0055,SNV,case,1,PPOX,P50336,ENST00000367999,snv,1,1.0,1.0,,,1.0,,1.0,0.0,1434,194,13,59.27,52.06,0.5760111576011158,0.5824742268041238,0.0613668061366806,0.0670103092783505,173,0.8917525773195877,0.0027173913043478,0.02829,0.573,0.5839875954321798,5.0,6
random,SNV_0055,SNV,control,0,VAMP2,P63027,ENST00000316509,snv_control,1,1.0,1.0,,,0.0,,0.0,1.0,351,68,5,57.83,39.71,0.6239316239316239,0.6911764705882353,0.0997150997150997,0.0,59,0.8676470588235294,0.0326086956521739,0.88736,0.422,0.7380630956212223,4.0,6
random,SNV_0056,SNV,case,1,PRPF8,Q6P2Q9,ENST00000634039,snv,1,1.0,1.0,,,1.0,0.0,1.0,1.0,7008,206,42,52.21,54.85,0.5886130136986302,0.5728155339805825,0.0460901826484018,0.0631067961165048,194,0.941747572815534,0.0543478260869565,1.0,0.178,0.5767270661411025,6.0,7
random,SNV_0056,SNV,control,0,TSC2,P49815,ENST00000219476,snv_control,1,1.0,1.0,0.0,,1.0,,1.0,0.0,5424,216,42,60.2,64.35,0.6058259587020649,0.5740740740740741,0.0431415929203539,0.037037037037037,36,0.1666666666666666,0.029891304347826,1.0,0.074,0.6995795768365275,5.0,7
random,SNV_0057,SNV,case,1,RARB,P10826,ENST00000330688,snv,1,1.0,1.0,,,0.0,1.0,1.0,1.0,1347,248,8,47.74,45.56,0.5827765404602822,0.6330645161290323,0.0497401633259094,0.0806451612903225,77,0.3104838709677419,0.0326086956521739,0.99983,0.12,0.75892009480569,6.0,7
random,SNV_0057,SNV,control,0,ATP6V0A1,Q93050,ENST00000343619,snv_control,1,1.0,1.0,,,1.0,,1.0,1.0,2514,145,22,46.98,51.03,0.6324582338902148,0.6344827586206897,0.0572792362768496,0.0,112,0.7724137931034483,0.0081521739130434,0.99797,0.268,0.7454194636788221,6.0,6
random,SNV_0058,SNV,case,1,RASA1,P20936,ENST00000274376,snv,0,1.0,1.0,,,0.0,,1.0,0.0,3144,135,25,43.96,41.48,0.611323155216285,0.5407407407407407,0.0852417302798982,0.1407407407407407,0,0.0,0.0326086956521739,1.0,0.129,0.6821540195958068,3.0,6
random,SNV_0058,SNV,control,0,KCNH1,O95259,ENST00000271751,snv_control,0,1.0,1.0,,,1.0,1.0,1.0,0.0,2970,909,11,52.26,57.43,0.5818181818181818,0.5764576457645765,0.0744107744107744,0.0704070407040704,0,0.0,0.0190217391304347,0.54625,0.387,0.9368496295465144,5.0,7
random,SNV_0059,SNV,case,1,RHO,P08100,ENST00000296271,snv,1,1.0,1.0,,,1.0,,1.0,1.0,1047,162,5,57.78,57.41,0.556829035339064,0.5617283950617284,0.0362941738299904,0.0246913580246913,33,0.2037037037037037,0.0570652173913043,0.00013108,1.083,0.9013891977816106,6.0,6
random,SNV_0059,SNV,control,0,IFIH1,Q9BYX4,ENST00000649979,snv_control,1,1.0,1.0,,,1.0,1.0,1.0,1.0,3078,231,16,41.23,35.5,0.6195581546458739,0.6623376623376623,0.0792722547108512,0.1125541125541125,204,0.8831168831168831,0.0217391304347826,6.981899999999999e-44,1.548,0.9250643470620392,7.0,7
random,SNV_0060,SNV,case,1,RP1,P56715,ENST00000220676,snv,0,1.0,0.0,,,1.0,,1.0,0.0,6471,5735,4,39.5,36.97,0.62277855045588,0.6259808195292066,0.0959666203059805,0.0974716652136006,0,0.0,0.0027173913043478,4.415e-13,0.704,0.9364700560324624,3.0,6
random,SNV_0060,SNV,control,0,JPH2,Q9BR39,ENST00000372980,snv_control,0,0.0,0.0,,,0.0,1.0,1.0,0.0,2091,132,5,69.39,62.12,0.624103299856528,0.6136363636363636,0.0549976087996174,0.0303030303030303,0,0.0,0.0108695652173913,4.5187e-05,0.781,0.8576713687037719,2.0,7
random,SNV_0061,SNV,case,1,RP1L1,,ENST00000710836,snv,0,,,,,,,,,7182,6482,4,62.74,62.85,0.6512113617376776,0.6535020055538414,0.1021999443052074,0.1007405121875964,0,0.0,0.0190217391304347,1.8205e-10,1.954,0.8848155512341326,0.0,1
random,SNV_0061,SNV,control,0,SETBP1,Q9Y6X0,ENST00000649279,snv_control,0,1.0,1.0,,,1.0,1.0,1.0,0.0,4791,671,6,53.33,63.49,0.6117720726361928,0.6512667660208644,0.0797328323940722,0.1162444113263785,0,0.0,0.0271739130434782,1.0,0.11,0.7302207503023525,5.0,7
random,SNV_0062,SNV,case,1,SATB1,Q01826,ENST00000338745,snv,1,1.0,1.0,,,1.0,1.0,1.0,0.0,2292,564,11,49.39,51.95,0.631762652705061,0.6843971631205674,0.0571553228621291,0.0531914893617021,159,0.2819148936170212,0.0244565217391304,0.99051,0.293,0.5996451396181364,6.0,7
random,SNV_0062,SNV,control,0,NCSTN,Q92542,ENST00000294785,snv_control,0,1.0,0.0,,,1.0,,1.0,1.0,2130,174,17,51.27,51.72,0.5915492957746479,0.4827586206896552,0.0558685446009389,0.0459770114942528,0,0.0,0.0135869565217391,0.99942,0.234,0.6485468739295267,4.0,6
random,SNV_0063,SNV,case,1,SCN5A,Q14524,ENST00000423572,snv,1,1.0,1.0,1.0,,1.0,,1.0,1.0,6048,1289,28,57.31,58.03,0.609292328042328,0.5872769588828549,0.0534060846560846,0.0512024825446082,683,0.5298681148176881,0.0815217391304347,0.91291,0.308,0.9715692145249114,7.0,7
random,SNV_0063,SNV,control,0,MYOCD,Q8IZQ8,ENST00000425538,snv_control,0,1.0,0.0,,,0.0,1.0,1.0,0.0,2961,623,14,52.38,50.72,0.6052009456264775,0.6067415730337079,0.0894967916244512,0.0513643659711075,0,0.0,0.029891304347826,0.33364,0.387,0.8590340558835756,3.0,7
random,SNV_0064,SNV,case,1,SEMA6B,Q9H3T3,ENST00000586582,snv,0,1.0,0.0,,,1.0,,1.0,0.0,2667,980,17,68.95,77.55,0.6122984626921635,0.6826530612244898,0.0926134233220847,0.1285714285714285,0,0.0,0.0081521739130434,0.06227,0.462,0.8007248017405875,3.0,6
random,SNV_0064,SNV,control,0,ATXN7,O15265,ENST00000674280,snv_control,0,1.0,0.0,,,0.0,0.0,1.0,0.0,2679,69,13,53.94,57.97,0.6405375139977604,0.6086956521739131,0.0735349010824934,0.0579710144927536,0,0.0,0.0244565217391304,0.9595,0.328,0.5723426326734609,2.0,7
random,SNV_0065,SNV,case,1,SERPING1,P05155,ENST00000278407,snv,1,1.0,1.0,,,1.0,,1.0,1.0,1503,305,8,53.43,55.08,0.6420492348636061,0.6131147540983607,0.0578842315369261,0.0557377049180327,296,0.9704918032786886,0.0326086956521739,0.96351,0.322,0.7407554303483027,6.0,6
random,SNV_0065,SNV,control,0,CRYBA4,P53673,ENST00000354760,snv_control,1,1.0,1.0,,,0.0,,1.0,1.0,591,199,6,59.56,57.29,0.5854483925549916,0.6030150753768844,0.0406091370558375,0.0603015075376884,190,0.9547738693467336,0.0027173913043478,3.4999e-09,1.388,0.9745303928594168,5.0,6
random,SNV_0066,SNV,case,1,SLC3A1,Q07837,ENST00000260649,snv,1,1.0,0.0,,,0.0,,1.0,1.0,2058,492,10,44.41,41.67,0.597667638483965,0.5752032520325203,0.0602526724975704,0.0508130081300813,126,0.2560975609756097,0.0081521739130434,7.2168e-27,1.623,0.931751768385486,4.0,6
random,SNV_0066,SNV,control,0,PRPF4,O43172,ENST00000374198,snv_control,1,0.0,1.0,,,1.0,1.0,0.0,1.0,1566,245,14,49.36,51.43,0.6015325670498084,0.5265306122448979,0.0408684546615581,0.0163265306122449,221,0.9020408163265308,0.0108695652173913,0.9993,0.227,0.6653197893612219,5.0,7
random,SNV_0067,SNV,case,1,SLC4A1,P02730,ENST00000262418,snv,1,1.0,0.0,0.0,,1.0,,1.0,0.0,2736,132,20,59.47,56.82,0.60453216374269,0.6363636363636364,0.0526315789473684,0.0,63,0.4772727272727273,0.0163043478260869,0.84602,0.349,0.9879259378925008,4.0,7
random,SNV_0067,SNV,control,0,GANAB,Q14697,ENST00000356638,snv_control,0,0.0,0.0,,,1.0,,1.0,0.0,2835,161,24,55.1,52.8,0.6091710758377425,0.6273291925465838,0.0574955908289241,0.0496894409937888,0,0.0,0.0081521739130434,0.99873,0.267,0.7515230753183795,2.0,6
random,SNV_0068,SNV,case,1,SLCO2A1,Q92959,ENST00000310926,snv,1,0.0,1.0,,,0.0,,0.0,0.0,1932,169,14,56.37,59.76,0.6200828157349897,0.5857988165680473,0.046583850931677,0.0473372781065088,43,0.2544378698224852,,2.2804e-13,1.053,0.8997501104582705,2.0,6
random,SNV_0068,SNV,control,0,SLC5A2,P31639,ENST00000330498,snv_control,0,0.0,0.0,,,0.0,,1.0,0.0,2019,278,14,62.8,63.31,0.5889053987122338,0.658273381294964,0.0361565131253095,0.0863309352517985,0,0.0,0.0108695652173913,4.9184e-14,1.123,0.9844102553762356,1.0,6
random,SNV_0069,SNV,case,1,SMARCD1,Q96GM5,ENST00000394963,snv,0,1.0,0.0,,,1.0,0.0,1.0,1.0,1548,105,13,53.62,53.33,0.5975452196382429,0.6476190476190476,0.0574935400516795,0.0,0,0.0,0.0380434782608695,0.99947,0.206,0.5342432320363005,4.0,7
random,SNV_0069,SNV,control,0,SLC33A1,O00400,ENST00000643144,snv_control,1,0.0,1.0,,,1.0,,1.0,0.0,1650,219,6,44.42,39.73,0.6545454545454545,0.6894977168949772,0.1054545454545454,0.1050228310502283,204,0.9315068493150684,0.0081521739130434,9.8902e-05,0.807,0.4607949453595952,4.0,6
random,SNV_0070,SNV,case,1,SNAP25,P60880,ENST00000254976,snv,0,1.0,1.0,,,1.0,,0.0,1.0,621,120,8,49.76,46.67,0.6006441223832528,0.5583333333333333,0.0483091787439613,0.0333333333333333,0,0.0,0.0489130434782608,0.98653,0.229,0.9625163463891326,4.0,6
random,SNV_0070,SNV,control,0,KCNH2,Q12809,ENST00000262186,snv_control,0,1.0,0.0,,,1.0,,1.0,0.0,3480,201,15,65.89,68.66,0.6083333333333333,0.6666666666666666,0.0841954022988505,0.1990049751243781,0,0.0,0.0570652173913043,0.99593,0.274,0.8401653912530571,3.0,6
random,SNV_0071,SNV,case,1,SPR,P35270,ENST00000234454,snv,1,1.0,1.0,,,1.0,,1.0,1.0,786,242,3,63.23,55.79,0.6068702290076335,0.5702479338842975,0.0521628498727735,0.0661157024793388,89,0.3677685950413223,0.0054347826086956,0.0434,1.138,0.6811182406696292,6.0,6
random,SNV_0071,SNV,control,0,MBD4,O95243,ENST00000429544,snv_control,0,1.0,0.0,,,1.0,0.0,1.0,0.0,1725,129,8,41.62,34.88,0.6017391304347826,0.5968992248062015,0.1014492753623188,0.1162790697674418,0,0.0,0.0135869565217391,1.9706e-14,1.242,0.7430523257373617,3.0,7
random,SNV_0072,SNV,case,1,STXBP1,P61764,ENST00000373299,snv,1,1.0,1.0,,,1.0,,1.0,0.0,1785,134,19,52.94,49.25,0.5871148459383754,0.5970149253731343,0.0616246498599439,0.0597014925373134,89,0.664179104477612,0.0380434782608695,1.0,0.086,0.9155788419601012,5.0,6
random,SNV_0072,SNV,control,0,GJC2,Q5T442,ENST00000366714,snv_control,1,1.0,1.0,,,1.0,,1.0,0.0,1320,1320,2,72.42,72.42,0.6166666666666667,0.6166666666666667,0.0598484848484848,0.0598484848484848,858,0.65,0.0135869565217391,0.010438,1.225,0.9460813357047096,5.0,6
random,SNV_0073,SNV,case,1,TEK,Q02763,ENST00000380036,snv,1,1.0,1.0,,,1.0,,0.0,0.0,3375,126,23,47.79,42.86,0.605037037037037,0.5714285714285714,0.0562962962962962,0.0,24,0.1904761904761904,0.0679347826086956,1.0,0.179,0.8477730580892597,4.0,6
random,SNV_0073,SNV,control,0,ESR2,Q92731,ENST00000341099,snv_control,1,1.0,1.0,0.0,,1.0,0.0,1.0,1.0,1593,238,9,53.42,56.72,0.5819209039548022,0.5,0.0489642184557438,0.0546218487394958,85,0.3571428571428571,0.046195652173913,4.4516e-08,1.007,0.9019758818693252,6.0,8
random,SNV_0074,SNV,case,1,TGFB3,P10600,ENST00000238682,snv,1,1.0,1.0,,,0.0,,1.0,1.0,1239,210,7,54.8,57.62,0.6045197740112994,0.5238095238095238,0.0645682001614205,0.0619047619047619,204,0.9714285714285714,0.0896739130434782,0.98727,0.27,0.8063049404826003,5.0,6
random,SNV_0074,SNV,control,0,TLR2,O60603,ENST00000642700,snv_control,1,1.0,1.0,,,1.0,,1.0,1.0,2355,2355,3,41.61,41.61,0.6237791932059448,0.6237791932059448,0.0883227176220806,0.0883227176220806,870,0.3694267515923566,0.0407608695652173,1.0152e-06,0.933,0.9611120514992904,6.0,6
random,SNV_0075,SNV,case,1,TGFBR2,P37173,ENST00000295754,snv,1,1.0,1.0,,,1.0,,1.0,1.0,1704,231,7,52.41,57.58,0.5733568075117371,0.5670995670995671,0.0352112676056338,0.0173160173160173,138,0.5974025974025974,0.0706521739130434,0.12535,0.519,0.7609918217400896,6.0,6
random,SNV_0075,SNV,control,0,GHSR,Q92847,ENST00000241256,snv_control,1,1.0,1.0,,,,,1.0,0.0,1101,356,2,59.49,50.0,0.584014532243415,0.6067415730337079,0.0408719346049046,0.0449438202247191,224,0.6292134831460674,0.0135869565217391,0.0065825,1.012,0.9934151331983584,4.0,5
random,SNV_0076,SNV,case,1,TP63,Q9H3D4,ENST00000264731,snv,1,1.0,1.0,0.0,0.0,1.0,1.0,1.0,1.0,2043,348,14,52.47,54.89,0.5893294175232501,0.5517241379310345,0.0592266275085658,0.0833333333333333,117,0.3362068965517241,0.0190217391304347,0.99728,0.267,0.9576900220681968,7.0,9
random,SNV_0076,SNV,control,0,KDM3B,Q7LBC6,ENST00000314358,snv_control,0,1.0,1.0,,,1.0,0.0,1.0,0.0,5286,132,24,51.87,44.7,0.6142640938327658,0.5378787878787878,0.0739689746500189,0.0,0,0.0,0.0190217391304347,1.0,0.06,0.4689852861896372,4.0,7
random,SNV_0077,SNV,case,1,TRPC6,Q9Y210,ENST00000344327,snv,0,1.0,0.0,,,1.0,,1.0,1.0,2796,203,13,43.85,39.9,0.5994277539341917,0.6995073891625616,0.0726037195994277,0.0443349753694581,0,0.0,0.0353260869565217,3.0274e-07,0.654,0.9039665263211608,4.0,6
random,SNV_0077,SNV,control,0,POT1,Q9NUX5,ENST00000357628,snv_control,0,1.0,0.0,,,0.0,0.0,0.0,1.0,1905,164,19,38.9,34.76,0.589501312335958,0.6158536585365854,0.0818897637795275,0.0853658536585365,0,0.0,0.0054347826086956,0.85343,0.362,0.6711044637403153,2.0,7
random,SNV_0078,SNV,case,1,TRPS1,Q9UHF7,ENST00000395715,snv,1,1.0,1.0,1.0,,1.0,1.0,1.0,0.0,3885,1113,7,47.26,45.37,0.6072072072072072,0.6208445642407907,0.0764478764478764,0.0727762803234501,54,0.0485175202156334,0.0081521739130434,1.0,0.111,0.787462777923306,7.0,8
random,SNV_0078,SNV,control,0,ACTA2,P62736,ENST00000224784,snv_control,1,0.0,1.0,,,1.0,,1.0,0.0,1134,195,9,53.0,54.36,0.5714285714285714,0.5743589743589743,0.0555555555555555,0.0205128205128205,192,0.9846153846153848,0.0815217391304347,0.93017,0.364,0.916843033029202,4.0,6
random,SNV_0079,SNV,case,1,TSHR,P16473,ENST00000298171,snv,1,1.0,1.0,,,1.0,,1.0,0.0,2295,1465,10,47.8,48.67,0.6,0.6027303754266211,0.061437908496732,0.0764505119453924,744,0.5078498293515359,0.0163043478260869,3.0447e-15,1.259,0.999227731312736,5.0,6
random,SNV_0079,SNV,control,0,CFB,P00751,ENST00000433503,snv_control,1,1.0,1.0,,,0.0,,1.0,1.0,2295,207,18,52.07,48.31,0.6017429193899783,0.6280193236714976,0.074074074074074,0.1014492753623188,102,0.4927536231884058,0.0271739130434782,0.00033549,0.522,0.9709036200107076,5.0,6
random,SNV_0080,SNV,case,1,VHL,P40337,ENST00000256474,snv,1,1.0,1.0,,,1.0,,1.0,1.0,642,230,3,61.53,50.87,0.6074766355140186,0.5478260869565217,0.0202492211838006,0.0217391304347826,167,0.7260869565217392,0.0244565217391304,0.079515,0.927,0.7133568531639026,6.0,6
random,SNV_0080,SNV,control,0,ADAR,P55265,ENST00000368474,snv_control,1,0.0,1.0,,,1.0,0.0,1.0,0.0,3681,289,15,51.15,49.13,0.6033686498234175,0.6539792387543253,0.0687313230100516,0.0968858131487889,253,0.8754325259515571,0.0163043478260869,0.026282,0.42,0.7591774657303643,4.0,7
random,SNV_0081,SNV,case,1,WFS1,O76024,ENST00000226760,snv,1,1.0,,1.0,,1.0,,1.0,0.0,2673,1863,8,62.48,61.57,0.5948372615039281,0.581857219538379,0.0404040404040404,0.0246913580246913,672,0.3607085346215781,0.0380434782608695,1.6230999999999999e-38,1.93,0.7363510045039251,5.0,6
random,SNV_0081,SNV,control,0,GNAI2,P04899,ENST00000313601,snv_control,1,1.0,1.0,,,1.0,,1.0,1.0,1068,242,8,56.18,52.07,0.5814606741573034,0.6322314049586777,0.0224719101123595,0.0330578512396694,206,0.8512396694214877,0.0407608695652173,0.89194,0.393,0.7518797380865343,6.0,6
random,SNV_0082,SNV,case,1,WNT1,P04628,ENST00000293549,snv,1,1.0,1.0,,,1.0,,1.0,0.0,1113,540,4,66.58,68.7,0.5750224618149147,0.5888888888888889,0.0610961365678346,0.0185185185185185,534,0.9888888888888888,0.1059782608695652,0.3263,0.603,0.917792415750198,5.0,6
random,SNV_0082,SNV,control,0,PRKCG,P05129,ENST00000263431,snv_control,1,1.0,1.0,,,1.0,,1.0,0.0,2094,240,18,60.08,65.83,0.5983763132760267,0.6,0.0859598853868194,0.0666666666666666,102,0.425,0.0489130434782608,0.99985,0.203,0.928107399668364,5.0,6
random,SNV_0083,SNV,case,1,YY1,P25490,ENST00000262238,snv,1,1.0,1.0,,,1.0,0.0,1.0,1.0,1245,234,5,58.39,45.73,0.6562248995983936,0.6282051282051282,0.0409638554216867,0.0897435897435897,180,0.7692307692307693,0.0760869565217391,0.9938,0.198,0.5484784343242203,6.0,7
random,SNV_0083,SNV,control,0,APOL4,Q9BPW4,ENST00000683024,snv_control,1,0.0,1.0,,,1.0,,1.0,0.0,1047,889,4,49.95,50.06,0.5845272206303725,0.5871766029246345,0.0697230181470869,0.0641169853768278,862,0.96962879640045,0.0027173913043478,0.0010662,1.555,0.8526695338280207,4.0,6
random,SNV_0084,SNV,case,1,ZEB2,O60315,ENST00000627532,snv,1,1.0,1.0,0.0,,1.0,1.0,1.0,0.0,3645,629,10,46.47,52.31,0.6126200274348422,0.5914149443561209,0.0680384087791495,0.0461049284578696,110,0.1748807631160572,0.0543478260869565,1.0,0.107,0.8361655577567586,6.0,8
random,SNV_0084,SNV,control,0,COL8A2,P25067,ENST00000397799,snv_control,1,1.0,1.0,,,1.0,,1.0,1.0,2112,1970,4,68.84,68.83,0.6685606060606061,0.6695431472081218,0.1799242424242424,0.1807106598984771,837,0.4248730964467005,0.029891304347826,0.11765,0.663,0.8969546489246115,6.0,6
random,SNV_0085,SNV,case,1,ZIC1,Q15915,ENST00000282928,snv,1,1.0,1.0,,,0.0,0.0,1.0,0.0,1344,249,3,63.69,59.04,0.6130952380952381,0.6506024096385542,0.0483630952380952,0.0160642570281124,57,0.2289156626506024,0.029891304347826,0.93378,0.364,0.98569277013344,4.0,7
random,SNV_0085,SNV,control,0,ACVR1,Q04771,ENST00000434821,snv_control,1,1.0,1.0,,,1.0,,0.0,1.0,1530,186,11,47.91,41.94,0.611764705882353,0.553763440860215,0.0725490196078431,0.0913978494623656,135,0.7258064516129032,0.0407608695652173,0.3254,0.454,0.6383216040350477,5.0,6
random,SNV_0086,SNV,case,1,ZNF148,Q9UQR1,ENST00000360647,snv,0,1.0,1.0,,,1.0,1.0,1.0,0.0,2385,1650,9,41.43,41.94,0.5647798742138365,0.563030303030303,0.070859538784067,0.0733333333333333,12,0.0072727272727272,0.0081521739130434,0.99997,0.103,0.5610893420599934,5.0,7
random,SNV_0086,SNV,control,0,MVK,Q03426,ENST00000228510,snv_control,1,1.0,1.0,,,1.0,,1.0,1.0,1191,203,11,59.36,64.53,0.5902602854743912,0.5517241379310345,0.0486985726280436,0.0246305418719211,59,0.2906403940886699,0.0081521739130434,0.16679,0.545,0.6707004257080263,6.0,6
random,SNV_0087,SNV,case,1,ZNF292,O60281,ENST00000369577,snv,1,1.0,1.0,,,1.0,1.0,1.0,0.0,8172,7203,8,38.69,37.89,0.6243269701419482,0.6214077467721782,0.0860254527655408,0.0877412189365542,612,0.0849645980841316,0.0027173913043478,1.0,0.14,0.752052123336505,6.0,7
random,SNV_0087,SNV,control,0,ARF1,P84077,ENST00000272102,snv_control,1,1.0,1.0,0.0,,1.0,,0.0,1.0,546,213,5,57.51,61.5,0.6208791208791209,0.6009389671361502,0.0494505494505494,0.0375586854460093,195,0.9154929577464788,0.0244565217391304,0.89967,0.402,0.4502968227024464,5.0,7
