"hgnc_symbol","ensembl_transcript_id","group","repeat_fraction","nmdesc_repeat_fraction","homopolymer_fraction","nmdesc_homopolymer_fraction"
"CFTR","ENST00000003084","snv",0.610398379473329,0.645418326693227,0.0735989196488859,0.0677290836653386
"KCNQ1","ENST00000155840","snv",0.610044313146233,0.606271777003484,0.0758247168882324,0.0975609756097561
"MYH9","ENST00000216181","snv",0.607173210946796,0.583333333333333,0.0237973822879483,0.0952380952380952
"AGO2","ENST00000220592","snv",0.604263565891473,0.666666666666667,0.0573643410852713,0
"RP1","ENST00000220676","snv",0.62277855045588,0.625741192884548,0.0959666203059805,0.0974886641088245
"NAGLU","ENST00000225927","snv",0.620519713261649,0.600317208564631,0.0672043010752688,0.0626486915146709
"TGFB3","ENST00000238682","snv",0.604519774011299,0.526315789473684,0.0645682001614205,0.062200956937799
"CDKN1B","ENST00000228872","snv",0.629815745393635,0.662790697674419,0.0787269681742044,0.116279069767442
"MLH1","ENST00000231790","snv",0.601497137824747,0.674311926605505,0.0673712021136063,0
"MSH6","ENST00000234420","snv",0.611805045309821,0.5,0.0832721038452119,0.0303030303030303
"WFS1","ENST00000226760","snv",0.594837261503928,0.582169709989259,0.0404040404040404,0.0247046186895811
"COL1A1","ENST00000225964","snv",0.628896473265074,0.538071065989848,0.0953356086461889,0.0862944162436548
"MVK","ENST00000228510","snv",0.590260285474391,0.554455445544555,0.0486985726280437,0.0247524752475248
"SALL1","ENST00000251020","snv",0.608301886792453,0.623217922606925,0.0815094339622641,0.0488798370672098
"MSH2","ENST00000233146","snv",0.62174688057041,0.615384615384615,0.071301247771836,0.0995475113122172
"SOX9","ENST00000245479","snv",0.589542483660131,0.596648044692737,0.0986928104575163,0.135195530726257
"FUS","ENST00000254108","snv",0.662871600253004,0.655555555555556,0.0512333965844402,0.133333333333333
"PRPH2","ENST00000230381","snv",0.626320845341018,0.688212927756654,0.031700288184438,0.0304182509505703
"MFN2","ENST00000235329","snv",0.592348284960422,0.55,0.0351802990325418,0.0333333333333333
"NOTCH2","ENST00000256646","snv",0.600458468176915,0.617095205003475,0.0585221143473571,0.0861709520500347
"GUCY2D","ENST00000254854","snv",0.615338164251208,0.630434782608696,0.0658212560386473,0.0579710144927536
"DSG2","ENST00000261590","snv",0.61423890378314,0.589002795899348,0.0601727733095025,0.0419384902143523
"NOTCH3","ENST00000263388","snv",0.585845535457939,0.656391659111514,0.0790984783232845,0.166817769718948
"RPE65","ENST00000262340","snv",0.608614232209738,0.589108910891089,0.0805243445692884,0.0495049504950495
"TAOK1","ENST00000261716","snv",0.594477711244178,0.59765625,0.0612109115103127,0.099609375
"FLT4","ENST00000261937","snv",0.576490713587488,0.618473895582329,0.0552297165200391,0.072289156626506
"BRIP1","ENST00000259008","snv",0.612,0.625698324022346,0.0978666666666667,0.108379888268156
"EP300","ENST00000263253","snv",0.61407867494824,0.619964189794091,0.0657004830917874,0.0756490599820949
"SLC3A1","ENST00000260649","snv",0.597667638483965,0.576374745417515,0.0602526724975705,0.0509164969450102
"TYR","ENST00000263321","snv",0.571698113207547,0.521897810218978,0.0660377358490566,0.0583941605839416
"AP4E1","ENST00000261842","snv",0.619214997070885,0.545023696682464,0.0682483889865261,0.037914691943128
"KCNH2","ENST00000262186","snv",0.608333333333333,0.67,0.0841954022988506,0.2
"BARD1","ENST00000260947","snv",0.568551842330763,0.545691906005222,0.0599828620394173,0.0234986945169713
"HNF1A","ENST00000257555","snv",0.610759493670886,0.567415730337079,0.0664556962025316,0.0224719101123595
"WNT10A","ENST00000258411","snv",0.602870813397129,0.587591240875912,0.0542264752791069,0.0328467153284672
"YY1","ENST00000262238","snv",0.656224899598394,0.630901287553648,0.0409638554216867,0.0901287553648069
"SLC4A1","ENST00000262418","snv",0.60453216374269,0.641221374045801,0.0526315789473684,0
"CREBBP","ENST00000262367","snv",0.611679628871606,0.601268690530131,0.0814572247237004,0.101948346171273
"PALB2","ENST00000261584","snv",0.618646447627071,0.601532567049808,0.0808761583824768,0.0344827586206897
"CDH1","ENST00000261769","snv",0.631181577953945,0.557692307692308,0.0679501698754247,0.0923076923076923
"VHL","ENST00000256474","snv",0.607476635514019,0.550218340611354,0.0202492211838006,0.0218340611353712
"PKD1","ENST00000262304","snv",0.592394671623296,0.662162162162162,0.0589374225526642,0.0791505791505791
"NARS1","ENST00000256854","snv",0.595021250758956,0.598901098901099,0.066180935033394,0.0879120879120879
"PPM1D","ENST00000305921","snv",0.632563256325633,0.669407894736842,0.05995599559956,0.0888157894736842
"FBXW7","ENST00000281708","snv",0.642184557438795,0.648902821316614,0.0626177024482109,0.0846394984326019
"ZFHX3","ENST00000268489","snv",0.624730021598272,0.645533141210375,0.0768538516918646,0.111815561959654
"NAA15","ENST00000296543","snv",0.625913110342176,0.621513944223108,0.0688196847366398,0.0159362549800797
"PRPF8","ENST00000304992","snv",0.58861301369863,0.565853658536585,0.0460901826484018,0.0634146341463415
"F13A1","ENST00000264870","snv",0.602091859936335,0.568627450980392,0.053206002728513,0
"MED13L","ENST00000281928","snv",0.613297150610583,0.622950819672131,0.0619629127091814,0.0655737704918033
"SERPING1","ENST00000278407","snv",0.642049234863606,0.615131578947368,0.0578842315369262,0.055921052631579
"TGFBR2","ENST00000295754","snv",0.573356807511737,0.560869565217391,0.0352112676056338,0.0173913043478261
"KAT6A","ENST00000265713","snv",0.620448877805486,0.612237375598968,0.0713216957605985,0.047917434574272
"SHH","ENST00000297261","snv",0.617710583153348,0.61345496009122,0.0590352771778258,0.0535917901938426
"LRP5","ENST00000294304","snv",0.586221122112211,0.586538461538462,0.0569306930693069,0.0897435897435897
"TP63","ENST00000264731","snv",0.58932941752325,0.553314121037464,0.0592266275085658,0.0835734870317003
"NIPBL","ENST00000282516","snv",0.616280451574569,0.557692307692308,0.0903149138443256,0.0456730769230769
"MN1","ENST00000302326","snv",0.640423921271764,0.577586206896552,0.100176633863235,0.0344827586206897
"ALG8","ENST00000299626","snv",0.610373181530677,0.613475177304965,0.079696394686907,0.0780141843971631
"ANK1","ENST00000289734","snv",0.609604820131136,0.543624161073825,0.0604288499025341,0.0939597315436242
"FLCN","ENST00000285071","snv",0.59367816091954,0.547619047619048,0.0626436781609195,0.0357142857142857
"RHO","ENST00000296271","snv",0.556829035339064,0.577639751552795,0.0362941738299905,0.0248447204968944
"POGZ","ENST00000271715","snv",0.57925820930782,0.55575014594279,0.0505551618237657,0.0560420315236427
"ZIC1","ENST00000282928","snv",0.613095238095238,0.653225806451613,0.0483630952380952,0.0161290322580645
"RASA1","ENST00000274376","snv",0.611323155216285,0.544776119402985,0.0852417302798982,0.141791044776119
"LRSAM1","ENST00000300417","snv",0.578729281767956,0.630681818181818,0.0377532228360958,0
"DCHS1","ENST00000299441","snv",0.577952915024755,0.556724267468069,0.0587046579771648,0.060480841472577
"TP53","ENST00000269305","snv",0.585448392554992,0.515151515151515,0.0888324873096447,0.128787878787879
"SPRED1","ENST00000299084","snv",0.570786516853933,0.570613409415121,0.0749063670411985,0.0813124108416548
"COL3A1","ENST00000304636","snv",0.625539650079527,0.588832487309645,0.0658941149738696,0.065989847715736
"KAT6B","ENST00000287239","snv",0.624236579877853,0.605444785276074,0.0821279331404693,0.0598159509202454
"CYP11B1","ENST00000292427","snv",0.601190476190476,0.652439024390244,0.0423280423280423,0.0304878048780488
"LEMD3","ENST00000308330","snv",0.631213450292398,0.658878504672897,0.0862573099415205,0.0560747663551402
"RARB","ENST00000330688","snv",0.582776540460282,0.62753036437247,0.0497401633259094,0.0809716599190283
"CLCN1","ENST00000343257","snv",0.611054937647455,0.64218009478673,0.0684192787327267,0.135071090047393
"TCF12","ENST00000333725","snv",0.604903347477605,0.642487046632124,0.0603488920320603,0.0466321243523316
"NR2F1","ENST00000327111","snv",0.59748427672956,0.558912386706949,0.0573899371069182,0.0513595166163142
"EYA1","ENST00000340726","snv",0.60539629005059,0.603053435114504,0.0534007869589657,0.0458015267175573
"F2","ENST00000311907","snv",0.593900481540931,0.61340206185567,0.0460139111824505,0.0876288659793814
"RORA","ENST00000335670","snv",0.606870229007634,0.572093023255814,0.0655216284987277,0.0372093023255814
"NKX2-1","ENST00000354822","snv",0.645936981757877,0.64312736443884,0.0621890547263682,0.0504413619167718
"TLK2","ENST00000346027","snv",0.596537949400799,0.633928571428571,0.0701287172658677,0.0178571428571429
"HNF4A","ENST00000316099","snv",0.549473684210526,0.544041450777202,0.0456140350877193,0.129533678756477
"TRPC6","ENST00000344327","snv",0.599427753934192,0.702970297029703,0.0726037195994278,0.0445544554455446
"MITF","ENST00000352241","snv",0.591397849462366,0.606194690265487,0.062618595825427,0.0398230088495575
"SCNN1B","ENST00000343070","snv",0.562142485699428,0.589327146171694,0.0686427457098284,0.0788863109048724
"DNMT3A","ENST00000321117","snv",0.62504563709383,0.567708333333333,0.0799561883899233,0.0208333333333333
"PKLR","ENST00000342741","snv",0.606376811594203,0.598726114649682,0.0481159420289855,0
"FBN1","ENST00000316623","snv",0.61652739090065,0.597727272727273,0.0504874651810585,0.0568181818181818
"ARID2","ENST00000334344","snv",0.578249818445897,0.594871794871795,0.0628177196804648,0.0974358974358974
"SUZ12","ENST00000322652","snv",0.606756756756757,0.611111111111111,0.11036036036036,0.133838383838384
"ARID1A","ENST00000324856","snv",0.639690871974336,0.623878923766816,0.0854476523767862,0.0566143497757848
"NPR2","ENST00000342694","snv",0.591603053435115,0.620689655172414,0.0543893129770992,0.0862068965517241
"EVC2","ENST00000344408","snv",0.618029029793736,0.688679245283019,0.0685001273236567,0.0974842767295598
"SLCO2A1","ENST00000310926","snv",0.62008281573499,0.583333333333333,0.046583850931677,0.0238095238095238
"PLEC","ENST00000345136","snv",0.610964526531809,0.612697399904291,0.0307094693638229,0.0386026479502313
"KMT2E","ENST00000311117","snv",0.616281154742693,0.642078255291854,0.0891160121929353,0.0885182809493265
"GRIN2A","ENST00000330684","snv",0.600682593856655,0.614594594594595,0.0664391353811149,0.0854054054054054
"WAC","ENST00000354911","snv",0.568930041152263,0.65,0.0632716049382716,0.125
"FLNC","ENST00000325888","snv",0.596478356566398,0.634453781512605,0.0682318415260455,0.105042016806723
"SLC5A2","ENST00000330498","snv",0.588905398712234,0.653429602888087,0.0361565131253096,0.0866425992779783
"ANO5","ENST00000324559","snv",0.63092633114515,0.63235294117647,0.0722100656455142,0.110294117647059
"KLHL3","ENST00000309755","snv",0.560657596371882,0.493670886075949,0.0260770975056689,0.0506329113924051
"SPAST","ENST00000315285","snv",0.62020529443544,0.526011560693642,0.0815775256618044,0.0867052023121387
"SATB1","ENST00000338745","snv",0.631762652705061,0.685612788632327,0.0571553228621291,0.0532859680284192
"SLC12A6","ENST00000354181","snv",0.60642919200695,0.647887323943662,0.0631335070952795,0.0845070422535211
"NUS1","ENST00000368494","snv",0.613378684807256,0.581560283687943,0.0634920634920635,0.0354609929078014
"CRB1","ENST00000367400","snv",0.609571191660744,0.552631578947368,0.0549632788438759,0.0639097744360902
"KIF21A","ENST00000361418","snv",0.598208955223881,0.625,0.0807960199004975,0.0694444444444444
"TRPS1","ENST00000395715","snv",0.607207207207207,0.619604316546763,0.0764478764478764,0.072841726618705
"KCNQ2","ENST00000359125","snv",0.605192821687667,0.622762148337596,0.078655975563192,0.0792838874680307
"EPHB4","ENST00000358173","snv",0.601889338731444,0.616666666666667,0.0684885290148448,0.0666666666666667
"COL5A1","ENST00000371817","snv",0.673373210077941,0.624365482233503,0.115280043501903,0.065989847715736
"MYO6","ENST00000369977","snv",0.605754276827372,0.552,0.0839813374805599,0
"ABCA1","ENST00000374736","snv",0.605658709106985,0.654450261780105,0.0487768936044798,0.0680628272251309
"GLI2","ENST00000361492","snv",0.606369426751592,0.602065131056394,0.0868365180467091,0.0893566322478157
"NR3C2","ENST00000358102","snv",0.60575296108291,0.601941747572815,0.0598984771573604,0.0388349514563107
"TGFB2","ENST00000366930","snv",0.587951807228916,0.545454545454545,0.0538152610441767,0.0191387559808612
"HIVEP2","ENST00000367603","snv",0.598828497479907,0.590857142857143,0.0532624982972347,0.0697142857142857
"GNAS","ENST00000371085","snv",0.573839662447257,0.543147208121827,0.020253164556962,0
"ENG","ENST00000373203","snv",0.597875569044006,0.634285714285714,0.0703085483055134,0.102857142857143
"COL2A1","ENST00000380518","snv",0.637320788530466,0.532994923857868,0.0824372759856631,0.0406091370558376
"SMARCD1","ENST00000394963","snv",0.597545219638243,0.653846153846154,0.0574935400516796,0
"RELA","ENST00000406246","snv",0.59963768115942,0.609212481426449,0.0984299516908213,0.141158989598811
"PRRT2","ENST00000358758","snv",0.671554252199413,0.672131147540984,0.155425219941349,0.0983606557377049
"SYNE1","ENST00000367255","snv",0.596082442979465,0.663230240549828,0.0547851784496476,0.0412371134020619
"PPOX","ENST00000367999","snv",0.576011157601116,0.585492227979275,0.0613668061366806,0.0673575129533679
"ABCC8","ENST00000389817","snv",0.581542351453856,0.478723404255319,0.0419300463548251,0.0425531914893617
"TEK","ENST00000380036","snv",0.605037037037037,0.576,0.0562962962962963,0
"ACVRL1","ENST00000388922","snv",0.579365079365079,0.632432432432432,0.0562169312169312,0.0810810810810811
"FBXO11","ENST00000403359","snv",0.617456896551724,0.577777777777778,0.0660919540229885,0.0277777777777778
"ZNF292","ENST00000369577","snv",0.624326970141948,0.621494029436268,0.0860254527655409,0.0877534018328242
"GCK","ENST00000403799","snv",0.563662374821173,0.553846153846154,0.0493562231759657,0.041025641025641
"ROR2","ENST00000375708","snv",0.600635593220339,0.598262032085562,0.0723870056497175,0.0848930481283423
"CYP19A1","ENST00000396402","snv",0.591931216931217,0.602006688963211,0.0687830687830688,0.100334448160535
"TBX5","ENST00000405440","snv",0.592164418754014,0.5792,0.0667951188182402,0.056
"ADGRV1","ENST00000405460","snv",0.62079171291158,0.597633136094675,0.0625759737857407,0.0650887573964497
"BMPR1A","ENST00000372037","snv",0.57661038148843,0.5625,0.0519074421513446,0.0511363636363636
"IRF6","ENST00000367021","snv",0.601139601139601,0.56,0.056980056980057,0.08
"ABCA4","ENST00000370225","snv",0.614042802697156,0.5,0.0577543242450894,0
"PROS1","ENST00000394236","snv",0.630723781388479,0.582938388625592,0.0625307730182176,0.0616113744075829
"GLMN","ENST00000370360","snv",0.628571428571429,0.598802395209581,0.096358543417367,0.0778443113772455
"LGI1","ENST00000371418","snv",0.624850657108722,0.618510158013544,0.0854241338112306,0.0609480812641084
"KRIT1","ENST00000394505","snv",0.614654002713704,0.588235294117647,0.0818634102216192,0.134453781512605
"SERPINC1","ENST00000367698","snv",0.617921146953405,0.634361233480176,0.0480286738351254,0.039647577092511
"FH","ENST00000366560","snv",0.580560991519896,0.569948186528497,0.0652315720808871,0.0466321243523316
"EXT1","ENST00000378204","snv",0.611780455153949,0.542372881355932,0.0740740740740741,0.0338983050847458
"C1S","ENST00000360817","snv",0.601354620222545,0.591499409681228,0.0730527334300919,0.0861865407319953
"MTHFR","ENST00000376590","snv",0.60984271943176,0.587360594795539,0.0639269406392694,0.0297397769516729
"MYO7A","ENST00000409709","snv",0.595818291215403,0.564285714285714,0.049338146811071,0.0285714285714286
"CPT2","ENST00000371486","snv",0.605968639352554,0.646596858638743,0.0703085483055134,0.0340314136125654
"CSF3R","ENST00000373106","snv",0.622461170848268,0.616122840690979,0.0896057347670251,0.120921305182342
"BRCA1","ENST00000357654","snv",0.607474964234621,0.588571428571429,0.0742131616595136,0.0514285714285714
"RP1L1","ENST00000382483","snv",0.652644731361933,0.655183020609043,0.101763154241288,0.100276837896032
"ALPL","ENST00000374840","snv",0.591111111111111,0.575949367088608,0.0711111111111111,0.0981012658227848
"CFH","ENST00000367429","snv",0.622294372294372,0.596837944664032,0.0608766233766234,0.0671936758893281
"PTEN","ENST00000371953","snv",0.599009900990099,0.529661016949153,0.0742574257425743,0.0889830508474576
"STXBP1","ENST00000373299","snv",0.587114845938375,0.601503759398496,0.061624649859944,0.0601503759398496
"DSP","ENST00000379802","snv",0.589948932219127,0.608153331305141,0.0548978644382544,0.061149984788561
"COL4A3","ENST00000396578","snv",0.683024137243168,0.688888888888889,0.0815878715340116,0.103703703703704
"ATP1A2","ENST00000361216","snv",0.583741429970617,0.582278481012658,0.0541952334312765,0
"ADAR","ENST00000368474","snv",0.603368649823418,0.65625,0.0687313230100516,0.0972222222222222
"CNNM2","ENST00000369878","snv",0.616057838660578,0.519230769230769,0.0734398782343988,0.1
"SOX10","ENST00000396884","snv",0.623126338329764,0.649867374005305,0.0856531049250535,0.106100795755968
"GCH1","ENST00000491895","snv",0.604249667994688,0.576271186440678,0.0557768924302789,0.0677966101694915
"PIK3R1","ENST00000521381","snv",0.625747126436782,0.579166666666667,0.0754022988505747,0.0166666666666667
"BAP1","ENST00000460680","snv",0.604566210045662,0.548913043478261,0.0484018264840183,0.0434782608695652
"WT1","ENST00000452863","snv",0.609942638623327,0.540697674418605,0.0516252390057361,0.0755813953488372
"SCN5A","ENST00000423572","snv",0.609292328042328,0.586180124223602,0.0534060846560847,0.0512422360248447
"CDKN1C","ENST00000440480","snv",0.667755991285403,0.668508287292818,0.119825708061002,0.0662983425414365
"PDE6B","ENST00000496514","snv",0.583625730994152,0.705357142857143,0.0257309941520468,0
"PUF60","ENST00000526683","snv",0.610119047619048,0.585714285714286,0.0535714285714286,0.0571428571428571
"PPP2CA","ENST00000481195","snv",0.580645161290323,0.552845528455285,0.0397849462365591,0.0650406504065041
"SH3TC2","ENST00000515425","snv",0.618825963279028,0.661157024793388,0.0299974140160331,0.0206611570247934
"SLC2A1","ENST00000426263","snv",0.613928329952671,0.669322709163347,0.0459770114942529,0.0597609561752988
"MBD4","ENST00000429544","snv",0.601739130434783,0.59375,0.101449275362319,0.1171875
"NSD1","ENST00000439151","snv",0.613150414040292,0.629916567342074,0.0836732171548634,0.0804529201430274
"PUF60","ENST00000620341","snv",0.610119047619048,0.585714285714286,0.0535714285714286,0.0571428571428571
"PRKAR1A","ENST00000589228","snv",0.617801047120419,0.609865470852018,0.0636998254799302,0.0717488789237668
"GRIN2B","ENST00000609686","snv",0.59371492704826,0.582590456213949,0.0540965207631874,0.0503408495018353
"ZEB2","ENST00000627532","snv",0.612620027434842,0.592356687898089,0.0680384087791495,0.0461783439490446
"SEMA6B","ENST00000586582","snv",0.612298462692163,0.681307456588355,0.0926134233220847,0.128702757916241
"CDKN1C","ENST00000616138","snv",0.664563617245005,0.668508287292818,0.103049421661409,0.0662983425414365
"KCNQ1","ENST00000632153","snv",0.59344894026975,0.613240418118467,0.0616570327552987,0.0975609756097561
"KCNQ2","ENST00000627948","snv",0.598700243704305,0.591240875912409,0.0755483346872461,0.12043795620438
"CELF2","ENST00000633077","snv",0.581098339719029,0.49438202247191,0.0472541507024266,0.050561797752809
"PTEN","ENST00000644628","snv",0.627960716348931,0.529661016949153,0.0768341998844598,0.0889830508474576
"PKLR","ENST00000572740","snv",0.606376811594203,0.598726114649682,0.0481159420289855,0
"CASR","ENST00000639785","snv",0.60982391102873,0.587781350482315,0.0531356194006796,0.0405144694533762
"GABRG2","ENST00000639213","snv",0.599439775910364,0.647239263803681,0.0651260504201681,0.110429447852761
"RDH12","ENST00000551171","snv",0.605678233438486,0.522875816993464,0.0504731861198738,0.0522875816993464
"OPLAH","ENST00000618853","snv",0.596845099560383,0.639593908629442,0.0747349366433928,0.147208121827411
"PRPF8","ENST00000634039","snv",0.58861301369863,0.565853658536585,0.0460901826484018,0.0634146341463415
"DNM1L","ENST00000549701","snv",0.611035730438716,0.542056074766355,0.060153776571687,0
"KAT6B","ENST00000630001","snv",0.624236579877853,0.605444785276074,0.0821279331404693,0.0598159509202454
"MYH9","ENST00000216181","fs",0.607173210946796,0.590425531914894,0.0237973822879483,0.0638297872340425
"MLH1","ENST00000231790","fs",0.601497137824747,0.586016559337627,0.0673712021136063,0.0671573137074517
"SETX","ENST00000224140","fs",0.608663181478715,0.604651162790698,0.0721931789892955,0.0687882496940024
"WFS1","ENST00000226760","fs",0.594837261503928,0.587086272381986,0.0404040404040404,0.026587086272382
"APOB","ENST00000233242","fs",0.612547472976921,0.634824667472793,0.0642711072158925,0.0634824667472793
"PRPH2","ENST00000230381","fs",0.626320845341018,0.619469026548673,0.031700288184438,0.0176991150442478
"SOX9","ENST00000245479","fs",0.589542483660131,0.609644087256028,0.0986928104575163,0.101033295063146
"CFTR","ENST00000003084","fs",0.610398379473329,0.619512195121951,0.0735989196488859,0.0829268292682927
"CXCR4","ENST00000241393","fs",0.598677998111426,0.630393996247655,0.0339943342776204,0.0225140712945591
"MSH6","ENST00000234420","fs",0.611805045309821,0.553921568627451,0.0832721038452119,0.0588235294117647
"RP1","ENST00000220676","fs",0.62277855045588,0.624869746439736,0.0959666203059805,0.0979506773185134
"TMEM127","ENST00000258439","fs",0.609483960948396,0.601583113456464,0.0376569037656904,0.0343007915567282
"NOTCH2","ENST00000256646","fs",0.600458468176915,0.617292700212615,0.0585221143473571,0.0850460666194189
"KIDINS220","ENST00000256707","fs",0.598006019563582,0.594383775351014,0.0603837471783296,0.0717628705148206
"PKD1","ENST00000262304","fs",0.592394671623296,0.624595469255663,0.0589374225526642,0.0825242718446602
"VHL","ENST00000256474","fs",0.607476635514019,0.563218390804598,0.0202492211838006,0.0191570881226054
"FUS","ENST00000254108","fs",0.662871600253004,0.653465346534653,0.0512333965844402,0.0438472418670438
"DAGLA","ENST00000257215","fs",0.596356663470757,0.612740141557128,0.0501757750079898,0.0758341759352882
"BARD1","ENST00000260947","fs",0.568551842330763,0.570332480818414,0.0599828620394173,0.0434782608695652
"PALB2","ENST00000261584","fs",0.618646447627071,0.619047619047619,0.0808761583824768,0
"DVL3","ENST00000313143","fs",0.609948860994886,0.656488549618321,0.0641562064156206,0.116030534351145
"NIPBL","ENST00000282516","fs",0.616280451574569,0.56551724137931,0.0903149138443256,0.0551724137931034
"CREBBP","ENST00000262367","fs",0.611679628871606,0.604943820224719,0.0814572247237004,0.0957303370786517
"ELANE","ENST00000263621","fs",0.605721393034826,0.569506726457399,0.0907960199004975,0.0717488789237668
"KAT6B","ENST00000287239","fs",0.624236579877853,0.605263157894737,0.0821279331404693,0.0625476735316552
"NOTCH3","ENST00000263388","fs",0.585845535457939,0.654699049630412,0.0790984783232845,0.172122492080253
"KMT2E","ENST00000311117","fs",0.616281154742693,0.610915492957746,0.0891160121929353,0.0818661971830986
"SERPING1","ENST00000278407","fs",0.642049234863606,0.595419847328244,0.0578842315369262,0.049618320610687
"PPM1D","ENST00000305921","fs",0.632563256325633,0.662768031189084,0.05995599559956,0.0818713450292398
"MN1","ENST00000302326","fs",0.640423921271764,0.587786259541985,0.100176633863235,0.0305343511450382
"POLG","ENST00000268124","fs",0.608602150537634,0.729411764705882,0.0658602150537634,0.141176470588235
"LRSAM1","ENST00000300417","fs",0.578729281767956,0.589442815249267,0.0377532228360958,0.0498533724340176
"PMP22","ENST00000312280","fs",0.594202898550725,0.581151832460733,0.031055900621118,0.0523560209424084
"EP300","ENST00000263253","fs",0.61407867494824,0.617147707979626,0.0657004830917874,0.0717317487266553
"KAT6A","ENST00000265713","fs",0.620448877805486,0.612072138387928,0.0713216957605985,0.0478468899521531
"PIEZO1","ENST00000301015","fs",0.604150145387259,0.538823529411765,0.0474491144594237,0.0305882352941176
"PLEC","ENST00000345136","fs",0.610964526531809,0.612975391498881,0.0307094693638229,0.0370725471396612
"GRIN2A","ENST00000330684","fs",0.600682593856655,0.619548081975828,0.0664391353811149,0.0809248554913295
"TRPC6","ENST00000344327","fs",0.599427753934192,0.697142857142857,0.0726037195994278,0.0742857142857143
"EYA1","ENST00000340726","fs",0.60539629005059,0.618247298919568,0.0534007869589657,0.0720288115246098
"ARID1A","ENST00000324856","fs",0.639690871974336,0.623773173391494,0.0854476523767862,0.0523446019629226
"FLNC","ENST00000325888","fs",0.596478356566398,0.626666666666667,0.0682318415260455,0.0833333333333333
"BCL11B","ENST00000357195","fs",0.609310986964618,0.571847507331378,0.0614525139664804,0.0425219941348974
"GATA2","ENST00000341105","fs",0.65003465003465,0.646437994722955,0.0873180873180873,0.0448548812664908
"FBN1","ENST00000316623","fs",0.61652739090065,0.596311475409836,0.0504874651810585,0.0512295081967213
"BRCA1","ENST00000357654","fs",0.607474964234621,0.575107296137339,0.0742131616595136,0
"TRPS1","ENST00000395715","fs",0.607207207207207,0.614180478821363,0.0764478764478764,0.0607734806629834
"PPP3CA","ENST00000394854","fs",0.60727969348659,0.616071428571429,0.0708812260536398,0.0535714285714286
"KCNQ2","ENST00000359125","fs",0.605192821687667,0.599627560521415,0.078655975563192,0.0782122905027933
"CAPN3","ENST00000397163","fs",0.584752635847526,0.54066985645933,0.0604217356042174,0.0382775119617225
"COL5A1","ENST00000371817","fs",0.673373210077941,0.686042339433082,0.115280043501903,0.131324004305705
"TBR1","ENST00000389554","fs",0.632015617374329,0.662721893491124,0.0673499267935578,0.0502958579881657
"CRB1","ENST00000367400","fs",0.609571191660744,0.564853556485356,0.0549632788438759,0.0334728033472803
"COL2A1","ENST00000380518","fs",0.637320788530466,0.497816593886463,0.0824372759856631,0.0349344978165939
"ZNF292","ENST00000369577","fs",0.624326970141948,0.622843628269338,0.0860254527655409,0.0879243183082916
"GCK","ENST00000403799","fs",0.563662374821173,0.535593220338983,0.0493562231759657,0.0406779661016949
"EFTUD2","ENST00000426333","fs",0.597807468311065,0.613861386138614,0.0548132922233642,0.0792079207920792
"SOX10","ENST00000396884","fs",0.623126338329764,0.653171390013495,0.0856531049250535,0.0850202429149798
"DSP","ENST00000379802","fs",0.589948932219127,0.60892801005973,0.0548978644382544,0.0631876768311852
"MYO6","ENST00000369977","fs",0.605754276827372,0.556862745098039,0.0839813374805599,0.0470588235294118
"TEK","ENST00000380036","fs",0.605037037037037,0.583333333333333,0.0562962962962963,0
"FH","ENST00000366560","fs",0.580560991519896,0.628252788104089,0.0652315720808871,0.0855018587360595
"FBXO11","ENST00000403359","fs",0.617456896551724,0.598870056497175,0.0660919540229885,0.0282485875706215
"GLI2","ENST00000361492","fs",0.606369426751592,0.60943695479778,0.0868365180467091,0.0880253766851705
"SCN4A","ENST00000435607","fs",0.594991834512793,0.599681020733652,0.0462710941752858,0.0454545454545455
"SCN5A","ENST00000423572","fs",0.609292328042328,0.599845797995374,0.0534060846560847,0.0454895913646877
"RDH12","ENST00000551171","fs",0.605678233438486,0.582582582582583,0.0504731861198738,0.0810810810810811
"GRIN2B","ENST00000609686","fs",0.59371492704826,0.5895865237366,0.0540965207631874,0.0556406329760082
"FOXN1","ENST00000579795","fs",0.622496147919877,0.6112,0.106317411402157,0.136
"SEMA6B","ENST00000586582","fs",0.612298462692163,0.623493975903614,0.0926134233220847,0.105421686746988
"CDKN1C","ENST00000440480","fs",0.667755991285403,0.673076923076923,0.119825708061002,0.125641025641026
"CASR","ENST00000639785","fs",0.60982391102873,0.598656078191814,0.0531356194006796,0.0415394013439218
"HNRNPU","ENST00000640218","fs",0.673930589184827,0.68018018018018,0.108151735270379,0.108108108108108
"GRN","ENST00000053867","snv_control",0.639169472502806,0.664893617021277,0.0729517396184063,0.0638297872340425
"RALA","ENST00000005257","snv_control",0.586151368760064,0.653179190751445,0.0998389694041868,0.161849710982659
"CRY1","ENST00000008527","snv_control",0.596252129471891,0.590909090909091,0.0687109596819989,0
"ACTL6B","ENST00000160382","snv_control",0.551131928181108,0.564885496183206,0.0640124902419984,0.099236641221374
"KIF22","ENST00000160827","snv_control",0.617617617617618,0.73469387755102,0.0585585585585586,0.0408163265306122
"CREB3L3","ENST00000078445","snv_control",0.601010101010101,0.648351648351648,0.0916305916305916,0.10989010989011
"TLL1","ENST00000061240","snv_control",0.617357001972387,0.702702702702703,0.0641025641025641,0.0972972972972973
"SLC7A9","ENST00000023064","snv_control",0.601092896174863,0.573913043478261,0.0566939890710383,0.0347826086956522
"TNFRSF1A","ENST00000162749","snv_control",0.625,0.595567867036011,0.0957602339181287,0.0498614958448753
"NTN1","ENST00000173229","snv_control",0.6,0.62269129287599,0.0264462809917355,0.0686015831134565
"IMPG2","ENST00000193391","snv_control",0.605743424584004,0.571428571428571,0.0504562533548041,0.0634920634920635
"CDK13","ENST00000181839","snv_control",0.633399427186605,0.55937846836848,0.074245428508482,0.0399556048834628
"KDM4B","ENST00000159111","snv_control",0.597386812518991,0.629955947136564,0.064721969006381,0.0837004405286344
"KRT14","ENST00000167586","snv_control",0.591966173361522,0.655405405405405,0.025369978858351,0
"GNA11","ENST00000078429","snv_control",0.590740740740741,0.551867219917012,0.0203703703703704,0.0497925311203319
"CRYBB3","ENST00000215855","snv_control",0.536163522012579,0.564814814814815,0.0534591194968553,0.0740740740740741
"SPTLC2","ENST00000216484","snv_control",0.614564831261101,0.594117647058824,0.0473653049141504,0.0470588235294118
"VCL","ENST00000211998","snv_control",0.58942731277533,0.593908629441624,0.0552129221732746,0.0203045685279188
"ACO2","ENST00000216254","snv_control",0.608194622279129,0.594594594594595,0.0452411438326931,0.0648648648648649
"TGM6","ENST00000202625","snv_control",0.571428571428571,0.529411764705882,0.0363036303630363,0.0441176470588235
"ESR1","ENST00000206249","snv_control",0.598993288590604,0.540350877192982,0.0514541387024608,0.0596491228070175
"SRP54","ENST00000216774","snv_control",0.606600660066007,0.676056338028169,0.097029702970297,0.028169014084507
"OAS1","ENST00000202917","snv_control",0.596841230257689,0.525581395348837,0.0598503740648379,0.0372093023255814
"SOS2","ENST00000216373","snv_control",0.621155288822205,0.621428571428571,0.0785196299074769,0.0803571428571429
"SUPT16H","ENST00000216297","snv_control",0.618638676844784,0.693877551020408,0.0642493638676845,0.076530612244898
"CETP","ENST00000200676","snv_control",0.576248313090418,0.616,0.034412955465587,0
"EIF2AK1","ENST00000199389","snv_control",0.612783940834654,0.603351955307263,0.0824088748019017,0.122905027932961
"EEF1A2","ENST00000217182","snv_control",0.593390804597701,0.640449438202247,0.0402298850574713,0
"SALL4","ENST00000217086","snv_control",0.61258697027198,0.659574468085106,0.0638836179633144,0.0808510638297872
"NFKBIA","ENST00000216797","snv_control",0.581761006289308,0.571428571428571,0.050314465408805,0
"SERPIND1","ENST00000215727","snv_control",0.57,0.566115702479339,0.0726666666666667,0.0826446280991736
"ALG5","ENST00000239891","snv_control",0.590769230769231,0.590361445783133,0.0533333333333333,0.0783132530120482
"HRG","ENST00000232003","snv_control",0.614068441064639,0.631341600901917,0.0830164765525982,0.107102593010147
"CSNK2A1","ENST00000217244","snv_control",0.594387755102041,0.590361445783133,0.0816326530612245,0.108433734939759
"SLC25A11","ENST00000225665","snv_control",0.59047619047619,0.577669902912621,0.0687830687830688,0.0242718446601942
"HOXA2","ENST00000222718","snv_control",0.628647214854111,0.635443037974683,0.0866489832007073,0.0772151898734177
"NFKB1","ENST00000226574","snv_control",0.610996563573883,0.568720379146919,0.0642611683848797,0.0568720379146919
"TSPAN12","ENST00000222747","snv_control",0.632897603485839,0.643258426966292,0.0533769063180828,0.047752808988764
"PKD2","ENST00000237596","snv_control",0.622635018919849,0.533101045296167,0.0691434468524252,0.0278745644599303
"TTR","ENST00000237014","snv_control",0.61036036036036,0.683544303797468,0.0382882882882883,0.0822784810126582
"FIG4","ENST00000230124","snv_control",0.604625550660793,0.521929824561403,0.0591042584434655,0.0921052631578947
"PDYN","ENST00000217305","snv_control",0.626143790849673,0.62536443148688,0.109803921568627,0.110787172011662
"SETX","ENST00000224140","snv_control",0.608663181478715,0.648682559598494,0.0721931789892955,0.0526976160602258
"GUCA1B","ENST00000230361","snv_control",0.565505804311774,0.567415730337079,0.033167495854063,0.0224719101123595
"POLR3B","ENST00000228347","snv_control",0.608171663727219,0.611111111111111,0.072310405643739,0.0666666666666667
"C5","ENST00000223642","snv_control",0.621745179884715,0.622222222222222,0.0765255416418207,0.0777777777777778
"ACTA2","ENST00000224784","snv_control",0.571428571428571,0.577319587628866,0.0555555555555556,0.0206185567010309
"SNTA1","ENST00000217381","snv_control",0.590909090909091,0.629370629370629,0.0652173913043478,0.0839160839160839
"SCNN1A","ENST00000228916","snv_control",0.593532338308458,0.607888631090487,0.0681592039800995,0.129930394431555
"COMP","ENST00000222271","snv_control",0.575197889182058,0.556701030927835,0.0576077396657872,0
"LAMA4","ENST00000230538","snv_control",0.616959064327485,0.627551020408163,0.0712719298245614,0.0459183673469388
"CNOT2","ENST00000229195","snv_control",0.587800369685767,0.583941605839416,0.070856438693777,0.0291970802919708
"GNB4","ENST00000232564","snv_control",0.579667644183773,0.56687898089172,0.0439882697947214,0.0509554140127389
"KCNJ13","ENST00000233826","snv_control",0.607571560480148,0.588410104011887,0.061865189289012,0.0638930163447251
"NPRL2","ENST00000232501","snv_control",0.582677165354331,0.508474576271186,0.0227471566054243,0.0677966101694915
"CRYBA1","ENST00000225387","snv_control",0.578703703703704,0.585858585858586,0.0493827160493827,0.0404040404040404
"KISS1R","ENST00000234371","snv_control",0.624895572263993,0.666011787819253,0.0685045948203843,0.117878192534381
"LOX","ENST00000231004","snv_control",0.597288676236045,0.508771929824561,0.0406698564593301,0
"MYL2","ENST00000228841","snv_control",0.636726546906188,0.63758389261745,0.0558882235528942,0.0671140939597315
"TGFB1","ENST00000221930","snv_control",0.588235294117647,0.54066985645933,0.0298380221653879,0.0191387559808612
"GMNN","ENST00000230056","snv_control",0.588888888888889,0.528301886792453,0.0746031746031746,0.0188679245283019
"PIK3R2","ENST00000222254","snv_control",0.601280292638317,0.554263565891473,0.046639231824417,0.0465116279069767
"MAPK8IP1","ENST00000241014","snv_control",0.625936329588015,0.544715447154472,0.0884831460674157,0.0650406504065041
"NR0B2","ENST00000254227","snv_control",0.621447028423773,0.664383561643836,0.0749354005167959,0.0684931506849315
"KIDINS220","ENST00000256707","snv_control",0.598006019563582,0.612338156892612,0.0603837471783296,0.0700685453160701
"TRPM4","ENST00000252826","snv_control",0.621947873799726,0.618181818181818,0.0784636488340192,0.181818181818182
"F12","ENST00000253496","snv_control",0.606601731601732,0.63302752293578,0.0579004329004329,0.018348623853211
"VPS4A","ENST00000254950","snv_control",0.633181126331811,0.723684210526316,0.0707762557077626,0.0263157894736842
"C3","ENST00000245907","snv_control",0.592548076923077,0.651041666666667,0.0436698717948718,0.0625
"MSTO1","ENST00000245564","snv_control",0.611208406304729,0.588679245283019,0.0700525394045534,0.0339622641509434
"RAC2","ENST00000249071","snv_control",0.644214162348877,0.61878453038674,0.0345423143350604,0.0220994475138122
"SLC52A1","ENST00000254853","snv_control",0.657757980697847,0.67680608365019,0.0682999257609503,0.0950570342205323
"RHOBTB2","ENST00000251822","snv_control",0.619505494505495,0.630597014925373,0.0581501831501832,0.0783582089552239
"UBA2","ENST00000246548","snv_control",0.594903796151846,0.53448275862069,0.0670826833073323,0
"DNASE1","ENST00000246949","snv_control",0.546525323910483,0.5,0.055359246171967,0
"CHRND","ENST00000258385","snv_control",0.613899613899614,0.613733905579399,0.0579150579150579,0.0686695278969957
"HCN2","ENST00000251287","snv_control",0.627340823970037,0.680821917808219,0.0730337078651685,0.0808219178082192
"PMP2","ENST00000256103","snv_control",0.62406015037594,0.594059405940594,0.0526315789473684,0.0792079207920792
"GDF11","ENST00000257868","snv_control",0.620915032679739,0.619489559164733,0.0866013071895425,0.0696055684454756
"WNK4","ENST00000246914","snv_control",0.622990353697749,0.735849056603774,0.0959271168274384,0.169811320754717
"KLHL24","ENST00000242810","snv_control",0.574043261231281,0.561752988047809,0.0637825845812535,0.0637450199203187
"CDK4","ENST00000257904","snv_control",0.604166666666667,0.65034965034965,0.0427631578947368,0.027972027972028
"MYOT","ENST00000239926","snv_control",0.590514362057448,0.569506726457399,0.0574482297929192,0.0358744394618834
"LRP1","ENST00000243077","snv_control",0.566923359002567,0.607329842931937,0.051998533186652,0.115183246073298
"TTC21B","ENST00000243344","snv_control",0.593267527208302,0.6328125,0.0842824601366743,0.109375
"TAF4","ENST00000252996","snv_control",0.662062615101289,0.628440366972477,0.105893186003683,0.137614678899083
"PRPH","ENST00000257860","snv_control",0.62278839348903,0.594827586206897,0.0339702760084926,0.0344827586206897
"KCNA5","ENST00000252321","snv_control",0.620521172638437,0.620521172638437,0.0776330076004343,0.0776330076004343
"SEC61A1","ENST00000243253","snv_control",0.609364081062194,0.616033755274262,0.0496156533892383,0.0548523206751055
"OPN1SW","ENST00000249389","snv_control",0.556840077071291,0.552941176470588,0.0327552986512524,0.0470588235294118
"HBA2","ENST00000251595","snv_control",0.587412587412587,0.592178770949721,0.0372960372960373,0.0446927374301676
"MYH2","ENST00000245503","snv_control",0.613800205973223,0.54679802955665,0.0518365945760384,0.0394088669950739
"ATXN10","ENST00000252934","snv_control",0.591736694677871,0.60377358490566,0.0623249299719888,0.150943396226415
"TFG","ENST00000240851","snv_control",0.613466334164589,0.678983833718245,0.0532003325020781,0.0369515011547344
"TICAM1","ENST00000248244","snv_control",0.61711079943899,0.61711079943899,0.0864890135577373,0.0864890135577373
"JAG1","ENST00000254958","snv_control",0.585999453103637,0.635826771653543,0.0617992890347279,0.0688976377952756
"TBX2","ENST00000240328","snv_control",0.640018700327256,0.646123260437376,0.0537634408602151,0.073558648111332
"TUBA4A","ENST00000248437","snv_control",0.567186340014848,0.562622309197652,0.0430586488492947,0.0362035225048924
"ANO3","ENST00000256737","snv_control",0.597080787508486,0.609442060085837,0.071622539035981,0.0429184549356223
"HOXD10","ENST00000249501","snv_control",0.593352883675464,0.61280487804878,0.0586510263929619,0.0396341463414634
"TARDBP","ENST00000240185","snv_control",0.618473895582329,0.666092943201377,0.072289156626506,0.0499139414802065
"GHSR","ENST00000241256","snv_control",0.584014532243415,0.608450704225352,0.0408719346049046,0.0450704225352113
"COPA","ENST00000241704","snv_control",0.59047619047619,0.572727272727273,0.0497959183673469,0.0363636363636364
"RRM2B","ENST00000251810","snv_control",0.597537878787879,0.566502463054187,0.0965909090909091,0.172413793103448
"SLC12A5","ENST00000243964","snv_control",0.595046254849299,0.577464788732394,0.0504327066547299,0.0563380281690141
"MRAP2","ENST00000257776","snv_control",0.585760517799353,0.571428571428571,0.0501618122977346,0.0498866213151927
"BACH2","ENST00000257749","snv_control",0.617973079968329,0.634146341463415,0.0768012668250198,0.0562851782363977
"ELN","ENST00000252034","snv_control",0.667126436781609,0.74468085106383,0.0740229885057471,0.170212765957447
"GATA5","ENST00000252997","snv_control",0.64070351758794,0.694174757281553,0.0921273031825796,0.16504854368932
"DLL4","ENST00000249749","snv_control",0.619533527696793,0.767857142857143,0.0563654033041788,0
"SMARCC1","ENST00000254480","snv_control",0.617842073538276,0.648648648648649,0.0759493670886076,0.114864864864865
"NALCN","ENST00000251127","snv_control",0.599578301705961,0.65983606557377,0.072263753114817,0.0983606557377049
"TUBG1","ENST00000251413","snv_control",0.558259587020649,0.544354838709677,0.0457227138643068,0.0161290322580645
"SEPTIN12","ENST00000268231","snv_control",0.623026926648097,0.650793650793651,0.085422469823584,0.0952380952380952
"AFF4","ENST00000265343","snv_control",0.615693012600229,0.573033707865168,0.0615693012600229,0.0280898876404494
"PRKCG","ENST00000263431","snv_control",0.598376313276027,0.602510460251046,0.0859598853868195,0.0669456066945607
"MARS1","ENST00000262027","snv_control",0.598594154642989,0.65989847715736,0.0610432852386237,0.131979695431472
"EVC","ENST00000264956","snv_control",0.617656931856328,0.592592592592593,0.0637797918764686,0.0888888888888889
"DNAJB11","ENST00000265028","snv_control",0.634168987929434,0.6,0.0705663881151346,0.104347826086957
"FBN2","ENST00000262464","snv_control",0.605217988328184,0.609411764705882,0.0561849181828585,0.0376470588235294
"PDE8B","ENST00000264917","snv_control",0.574115876598947,0.49375,0.0500376222723853,0.025
"MCM6","ENST00000264156","snv_control",0.600567721005677,0.55688622754491,0.0308191403081914,0.0419161676646707
"VCAN","ENST00000265077","snv_control",0.603277401628888,0.606741573033708,0.0586792267687175,0.050561797752809
"GRIA2","ENST00000264426","snv_control",0.610482654600302,0.608108108108108,0.0761689291101056,0.0743243243243243
"FAT2","ENST00000261800","snv_control",0.59095785440613,0.620926243567753,0.060536398467433,0.137221269296741
"HS6ST1","ENST00000259241","snv_control",0.592233009708738,0.58102766798419,0.0202265372168285,0.0210803689064559
"GABBR2","ENST00000259455","snv_control",0.601556970983723,0.587962962962963,0.0636942675159236,0.0787037037037037
"MAP2K2","ENST00000262948","snv_control",0.621778886118038,0.732919254658385,0.057356608478803,0.0496894409937888
"TRPV4","ENST00000261740","snv_control",0.621941896024465,0.600961538461538,0.0619266055045872,0.105769230769231
"RAD51","ENST00000267868","snv_control",0.565686274509804,0.609195402298851,0.0215686274509804,0.0804597701149425
"PDE6H","ENST00000266395","snv_control",0.619047619047619,0.614173228346457,0.0317460317460317,0.031496062992126
"CTCF","ENST00000264010","snv_control",0.612637362637363,0.591489361702128,0.0801282051282051,0.0723404255319149
"TIMP3","ENST00000266085","snv_control",0.561320754716981,0.57258064516129,0.0833333333333333,0.0766129032258065
"GUCY2C","ENST00000261170","snv_control",0.591247672253259,0.6,0.0726256983240224,0.124444444444444
"MIB1","ENST00000261537","snv_control",0.598146309169149,0.518324607329843,0.0407149950347567,0.06282722513089
"CHMP2B","ENST00000263780","snv_control",0.649532710280374,0.614906832298137,0.0716510903426791,0
"WBP11","ENST00000261167","snv_control",0.638110072689512,0.632231404958678,0.083073727933541,0.0950413223140496
"CHD5","ENST00000262450","snv_control",0.630861040068201,0.637931034482759,0.06615515771526,0.137931034482759
"EPAS1","ENST00000263734","snv_control",0.58936088786835,0.564356435643564,0.0765403750478377,0.0198019801980198
"GNAO1","ENST00000262493","snv_control",0.568075117370892,0.588235294117647,0.0403755868544601,0.0546218487394958
"HCN4","ENST00000261917","snv_control",0.614341085271318,0.641211323238973,0.0927464008859358,0.144832126398947
"TUBB2B","ENST00000259818","snv_control",0.585201793721973,0.594059405940594,0.0440956651718984,0.0459045904590459
"ARCN1","ENST00000264028","snv_control",0.594401041666667,0.585714285714286,0.0729166666666667,0.0928571428571429
"TNPO3","ENST00000265388","snv_control",0.583694083694084,0.567567567567568,0.0638528138528139,0
"KDR","ENST00000263923","snv_control",0.622205846229428,0.582417582417582,0.0621468926553672,0.0732600732600733
"WDR37","ENST00000263150","snv_control",0.589225589225589,0.67032967032967,0.0592592592592593,0.0714285714285714
"WDR11","ENST00000263461","snv_control",0.598367346938775,0.620192307692308,0.0500680272108844,0.0625
"HDC","ENST00000267845","snv_control",0.599798893916541,0.641154328732748,0.0723981900452489,0.0702634880803011
"TCF3","ENST00000262965","snv_control",0.605089058524173,0.642487046632124,0.0809160305343511,0.0880829015544041
"MCM2","ENST00000265056","snv_control",0.576795580110497,0.540372670807453,0.0408839779005525,0.0745341614906832
"GAL","ENST00000265643","snv_control",0.594086021505376,0.59504132231405,0.0456989247311828,0.0330578512396694
"SEMA3A","ENST00000265362","snv_control",0.616148531951641,0.640316205533597,0.0630397236614853,0.0474308300395257
"IRF8","ENST00000268638","snv_control",0.627634660421546,0.643171806167401,0.0616705698672912,0.0837004405286344
"SIX3","ENST00000260653","snv_control",0.610610610610611,0.621399176954732,0.038038038038038,0.0164609053497942
"RLBP1","ENST00000268125","snv_control",0.611111111111111,0.598086124401914,0.0324947589098532,0.0669856459330144
"CLCN2","ENST00000265593","snv_control",0.60734149054505,0.653061224489796,0.0541342232109752,0.073469387755102
"SRSF1","ENST00000258962","snv_control",0.55421686746988,0.518367346938776,0.0535475234270415,0.0489795918367347
"TNFRSF13B","ENST00000261652","snv_control",0.579365079365079,0.581395348837209,0.072562358276644,0.109634551495017
"MCOLN1","ENST00000264079","snv_control",0.59609868043603,0.71264367816092,0.0487664945496271,0.0459770114942529
"PRPF6","ENST00000266079","snv_control",0.613234253361642,0.679802955665025,0.0583864118895966,0.0394088669950739
"PDGFRB","ENST00000261799","snv_control",0.577235772357724,0.645299145299145,0.050587172538392,0.094017094017094
"ARFGEF1","ENST00000262215","snv_control",0.58990990990991,0.67906976744186,0.0630630630630631,0.0697674418604651
"SLC12A2","ENST00000262461","snv_control",0.620225336630943,0.666666666666667,0.0656773838966749,0.021505376344086
"THSD1","ENST00000258613","snv_control",0.626025791324736,0.653603918824353,0.0652598671355998,0.0699790062981106
"LMNB1","ENST00000261366","snv_control",0.597955706984668,0.66304347826087,0.0380465644520159,0.0869565217391304
"SCN1B","ENST00000262631","snv_control",0.567732115677321,0.555555555555556,0.0319634703196347,0
"SPTLC1","ENST00000262554","snv_control",0.627285513361463,0.673611111111111,0.0675105485232067,0
"SYT1","ENST00000261205","snv_control",0.619385342789598,0.571984435797665,0.08274231678487,0.046692607003891
"MMP13","ENST00000260302","snv_control",0.621468926553672,0.576158940397351,0.0783898305084746,0.0993377483443709
"AAGAB","ENST00000261880","snv_control",0.613924050632911,0.625,0.04957805907173,0.1015625
"CBL","ENST00000264033","snv_control",0.619992649761117,0.637982195845697,0.0606394707828004,0.0385756676557863
"GRIN2D","ENST00000263269","snv_control",0.621540762902019,0.695965417867435,0.0767888307155323,0.11671469740634
"POLG","ENST00000268124","snv_control",0.608602150537634,0.700787401574803,0.0658602150537634,0.102362204724409
"FOXF1","ENST00000262426","snv_control",0.642105263157895,0.497630331753554,0.0491228070175439,0.042654028436019
"VWF","ENST00000261405","snv_control",0.586709310589908,0.606694560669456,0.0533049040511727,0.0209205020920502
"CUL3","ENST00000264414","snv_control",0.638491547464239,0.664835164835165,0.0576506285218899,0
"RB1","ENST00000267163","snv_control",0.609257265877287,0.580645161290323,0.0914962325080732,0.0645161290322581
"TRPA1","ENST00000262209","snv_control",0.608928571428571,0.601532567049808,0.0705357142857143,0.0689655172413793
"SLC1A3","ENST00000265113","snv_control",0.593615715162677,0.580392156862745,0.050951503990178,0
"KLF1","ENST00000264834","snv_control",0.664830119375574,0.597345132743363,0.0789715335169881,0.0752212389380531
"ITGA2B","ENST00000262407","snv_control",0.609615384615385,0.763636363636364,0.0836538461538461,0.0818181818181818
"PITPNM3","ENST00000262483","snv_control",0.59008547008547,0.629213483146067,0.0567521367521368,0.0280898876404494
"DHTKD1","ENST00000263035","snv_control",0.601449275362319,0.598684210526316,0.0608695652173913,0.0592105263157895
"KMT2C","ENST00000262189","snv_control",0.613802931596091,0.594405594405594,0.067114549402823,0.027972027972028
"POLR1A","ENST00000263857","snv_control",0.600038737168313,0.52317880794702,0.0538446639550649,0.0264900662251656
"KIF11","ENST00000260731","snv_control",0.626616209397666,0.604395604395604,0.0917691579943236,0.126373626373626
"AARS1","ENST00000261772","snv_control",0.591331269349845,0.601694915254237,0.0488476092191262,0.0677966101694915
"CDH11","ENST00000268603","snv_control",0.587620242576328,0.555758683729433,0.0593893768297783,0.0694698354661792
"SREBF1","ENST00000261646","snv_control",0.610627177700348,0.625,0.0754936120789779,0.0357142857142857
"C9","ENST00000263408","snv_control",0.624404761904762,0.717647058823529,0.0982142857142857,0.176470588235294
"CUX2","ENST00000261726","snv_control",0.602555480833894,0.629107981220657,0.0970634386908765,0.105633802816901
"SMAD2","ENST00000262160","snv_control",0.5997150997151,0.482758620689655,0.0641025641025641,0.0689655172413793
"STAT3","ENST00000264657","snv_control",0.603112840466926,0.594339622641509,0.0492866407263294,0.0471698113207547
"CSRP3","ENST00000265968","snv_control",0.606837606837607,0.637795275590551,0.0700854700854701,0.165354330708661
"SETD1A","ENST00000262519","snv_control",0.641491022638564,0.59375,0.0887978142076503,0.0178571428571429
"SDHA","ENST00000264932","snv_control",0.569423558897243,0.576642335766423,0.0476190476190476,0.0291970802919708
"NOVA2","ENST00000263257","snv_control",0.632183908045977,0.638128861429832,0.0878972278566599,0.0953221535745808
"HAL","ENST00000261208","snv_control",0.59726443768997,0.570680628272251,0.0410334346504559,0.0890052356020942
"DNAJB6","ENST00000262177","snv_control",0.651376146788991,0.68421052631579,0.0856269113149847,0.037593984962406
"ABCB6","ENST00000265316","snv_control",0.609727164887307,0.528301886792453,0.0419137999209174,0.050314465408805
"ANLN","ENST00000265748","snv_control",0.600592592592593,0.637931034482759,0.0764444444444444,0.028735632183908
"PIKFYVE","ENST00000264380","snv_control",0.601715102429728,0.596385542168675,0.0643163411148166,0.102409638554217
"EPCAM","ENST00000263735","snv_control",0.612698412698413,0.619565217391304,0.0952380952380952,0
"TUBA3D","ENST00000321253","snv_control",0.600886917960089,0.62536023054755,0.0517368810051737,0.0432276657060519
"FLNB","ENST00000295956","snv_control",0.598027916506595,0.697478991596639,0.0586502753233449,0.0966386554621849
"GPD1L","ENST00000282541","snv_control",0.608901515151515,0.63265306122449,0.0577651515151515,0
"FIGLA","ENST00000332372","snv_control",0.590909090909091,0.53030303030303,0.0636363636363636,0
"TUBA8","ENST00000330423","snv_control",0.592592592592593,0.619186046511628,0.0644444444444444,0.11046511627907
"MST1R","ENST00000296474","snv_control",0.598382108018082,0.535947712418301,0.0532952652867,0.0686274509803922
"LBR","ENST00000272163","snv_control",0.648809523809524,0.578199052132701,0.0757575757575758,0.037914691943128
"FBLN1","ENST00000327858","snv_control",0.56344696969697,0.526315789473684,0.0321969696969697,0.0473684210526316
"KAT5","ENST00000341318","snv_control",0.59963436928702,0.513513513513513,0.0597196831200488,0.027027027027027
"ANTXR1","ENST00000303714","snv_control",0.646607669616519,0.704180064308682,0.0784660766961652,0.160771704180064
"KCNH5","ENST00000322893","snv_control",0.618806875631951,0.607214428857715,0.0876306033029997,0.0961923847695391
"NEUROD1","ENST00000295108","snv_control",0.588235294117647,0.588235294117647,0.065359477124183,0.065359477124183
"INSR","ENST00000302850","snv_control",0.601349722824777,0.649382716049383,0.0547119787900699,0.0567901234567901
"LMBRD2","ENST00000296603","snv_control",0.616858237547893,0.567567567567568,0.0852490421455939,0
"TUBB6","ENST00000317702","snv_control",0.553318419090231,0.561938958707361,0.0238627889634601,0.0251346499102334
"IKZF1","ENST00000331340","snv_control",0.6,0.578947368421053,0.0461538461538462,0.05
"TRAF7","ENST00000326181","snv_control",0.575260804769002,0.707692307692308,0.042722305017387,0.123076923076923
"CDKN2A","ENST00000304494","snv_control",0.664543524416136,0.46875,0.0743099787685775,0.0625
"CUX1","ENST00000292535","snv_control",0.608455068614431,0.682819383259912,0.066622399291722,0.0954478707782673
"SRRM2","ENST00000301740","snv_control",0.608790410461315,0.666666666666667,0.0617508172902288,0
"UBAP1","ENST00000297661","snv_control",0.605036447978794,0.62303664921466,0.0556660039761431,0.06282722513089
"JARID2","ENST00000341776","snv_control",0.59663191659984,0.489270386266094,0.0767174552258754,0.103004291845494
"LMNB2","ENST00000325327","snv_control",0.599570585077831,0.641304347826087,0.0279119699409554,0.0978260869565217
"REN","ENST00000272190","snv_control",0.645372645372645,0.660377358490566,0.0491400491400491,0.0471698113207547
"GABRA5","ENST00000335625","snv_control",0.596832253419726,0.597142857142857,0.0755939524838013,0.142857142857143
"PEX6","ENST00000304611","snv_control",0.623513421678559,0.524064171122995,0.0604825008494733,0
"DPYSL5","ENST00000288699","snv_control",0.565191740412979,0.522058823529412,0.0430678466076696,0.0367647058823529
"SF3B2","ENST00000322535","snv_control",0.642113095238095,0.581967213114754,0.0866815476190476,0.172131147540984
"NEFH","ENST00000310624","snv_control",0.685602350636631,0.724409448818898,0.0858635324844923,0.133858267716535
"SLC6A1","ENST00000287766","snv_control",0.601111111111111,0.6,0.0616666666666667,0.0258064516129032
"KCNMA1","ENST00000286628","snv_control",0.607652923740232,0.603333333333333,0.0501212611156023,0.0166666666666667
"RAD21","ENST00000297338","snv_control",0.62710970464135,0.566115702479339,0.0654008438818565,0.0702479338842975
"COL6A3","ENST00000295550","snv_control",0.610237046360394,0.802197802197802,0.05307321166352,0.0879120879120879
"DHX37","ENST00000308736","snv_control",0.612838226827864,0.639705882352941,0.0708117443868739,0.139705882352941
"KLHL7","ENST00000339077","snv_control",0.603066439522998,0.646706586826347,0.0420215786484952,0.0359281437125748
"PKP2","ENST00000340811","snv_control",0.575974542561655,0.596638655462185,0.0588703261734288,0.0336134453781513
"CAPRIN1","ENST00000341394","snv_control",0.599530516431925,0.617391304347826,0.0586854460093897,0.11304347826087
"CLTC","ENST00000269122","snv_control",0.59466984884646,0.691428571428571,0.0562848050914877,0.0914285714285714
"COL12A1","ENST00000322507","snv_control",0.6102045256745,0.59016393442623,0.064621409921671,0
"PDE11A","ENST00000286063","snv_control",0.596002855103497,0.495145631067961,0.0667380442541042,0.0436893203883495
"PNKD","ENST00000273077","snv_control",0.646804835924007,0.691964285714286,0.0751295336787565,0.0714285714285714
"HESX1","ENST00000295934","snv_control",0.625448028673835,0.664429530201342,0.116487455197133,0.167785234899329
"CD164","ENST00000310786","snv_control",0.589225589225589,0.622119815668203,0.0336700336700337,0.0368663594470046
"TNNI3K","ENST00000326637","snv_control",0.582535885167464,0.559055118110236,0.0470494417862839,0.062992125984252
"WNK1","ENST00000315939","snv_control",0.596307175828787,0.646739130434783,0.0558120016785564,0.0570652173913043
"HPD","ENST00000289004","snv_control",0.62098138747885,0.664596273291925,0.0532994923857868,0.0745341614906832
"DNAAF4","ENST00000321149","snv_control",0.624703087885986,0.55625,0.107680126682502,0.05
"SLC2A2","ENST00000314251","snv_control",0.60952380952381,0.661354581673307,0.0736507936507936,0.0916334661354582
"PRKD1","ENST00000331968","snv_control",0.602774735304856,0.520446096654275,0.0682730923694779,0.0594795539033457
"PCSK9","ENST00000302118","snv_control",0.603174603174603,0.530075187969925,0.0634920634920635,0.0488721804511278
"EDN3","ENST00000337938","snv_control",0.622036262203626,0.575418994413408,0.097629009762901,0.0837988826815642
"TUBB2A","ENST00000333628","snv_control",0.586696562032885,0.595859585958596,0.0440956651718984,0.0459045904590459
"PRDX3","ENST00000298510","snv_control",0.591439688715953,0.548076923076923,0.0363164721141375,0
"ADGRE2","ENST00000315576","snv_control",0.615291262135922,0.576271186440678,0.0481391585760518,0
"CTNNA1","ENST00000302763","snv_control",0.583241455347299,0.58284023668639,0.0463065049614112,0.0502958579881657
"OVOL2","ENST00000278780","snv_control",0.603864734299517,0.594005449591281,0.0845410628019324,0.0626702997275204
"PHIP","ENST00000275034","snv_control",0.591840468349799,0.656976744186046,0.0781192828393707,0.0959302325581395
"PACS1","ENST00000320580","snv_control",0.604426002766252,0.542168674698795,0.0618948824343015,0.0240963855421687
"NLRP3","ENST00000336119","snv_control",0.611916264090177,0.593333333333333,0.0663446054750403,0.0866666666666667
"TMC1","ENST00000297784","snv_control",0.632501095050372,0.547945205479452,0.0757774857643452,0.10958904109589
"CRYBA2","ENST00000295728","snv_control",0.621212121212121,0.595959595959596,0.0303030303030303,0
"HEPACAM","ENST00000298251","snv_control",0.614708233413269,0.671388101983003,0.0727418065547562,0.0793201133144476
"FBLN5","ENST00000342058","snv_control",0.572383073496659,0.556603773584906,0.0556792873051225,0.0943396226415094
"ABL1","ENST00000318560","snv_control",0.610963748894783,0.63342776203966,0.0837017388741527,0.101416430594901
"MYRF","ENST00000278836","snv_control",0.6015625,0.641221374045801,0.0807291666666667,0
"KRT83","ENST00000293670","snv_control",0.597165991902834,0.663865546218487,0.0512820512820513,0.109243697478992
"HSPA9","ENST00000297185","snv_control",0.599019607843137,0.6015625,0.0607843137254902,0.171875
"PLIN1","ENST00000300055","snv_control",0.634161886551944,0.653658536585366,0.058636073932441,0.0731707317073171
"LIPC","ENST00000299022","snv_control",0.612,0.574074074074074,0.0593333333333333,0.111111111111111
"HNRNPA1","ENST00000340913","snv_control",0.668453976764969,0.707547169811321,0.0625558534405719,0.113207547169811
"CHD3","ENST00000330494","snv_control",0.622022322172247,0.633720930232558,0.0777944361152757,0.0755813953488372
"OSMR","ENST00000274276","snv_control",0.606802721088435,0.609951845906902,0.0683673469387755,0.0834670947030498
"RPSA","ENST00000301821","snv_control",0.595720720720721,0.496551724137931,0.0236486486486486,0
"TMEM43","ENST00000306077","snv_control",0.625935162094763,0.707509881422925,0.0748129675810474,0.0513833992094862
"CDH2","ENST00000269141","snv_control",0.583976479235575,0.552529182879377,0.0621095185593532,0.066147859922179
"SMAD3","ENST00000327367","snv_control",0.578247261345853,0.557471264367816,0.0672926447574335,0.0747126436781609
"STOX1","ENST00000298596","snv_control",0.627272727272727,0.565656565656566,0.0747474747474747,0.106060606060606
"KIT","ENST00000288135","snv_control",0.58546571136131,0.541899441340782,0.0539065165472535,0.0223463687150838
"P4HB","ENST00000331483","snv_control",0.612966601178782,0.66412213740458,0.0628683693516699,0.0610687022900763
"ATP6V1A","ENST00000273398","snv_control",0.573354908306365,0.51048951048951,0.04638619201726,0.027972027972028
"EZH2","ENST00000320356","snv_control",0.615248226950355,0.513513513513513,0.0851063829787234,0.0540540540540541
"IHH","ENST00000295731","snv_control",0.616504854368932,0.605077574047955,0.0631067961165049,0.0860366713681241
"HSPB8","ENST00000281938","snv_control",0.668358714043993,0.642857142857143,0.0930626057529611,0.0761904761904762
"TLR3","ENST00000296795","snv_control",0.633517495395948,0.637992831541219,0.0755064456721915,0.0931899641577061
"UCP3","ENST00000314032","snv_control",0.588924387646432,0.666666666666667,0.0649627263045793,0.0787878787878788
"HMCN1","ENST00000271588","snv_control",0.596699787083038,0.570743405275779,0.0470191625266146,0.0191846522781775
"TUBA1A","ENST00000301071","snv_control",0.594395280235988,0.60717749757517,0.0376106194690266,0.0358874878758487
"HNRNPDL","ENST00000295470","snv_control",0.672209026128266,0.611570247933884,0.0989707046714173,0.0743801652892562
"SCN4B","ENST00000324727","snv_control",0.622998544395924,0.6875,0.0640465793304221,0.0555555555555556
"SCN3A","ENST00000283254","snv_control",0.615692153923038,0.638041733547351,0.0692986839913377,0.0834670947030498
"MAPRE2","ENST00000300249","snv_control",0.63719512195122,0.608,0.0609756097560976,0.04
"FOXJ1","ENST00000322957","snv_control",0.62480252764613,0.622249388753056,0.107424960505529,0.100244498777506
"DSC2","ENST00000280904","snv_control",0.613082039911308,0.604838709677419,0.0813008130081301,0.0887096774193548
"NTRK2","ENST00000277120","snv_control",0.575685339690107,0.466101694915254,0.0540325784664283,0.0889830508474576
"NEUROD2","ENST00000302584","snv_control",0.642297650130548,0.642297650130548,0.0478677110530896,0.0478677110530896
"PIEZO1","ENST00000301015","snv_control",0.604150145387259,0.536666666666667,0.0474491144594237,0.0133333333333333
"KRT17","ENST00000311208","snv_control",0.583525789068514,0.551724137931034,0.0277136258660508,0
"PLCD1","ENST00000334661","snv_control",0.599735799207398,0.588235294117647,0.0563628357551739,0.0588235294117647
"JPH1","ENST00000342232","snv_control",0.596173212487412,0.587786259541985,0.0730110775427996,0.0763358778625954
"IL17RD","ENST00000296318","snv_control",0.624324324324324,0.680981595092024,0.0495495495495495,0.0245398773006135
"AFG3L2","ENST00000269143","snv_control",0.639933166248956,0.654275092936803,0.0839598997493734,0.130111524163569
"PROK2","ENST00000295619","snv_control",0.676923076923077,0.741935483870968,0.112820512820513,0.12258064516129
"TBK1","ENST00000331710","snv_control",0.597716894977169,0.705882352941177,0.0904109589041096,0.117647058823529
"GH1","ENST00000323322","snv_control",0.567278287461774,0.532258064516129,0.0351681957186544,0.0362903225806452
"EIF4A2","ENST00000323963","snv_control",0.655228758169935,0.687179487179487,0.0620915032679739,0.0461538461538462
"NR4A2","ENST00000339562","snv_control",0.610461880912632,0.657980456026059,0.0862548692264886,0.0977198697068404
"KLHL10","ENST00000293303","snv_control",0.572523262178435,0.564705882352941,0.0487137383689108,0.0470588235294118
"YAP1","ENST00000282441","snv_control",0.597359735973597,0.539792387543253,0.0521452145214521,0.027681660899654
"PIGT","ENST00000279036","snv_control",0.606217616580311,0.633663366336634,0.0552677029360967,0.0462046204620462
"YEATS2","ENST00000305135","snv_control",0.60131178261888,0.591194968553459,0.0611384399156711,0.0251572327044025
"DUSP6","ENST00000279488","snv_control",0.616055846422339,0.622905027932961,0.049738219895288,0.0977653631284916
"CASP10","ENST00000286186","snv_control",0.58508604206501,0.588235294117647,0.0484384958572339,0.0686274509803922
"NAF1","ENST00000274054","snv_control",0.649158249158249,0.629482071713147,0.102356902356902,0.125498007968127
"ERBB4","ENST00000342788","snv_control",0.613700025464731,0.602822580645161,0.0491469314998727,0.0463709677419355
"VPS35","ENST00000299138","snv_control",0.609368465077374,0.678260869565217,0.082810539523212,0.126086956521739
"MAP1B","ENST00000296755","snv_control",0.607668421763197,0.616504854368932,0.0776292696098285,0.0388349514563107
"KRT16","ENST00000301653","snv_control",0.575949367088608,0.620689655172414,0.0309423347398031,0
"BUB1B","ENST00000287598","snv_control",0.599746273390422,0.654471544715447,0.0558198541071995,0.101626016260163
"CAV1","ENST00000341049","snv_control",0.564245810055866,0.563775510204082,0.0391061452513966,0.0408163265306122
"A2ML1","ENST00000299698","snv_control",0.597250859106529,0.571428571428571,0.043298969072165,0
"KRT10","ENST00000269576","snv_control",0.646723646723647,0.578947368421053,0.0472934472934473,0
"SAMD9L","ENST00000318238","snv_control",0.615983175604627,0.615983175604627,0.101577287066246,0.101577287066246
"NLRP12","ENST00000324134","snv_control",0.609227871939736,0.579710144927536,0.049278091650973,0.0579710144927536
"PRDM16","ENST00000270722","snv_control",0.619681545288436,0.616216216216216,0.0934481858522579,0.0702702702702703
"CRYAA","ENST00000291554","snv_control",0.588122605363985,0.584615384615385,0.0727969348659004,0.0307692307692308
"MAP2K1","ENST00000307102","snv_control",0.595600676818951,0.658536585365854,0.065989847715736,0.109756097560976
"AUTS2","ENST00000342771","snv_control",0.62989417989418,0.62278675904542,0.0833333333333333,0.0831408775981524
"LRRK2","ENST00000298910","snv_control",0.623417721518987,0.627906976744186,0.0818829113924051,0.162790697674419
"WDFY3","ENST00000295888","snv_control",0.597580568944334,0.597701149425287,0.0596351951611379,0.0459770114942529
"GABRB3","ENST00000311550","snv_control",0.569620253164557,0.586734693877551,0.0668073136427567,0.0663265306122449
"POLE","ENST00000320574","snv_control",0.593790992566681,0.548780487804878,0.045182917941991,0
"CPA6","ENST00000297770","snv_control",0.619482496194825,0.579831932773109,0.0882800608828006,0.0966386554621849
"GLUD1","ENST00000277865","snv_control",0.596302921884317,0.594117647058824,0.0405485986881336,0
"ROM1","ENST00000278833","snv_control",0.634469696969697,0.587360594795539,0.0823863636363636,0.0743494423791822
"SNRNP200","ENST00000323853","snv_control",0.575417251598815,0.520618556701031,0.0411792232101076,0.0206185567010309
"CAMTA1","ENST00000303635","snv_control",0.606929510155317,0.63855421686747,0.0593389088012744,0.168674698795181
"MARCHF6","ENST00000274140","snv_control",0.600439077936334,0.581560283687943,0.0526893523600439,0.0354609929078014
"UNC119","ENST00000335765","snv_control",0.56984785615491,0.496932515337423,0.0663900414937759,0.0368098159509202
"KDM3B","ENST00000314358","snv_control",0.614264093832766,0.541984732824427,0.0739689746500189,0
"DDB1","ENST00000301764","snv_control",0.60765410458662,0.58955223880597,0.0505404615834064,0.0298507462686567
"FTL","ENST00000331825","snv_control",0.59280303030303,0.600985221674877,0.0568181818181818,0.0443349753694581
"RANBP2","ENST00000283195","snv_control",0.61250645994832,0.665730337078652,0.088062015503876,0.0617977528089888
"NODAL","ENST00000287139","snv_control",0.576628352490421,0.532019704433498,0.0603448275862069,0.0591133004926108
"RP9","ENST00000297157","snv_control",0.629129129129129,0.666666666666667,0.0870870870870871,0.144578313253012
"GRM1","ENST00000282753","snv_control",0.611715481171548,0.628717948717949,0.0479776847977685,0.0717948717948718
"ZNF408","ENST00000311764","snv_control",0.648173832639852,0.645739910313901,0.0638002773925104,0.0557335041639974
"VAMP2","ENST00000316509","snv_control",0.623931623931624,0.701492537313433,0.0997150997150997,0
"KRAS","ENST00000311936","snv_control",0.617283950617284,0.682634730538922,0.0670194003527337,0.131736526946108
"CNOT1","ENST00000317147","snv_control",0.603702145561632,0.682170542635659,0.0504838031131679,0.062015503875969
"USP48","ENST00000308271","snv_control",0.623230373230373,0.657534246575342,0.073037323037323,0
"MAF","ENST00000326043","snv_control",0.663366336633663,0.576388888888889,0.0866336633663366,0.145833333333333
"RABL3","ENST00000273375","snv_control",0.60056258790436,0.612068965517241,0.0661040787623066,0.155172413793103
"ZNF644","ENST00000337393","snv_control",0.601907630522088,0.539094650205761,0.101154618473896,0.0534979423868313
"CACNB2","ENST00000324631","snv_control",0.627836611195159,0.623853211009174,0.0640443772062532,0.0422018348623853
"PPP2R1A","ENST00000322088","snv_control",0.575141242937853,0.671641791044776,0.035593220338983,0
"STAT6","ENST00000300134","snv_control",0.618317610062893,0.604166666666667,0.0754716981132075,0.1125
"ACTC1","ENST00000290378","snv_control",0.582010582010582,0.608247422680412,0.037037037037037,0.0515463917525773
"COPB2","ENST00000333188","snv_control",0.60124954061007,0.643835616438356,0.0510841602352076,0.0547945205479452
"ALB","ENST00000295897","snv_control",0.637704918032787,0.642105263157895,0.0852459016393443,0.0631578947368421
"NEXN","ENST00000334785","snv_control",0.674556213017751,0.632458233890215,0.111932938856016,0.0405727923627685
"PRKAG2","ENST00000287878","snv_control",0.628654970760234,0.560975609756098,0.0795321637426901,0.048780487804878
"PDE4D","ENST00000340635","snv_control",0.620164609053498,0.627408993576017,0.0695473251028807,0.0706638115631692
"BFSP2","ENST00000302334","snv_control",0.613782051282051,0.481481481481481,0.0352564102564103,0
"INSL3","ENST00000317306","snv_control",0.575757575757576,0.51171875,0.0782828282828283,0.05078125
"ANKH","ENST00000284268","snv_control",0.611899932386748,0.615853658536585,0.0622041920216362,0.0609756097560976
"SCAF4","ENST00000286835","snv_control",0.655052264808362,0.693836978131213,0.070267131242741,0.0685884691848907
"GATA6","ENST00000269216","snv_control",0.662192393736018,0.637614678899083,0.081096196868009,0.0825688073394495
"KCNN3","ENST00000271915","snv_control",0.627959927140255,0.582132564841499,0.0673952641165756,0.0576368876080692
"ESR2","ENST00000341099","snv_control",0.581920903954802,0.50210970464135,0.0489642184557439,0.0548523206751055
"FZD5","ENST00000295417","snv_control",0.588168373151308,0.588168373151308,0.037542662116041,0.037542662116041
"CDH15","ENST00000289746","snv_control",0.585685071574642,0.523255813953488,0.0838445807770961,0.0872093023255814
"NF2","ENST00000338641","snv_control",0.594519015659955,0.613861386138614,0.0480984340044743,0.0891089108910891
"RPL15","ENST00000307839","snv_control",0.611382113821138,0.620786516853933,0.0357723577235772,0.0280898876404494
"UCHL1","ENST00000284440","snv_control",0.608630952380952,0.598540145985402,0.068452380952381,0.0291970802919708
"DDX41","ENST00000330503","snv_control",0.5741037988229,0.540106951871658,0.043338683788122,0.0695187165775401
"AP1G1","ENST00000299980","snv_control",0.59983799108951,0.526315789473684,0.0603483191575537,0.0592105263157895
"NCSTN","ENST00000294785","snv_control",0.591549295774648,0.485549132947977,0.055868544600939,0.046242774566474
"TSC1","ENST00000298552","snv_control",0.612875536480687,0.654385964912281,0.0575107296137339,0.0894736842105263
"AXIN2","ENST00000307078","snv_control",0.616113744075829,0.587570621468927,0.0860979462875198,0.0621468926553672
"ACOX1","ENST00000293217","snv_control",0.59505799293999,0.5,0.0579929399899143,0.0816326530612245
"DVL3","ENST00000313143","snv_control",0.609948860994886,0.650924024640657,0.0641562064156206,0.119096509240246
"CFHR1","ENST00000320493","snv_control",0.622356495468278,0.592885375494071,0.105740181268882,0.0671936758893281
"FGF8","ENST00000320185","snv_control",0.608163265306122,0.580645161290323,0.0625850340136054,0.0733137829912024
"BPTF","ENST00000306378","snv_control",0.622617824945795,0.540229885057471,0.0801095515234509,0
"SPECC1L","ENST00000314328","snv_control",0.601967799642218,0.471428571428571,0.0578413834227788,0
"SLC1A2","ENST00000278379","snv_control",0.598260869565217,0.655737704918033,0.0573913043478261,0
"SEC23A","ENST00000307712","snv_control",0.591818973020017,0.607142857142857,0.0574412532637076,0.0642857142857143
"ADIPOQ","ENST00000320741","snv_control",0.608163265306122,0.611208406304729,0.0612244897959184,0.0490367775831874
"WASHC5","ENST00000318410","snv_control",0.597701149425287,0.672897196261682,0.0586206896551724,0.0467289719626168
"ATP6V1B2","ENST00000276390","snv_control",0.595703125,0.594736842105263,0.0462239583333333,0.0631578947368421
"HSPB3","ENST00000302005","snv_control",0.573951434878587,0.573951434878587,0.0640176600441501,0.0640176600441501
"ZNF687","ENST00000336715","snv_control",0.61900915455035,0.618348623853211,0.112547119009155,0.132110091743119
"EGFR","ENST00000275493","snv_control",0.59344894026975,0.587378640776699,0.0630333058078723,0.0509708737864078
"MMP19","ENST00000322569","snv_control",0.615586116568435,0.598971722365039,0.0589390962671906,0.0411311053984576
"OTULIN","ENST00000284274","snv_control",0.606232294617564,0.612244897959184,0.0538243626062323,0.0326530612244898
"ZNF462","ENST00000277225","snv_control",0.604440898816647,0.624031007751938,0.0632894561893365,0.10077519379845
"GABRB1","ENST00000295454","snv_control",0.548771929824561,0.567088607594937,0.0694736842105263,0.0962025316455696
"GNB2","ENST00000303210","snv_control",0.598240469208211,0.535031847133758,0.0469208211143695,0.0254777070063694
"TERT","ENST00000310581","snv_control",0.604001176816711,0.461038961038961,0.0735510444248308,0.051948051948052
"CYP2A6","ENST00000301141","snv_control",0.606734006734007,0.59051724137931,0.068013468013468,0.0905172413793103
"MTMR14","ENST00000296003","snv_control",0.609831029185868,0.576923076923077,0.0593958013312852,0.0598290598290598
"HCN1","ENST00000303230","snv_control",0.598204264870932,0.572340425531915,0.0722035166479611,0.074468085106383
"KCNE2","ENST00000290310","snv_control",0.60752688172043,0.60752688172043,0.0591397849462366,0.0591397849462366
"STAT5B","ENST00000293328","snv_control",0.601522842639594,0.627118644067797,0.0532994923857868,0.0677966101694915
"SIK1","ENST00000270162","snv_control",0.610969387755102,0.640845070422535,0.102040816326531,0.173708920187793
"GRIA1","ENST00000285900","snv_control",0.618890113928703,0.545816733067729,0.0554943035648659,0.0717131474103586
"ALG10B","ENST00000308742","snv_control",0.611814345991561,0.622846781504986,0.10267229254571,0.127833182230281
"ELOVL5","ENST00000304434","snv_control",0.615555555555556,0.701030927835051,0.0588888888888889,0.0824742268041237
"ROBO4","ENST00000306534","snv_control",0.617724867724868,0.465753424657534,0.0876322751322751,0
"SOD1","ENST00000270142","snv_control",0.638709677419355,0.658227848101266,0.0279569892473118,0.0316455696202532
"TMEM151A","ENST00000327259","snv_control",0.57000710732054,0.570911722141823,0.0639658848614073,0.065123010130246
"SLC17A8","ENST00000323346","snv_control",0.626553672316384,0.610126582278481,0.0864406779661017,0.0531645569620253
"TM4SF20","ENST00000304568","snv_control",0.621739130434783,0.607669616519174,0.0695652173913043,0.0678466076696165
"APPL1","ENST00000288266","snv_control",0.596244131455399,0.644670050761421,0.0849765258215962,0.0862944162436548
"SET","ENST00000322030","snv_control",0.671462829736211,0.743243243243243,0.079136690647482,0.0540540540540541
"ATP5F1A","ENST00000398752","snv_control",0.593862815884477,0.613636363636364,0.0348977135980746,0
"PPP1CB","ENST00000395366","snv_control",0.584349593495935,0.593548387096774,0.0589430894308943,0.0516129032258065
"MME","ENST00000360490","snv_control",0.59387483355526,0.626666666666667,0.0687971593430981,0.08
"MEF2C","ENST00000504921","snv_control",0.582981715893108,0.586021505376344,0.0393811533052039,0.0349462365591398
"SMARCA4","ENST00000344626","snv_control",0.62034789644013,0.55421686746988,0.0586569579288026,0
"CHCHD2","ENST00000395422","snv_control",0.570175438596491,0.557377049180328,0.0570175438596491,0
"KCTD17","ENST00000403888","snv_control",0.646560846560847,0.666666666666667,0.0698412698412698,0.141666666666667
"MYLK2","ENST00000375985","snv_control",0.610273590173088,0.549618320610687,0.0764935790061418,0.114503816793893
"CHCHD10","ENST00000484558","snv_control",0.608391608391608,0.571428571428571,0.128205128205128,0
"DNM1","ENST00000372923","snv_control",0.594219653179191,0.702702702702703,0.0539499036608863,0.279279279279279
"LIM2","ENST00000596399","snv_control",0.618773946360153,0.473214285714286,0.0593869731800766,0.0714285714285714
"MINPP1","ENST00000371996","snv_control",0.59016393442623,0.595078299776286,0.0717213114754098,0.0492170022371365
"PROM1","ENST00000447510","snv_control",0.600846805234796,0.515151515151515,0.0642802155504234,0
"NLRP1","ENST00000572272","snv_control",0.610131162369968,0.513513513513513,0.0615106286748078,0.0243243243243243
"SMC3","ENST00000361804","snv_control",0.602900930487137,0.565573770491803,0.077175697865353,0
"MAP3K1","ENST00000399503","snv_control",0.616435338180216,0.555,0.0552985239039436,0.025
"ACTN1","ENST00000394419","snv_control",0.594899817850638,0.521531100478469,0.0255009107468124,0.062200956937799
"PBX1","ENST00000420696","snv_control",0.592420726991493,0.433566433566434,0.0618716163959783,0.0559440559440559
"ANXA11","ENST00000422982","snv_control",0.622529644268775,0.5,0.0909090909090909,0.0363636363636364
"LDLR","ENST00000558518","snv_control",0.559427022841657,0.430232558139535,0.0596205962059621,0.0465116279069767
"NR3C1","ENST00000394464","snv_control",0.606255355612682,0.586206896551724,0.102827763496144,0.172413793103448
"CLCN6","ENST00000346436","snv_control",0.620689655172414,0.580152671755725,0.0517241379310345,0.0305343511450382
"YARS1","ENST00000373477","snv_control",0.619407687460617,0.596273291925466,0.074354127284184,0.062111801242236
"MPEG1","ENST00000361050","snv_control",0.629474662947466,0.629474662947466,0.0827522082752208,0.0827522082752208
"GJB3","ENST00000373366","snv_control",0.554735547355474,0.554735547355474,0.0602706027060271,0.0602706027060271
"POLD1","ENST00000440232","snv_control",0.606799037304453,0.576923076923077,0.052647412755716,0.0576923076923077
"COMT","ENST00000361682","snv_control",0.60171568627451,0.605577689243028,0.0416666666666667,0.0159362549800797
"MTOR","ENST00000361445","snv_control",0.598823529411765,0.545454545454545,0.0462745098039216,0.0606060606060606
"STAG1","ENST00000383202","snv_control",0.595710881652105,0.5,0.062748212867355,0
"KCNC3","ENST00000477616","snv_control",0.635004397537379,0.655844155844156,0.11169744942832,0.227272727272727
"HSPD1","ENST00000388968","snv_control",0.613821138211382,0.689655172413793,0.078397212543554,0.0443349753694581
"TNFRSF11A","ENST00000586569","snv_control",0.628849270664506,0.661676646706587,0.0621285791464073,0.0718562874251497
"IFNGR1","ENST00000367739","snv_control",0.591836734693878,0.597875569044006,0.0802721088435374,0.0925644916540212
"MFAP5","ENST00000359478","snv_control",0.538314176245211,0.521472392638037,0.0632183908045977,0.0552147239263804
"TUBB8","ENST00000568584","snv_control",0.567790262172285,0.589350180505415,0.0644194756554307,0.0703971119133574
"FOXN1","ENST00000579795","snv_control",0.622496147919877,0.618918918918919,0.106317411402157,0.132432432432432
"RPL5","ENST00000370321","snv_control",0.609619686800895,0.673333333333333,0.0492170022371365,0.113333333333333
"CEP85L","ENST00000368491","snv_control",0.600082712985939,0.481308411214953,0.0686517783291977,0.0233644859813084
"CAMK2B","ENST00000395749","snv_control",0.578710644677661,0.554770318021201,0.0894552723638181,0.0282685512367491
"ATR","ENST00000350721","snv_control",0.590170132325142,0.553571428571429,0.0684310018903592,0.0357142857142857
"RIT1","ENST00000368323","snv_control",0.572727272727273,0.629893238434164,0.0560606060606061,0.103202846975089
"FGF14","ENST00000376143","snv_control",0.641129032258065,0.657754010695187,0.0793010752688172,0.106951871657754
"PRKG1","ENST00000373980","snv_control",0.606016496846191,0.63758389261745,0.0727802037845706,0.0536912751677852
"F5","ENST00000367797","snv_control",0.605093632958801,0.685279187817259,0.0648689138576779,0.101522842639594
"GABRA2","ENST00000381620","snv_control",0.598082595870207,0.622478386167147,0.0848082595870207,0.135446685878963
"SCN4A","ENST00000435607","snv_control",0.594991834512793,0.589945011783189,0.0462710941752858,0.0581304006284368
"VCP","ENST00000358901","snv_control",0.618339529120198,0.66025641025641,0.0313919867823214,0.0512820512820513
"BMPR2","ENST00000374580","snv_control",0.594161052293872,0.591362126245847,0.0445941610522939,0.0398671096345515
"GNAI3","ENST00000369851","snv_control",0.577464788732394,0.643153526970954,0.060093896713615,0.0829875518672199
"NPPA","ENST00000376480","snv_control",0.607456140350877,0.535714285714286,0.107456140350877,0
"KCNJ6","ENST00000609713","snv_control",0.604559748427673,0.603723404255319,0.059748427672956,0.0425531914893617
"PACS2","ENST00000447393","snv_control",0.58232044198895,0.485207100591716,0.0615101289134438,0.0236686390532544
"GATM","ENST00000396659","snv_control",0.589622641509434,0.58282208588957,0.0566037735849057,0.049079754601227
"SHOC2","ENST00000369452","snv_control",0.650657518582047,0.617760617760618,0.0623213264722699,0.0386100386100386
"PRPF4","ENST00000374198","snv_control",0.601532567049808,0.528688524590164,0.0408684546615581,0.0163934426229508
"CACNB4","ENST00000539935","snv_control",0.600127959053103,0.588424437299035,0.0454254638515675,0.0418006430868167
"SH3BP2","ENST00000503393","snv_control",0.638196915776987,0.622340425531915,0.0990510083036773,0.0478723404255319
"DPF2","ENST00000528416","snv_control",0.611394557823129,0.606299212598425,0.0637755102040816,0.0708661417322835
"ERCC6","ENST00000355832","snv_control",0.592146363230701,0.614893617021277,0.0838911200356983,0.0446808510638298
"ATAD3A","ENST00000378756","snv_control",0.587166382737081,0.578680203045685,0.0391822827938671,0.0609137055837563
"KIF5A","ENST00000455537","snv_control",0.584382058728622,0.62015503875969,0.0393675379154566,0.0310077519379845
"ATP6V0A1","ENST00000343619","snv_control",0.632458233890215,0.625,0.0572792362768496,0
"IMPG1","ENST00000369950","snv_control",0.598162071846282,0.671875,0.0714285714285714,0.1640625
"DPP6","ENST00000377770","snv_control",0.606235565819861,0.593908629441624,0.0565819861431871,0.0203045685279188
"C9orf72","ENST00000380003","snv_control",0.61134163208852,0.717299578059072,0.0463347164591978,0.113924050632911
"RILPL1","ENST00000376874","snv_control",0.61056105610561,0.651282051282051,0.0486798679867987,0.0307692307692308
"FOXP2","ENST00000350908","snv_control",0.606145251396648,0.553846153846154,0.0409683426443203,0
"SLC6A5","ENST00000525748","snv_control",0.619465329991646,0.553398058252427,0.0526315789473684,0.101941747572816
"TIE1","ENST00000372476","snv_control",0.582674860989172,0.549180327868853,0.0842844600526778,0
"KCNT1","ENST00000371757","snv_control",0.612189859762675,0.631578947368421,0.0501618122977346,0.0526315789473684
"CACNA1E","ENST00000367573","snv_control",0.59536156727168,0.6070826306914,0.0551714203399597,0.0792580101180438
"COL4A1","ENST00000375820","snv_control",0.691017964071856,0.53030303030303,0.0966067864271457,0.0606060606060606
"ZMYM2","ENST00000610343","snv_control",0.618287373004354,0.567901234567901,0.0800677310111272,0.0905349794238683
"CDK19","ENST00000368911","snv_control",0.630218687872763,0.593406593406593,0.0689198144466534,0
"SEC63","ENST00000369002","snv_control",0.636005256241787,0.634020618556701,0.076215505913272,0.0463917525773196
"RAX2","ENST00000555633","snv_control",0.666666666666667,0.670951156812339,0.0882882882882883,0.0796915167095116
"TBX18","ENST00000369663","snv_control",0.620614035087719,0.625806451612903,0.0635964912280702,0.0735483870967742
"EFTUD2","ENST00000426333","snv_control",0.597807468311065,0.643835616438356,0.0548132922233642,0.0547945205479452
"ATXN1","ENST00000436367","snv_control",0.642565359477124,0.648881239242685,0.085375816993464,0.0688468158347676
"CFHR3","ENST00000367425","snv_control",0.617321248741188,0.615384615384615,0.0906344410876133,0.121457489878543
"CELA2A","ENST00000359621","snv_control",0.574074074074074,0.558823529411765,0.0506172839506173,0
"FN1","ENST00000354785","snv_control",0.581786386871133,0.565573770491803,0.044256120527307,0
"NRAS","ENST00000369535","snv_control",0.563157894736842,0.611764705882353,0.0473684210526316,0.0647058823529412
"PTPN11","ENST00000351677","snv_control",0.611672278338945,0.575,0.0650953984287318,0.0666666666666667
"SLC4A3","ENST00000358055","snv_control",0.601784266017843,0.484375,0.0813733441470668,0.03125
"PLAU","ENST00000372764","snv_control",0.619598765432099,0.651982378854626,0.0709876543209877,0.092511013215859
"CARD11","ENST00000396946","snv_control",0.601443001443001,0.63921568627451,0.0404040404040404,0.0313725490196078
"DDR2","ENST00000367921","snv_control",0.580607476635514,0.681081081081081,0.0455607476635514,0
"BICC1","ENST00000373886","snv_control",0.597264957264957,0.6353591160221,0.0611965811965812,0.121546961325967
"TGFBR1","ENST00000374994","snv_control",0.602513227513228,0.607954545454545,0.0502645502645503,0.0681818181818182
"KCNQ3","ENST00000388996","snv_control",0.635357006491027,0.644585987261146,0.08323787705231,0.0929936305732484
"NFIB","ENST00000380953","snv_control",0.6,0.588235294117647,0.0592592592592593,0
"SPTAN1","ENST00000372739","snv_control",0.594700026903417,0.551136363636364,0.0312079634113532,0.0454545454545455
"NLRC4","ENST00000402280","snv_control",0.622439024390244,0.620991253644315,0.0650406504065041,0.110787172011662
"CACNA1H","ENST00000348261","snv_control",0.602945341263098,0.640977443609023,0.0708014726706316,0.148496240601504
"GABRA1","ENST00000393943","snv_control",0.592268417213713,0.665745856353591,0.0554339897884756,0.12707182320442
"TMEM106B","ENST00000396668","snv_control",0.63030303030303,0.582010582010582,0.0521212121212121,0.0211640211640212
"MYPN","ENST00000358913","snv_control",0.620237194044916,0.604545454545454,0.0764572293716881,0.0363636363636364
"PTDSS1","ENST00000517309","snv_control",0.607594936708861,0.63125,0.0555555555555556,0.05
"BMPR1B","ENST00000515059","snv_control",0.618290258449304,0.579545454545455,0.0675944333996024,0.0909090909090909
"KCNQ5","ENST00000370398","snv_control",0.612718828152912,0.596248766041461,0.075741336191497,0.0414610069101678
"FLI1","ENST00000527786","snv_control",0.607064017660044,0.577586206896552,0.0919793966151582,0.105172413793103
"TNNT1","ENST00000588981","snv_control",0.646356033452808,0.5625,0.0537634408602151,0.0520833333333333
"RNF170","ENST00000527424","snv_control",0.571428571428571,0.571875,0.0643500643500644,0.0875
"PNPT1","ENST00000447944","snv_control",0.587585034013605,0.54368932038835,0.0727040816326531,0.0194174757281553
"POLRMT","ENST00000588649","snv_control",0.602491199566748,0.61,0.0444083401028974,0.04
"FGFR2","ENST00000358487","snv_control",0.604217356042174,0.623255813953488,0.059610705596107,0.0651162790697674
"SLC39A14","ENST00000381237","snv_control",0.609871534820825,0.593908629441624,0.0500338066260987,0.0253807106598985
"PDX1","ENST00000381033","snv_control",0.663145539906103,0.669354838709677,0.0774647887323944,0.0584677419354839
"SEPTIN9","ENST00000427177","snv_control",0.608745031232254,0.629032258064516,0.074389551391255,0.043010752688172
"TRIO","ENST00000344204","snv_control",0.597267054013342,0.6070826306914,0.0629438347320852,0.0370994940978078
"CDON","ENST00000531738","snv_control",0.591567852437418,0.635514018691589,0.0542819499341238,0.0560747663551402
"LMNA","ENST00000368300","snv_control",0.581453634085213,0.61038961038961,0.0461152882205514,0.12987012987013
"RERE","ENST00000400908","snv_control",0.610933843863008,0.571428571428571,0.0942352690916826,0.0595238095238095
"CD96","ENST00000352690","snv_control",0.591812865497076,0.60377358490566,0.0719298245614035,0.0566037735849057
"PRODH","ENST00000357068","snv_control",0.577925679423184,0.596638655462185,0.0399334442595674,0.0336134453781513
"TFAP2A","ENST00000379613","snv_control",0.606818181818182,0.601769911504425,0.081060606060606,0.112094395280236
"CACNA1S","ENST00000362061","snv_control",0.594094628246176,0.629139072847682,0.0444681607968694,0.043046357615894
"COL5A2","ENST00000374866","snv_control",0.651555555555556,0.690355329949239,0.076,0.0203045685279188
"PTPN1","ENST00000371621","snv_control",0.597094801223242,0.513513513513513,0.0756880733944954,0
"GABRD","ENST00000378585","snv_control",0.576158940397351,0.622857142857143,0.0316409124356144,0.0685714285714286
"PLD3","ENST00000409735","snv_control",0.587236931432451,0.579831932773109,0.0393754243041412,0.0504201680672269
"CFAP43","ENST00000357060","snv_control",0.625050020008003,0.626728110599078,0.0724289715886355,0.110599078341014
"DES","ENST00000373960","snv_control",0.625619249823071,0.630434782608696,0.0290162774239207,0.0434782608695652
"PLCG2","ENST00000564138","snv_control",0.588467614533965,0.741935483870968,0.0516061084781464,0.043010752688172
"KCNQ4","ENST00000347132","snv_control",0.60632183908046,0.532319391634981,0.0541187739463602,0.0152091254752852
"PUM1","ENST00000426105","snv_control",0.607793664143538,0.604395604395604,0.0555088309503785,0.0549450549450549
"ANK2","ENST00000357077","snv_control",0.610914603335018,0.523076923076923,0.0715007579585649,0
"RAC1","ENST00000348035","snv_control",0.561312607944732,0.502762430939227,0.0500863557858377,0.0441988950276243
"IRF3","ENST00000377139","snv_control",0.613707165109034,0.622881355932203,0.0786604361370716,0.0550847457627119
"TMEM63A","ENST00000366835","snv_control",0.610973597359736,0.616071428571429,0.0581683168316832,0.0491071428571429
"AKAP9","ENST00000356239","snv_control",0.624360286591607,0.5,0.0824803821221426,0
"EMILIN1","ENST00000380320","snv_control",0.639462471320878,0.561855670103093,0.0970173713536545,0.0412371134020619
"TBL1XR1","ENST00000457928","snv_control",0.591585760517799,0.558441558441558,0.0355987055016181,0
"LAMB3","ENST00000356082","snv_control",0.600454674623473,0.518716577540107,0.0502983802216539,0.0427807486631016
"KMT2A","ENST00000534358","snv_control",0.623542243476802,0.57361963190184,0.0820538635791593,0.0245398773006135
"DHX30","ENST00000445061","snv_control",0.61115760111576,0.611842105263158,0.0529986052998605,0.0328947368421053
"FGFR1","ENST00000447712","snv_control",0.608343458890239,0.674008810572687,0.0587282300526529,0.0748898678414097
"PLCB4","ENST00000378473","snv_control",0.6006628003314,0.60431654676259,0.0737365368682684,0.0575539568345324
"UBIAD1","ENST00000376810","snv_control",0.620452310717797,0.62267657992565,0.0678466076696165,0.0631970260223048
"RRAGD","ENST00000369415","snv_control",0.622610141313383,0.717821782178218,0.0789692435577722,0.148514851485149
"GPD2","ENST00000438166","snv_control",0.598901098901099,0.613636363636364,0.0526556776556777,0.107954545454545
"VPS16","ENST00000380445","snv_control",0.56547619047619,0.558974358974359,0.0432539682539683,0.0205128205128205
"ATL1","ENST00000358385","snv_control",0.612403100775194,0.571428571428571,0.0739415623136553,0.0683229813664596
"DSTYK","ENST00000367162","snv_control",0.589964157706093,0.651260504201681,0.0383512544802867,0.0420168067226891
"PMVK","ENST00000368467","snv_control",0.57685664939551,0.529411764705882,0.0552677029360967,0.0641711229946524
"RPS24","ENST00000372360","snv_control",0.552162849872774,0.547169811320755,0.094147582697201,0.188679245283019
"CD46","ENST00000367042","snv_control",0.64021164021164,0.735294117647059,0.0696649029982363,0.0392156862745098
"BRPF1","ENST00000383829","snv_control",0.594321594321594,0.61965811965812,0.0608790608790609,0
"RYR2","ENST00000366574","snv_control",0.595544820182501,0.561643835616438,0.0591787439613527,0.0958904109589041
"VIM","ENST00000544301","snv_control",0.578158458244111,0.521739130434783,0.0249821556031406,0.0543478260869565
"SLC39A5","ENST00000454355","snv_control",0.595194085027726,0.592783505154639,0.105360443622921,0.154639175257732
"TET3","ENST00000409262","snv_control",0.629547141796585,0.645038167938931,0.0844469190794358,0.0856052344601963
"ADCY5","ENST00000462833","snv_control",0.579239302694136,0.581005586592179,0.0530903328050713,0.0502793296089385
"BFSP1","ENST00000377873","snv_control",0.624624624624625,0.646123260437376,0.044044044044044,0.0636182902584493
"CSNK2B","ENST00000375882","snv_control",0.587962962962963,0.567375886524823,0.0185185185185185,0
"XPR1","ENST00000367590","snv_control",0.610234337637494,0.693693693693694,0.0712577714012434,0
"MYBPC1","ENST00000361466","snv_control",0.602673492605233,0.581081081081081,0.0571672354948805,0.175675675675676
"MED13","ENST00000397786","snv_control",0.586513409961686,0.557377049180328,0.0703448275862069,0.0437158469945355
"IVNS1ABP","ENST00000367498","snv_control",0.565578019699326,0.578947368421053,0.0445826853291861,0.0526315789473684
"TRRAP","ENST00000456197","snv_control",0.596713130270177,0.662686567164179,0.0623816898984684,0.0686567164179104
"CDC42BPB","ENST00000361246","snv_control",0.57398753894081,0.565934065934066,0.0494548286604361,0.104395604395604
"SPTBN1","ENST00000356805","snv_control",0.595630725863284,0.594795539033457,0.0315715292459479,0.0669144981412639
"TEAD1","ENST00000527636","snv_control",0.624512099921936,0.75,0.0866510538641686,0.0731707317073171
"JAK2","ENST00000381652","snv_control",0.601059135039718,0.582278481012658,0.0717858193586349,0.0506329113924051
"EPS8L3","ENST00000361965","snv_control",0.610549943883277,0.548387096774194,0.0645342312008979,0.129032258064516
"KCNK4","ENST00000422670","snv_control",0.61844331641286,0.661252900232019,0.0769881556683587,0.102088167053364
"SON","ENST00000356577","snv_control",0.583161653619008,0.627272727272727,0.0629034473286636,0.0818181818181818
"RAD54L","ENST00000371975","snv_control",0.593582887700535,0.482758620689655,0.0436720142602496,0.053639846743295
"GJA5","ENST00000579774","snv_control",0.57753017641597,0.57753017641597,0.0454967502321263,0.0454967502321263
"JUP","ENST00000393931","snv_control",0.56970509383378,0.47029702970297,0.04781054512958,0.103960396039604
"RNASEL","ENST00000367559","snv_control",0.598382749326146,0.632911392405063,0.0862533692722372,0.130801687763713
"ELP1","ENST00000374647","snv_control",0.594648662165541,0.483050847457627,0.0517629407351838,0.0423728813559322
"ADH1C","ENST00000515683","snv_control",0.593085106382979,0.6,0.0895390070921986,0.186666666666667
"PAX8","ENST00000429538","snv_control",0.577974870657798,0.503937007874016,0.0761271249076127,0.062992125984252
"KCNC2","ENST00000549446","snv_control",0.612415232133542,0.641711229946524,0.0850286906624935,0.0267379679144385
"STT3A","ENST00000392708","snv_control",0.589235127478754,0.595505617977528,0.0448536355051936,0
"DICER1","ENST00000343455","snv_control",0.59594383775351,0.722222222222222,0.0773097590570289,0.037037037037037
"HTT","ENST00000355072","snv_control",0.606533036377134,0.625,0.0460282108389013,0.0303030303030303
"CTNND1","ENST00000399050","snv_control",0.596147230822153,0.82258064516129,0.042999656002752,0.225806451612903
"DNA2","ENST00000358410","snv_control",0.614828777882501,0.621848739495798,0.0728872133207666,0.0420168067226891
"SFTPA1","ENST00000398636","snv_control",0.585006693440428,0.543325526932084,0.0655957161981258,0.0655737704918033
"SPOP","ENST00000504102","snv_control",0.598222222222222,0.517948717948718,0.0675555555555555,0.0871794871794872
"PPP3CA","ENST00000394854","snv_control",0.60727969348659,0.619433198380567,0.0708812260536398,0.0161943319838057
"CITED2","ENST00000367651","snv_control",0.661746617466175,0.661746617466175,0.0984009840098401,0.0984009840098401
"ACTN2","ENST00000366578","snv_control",0.561266294227188,0.502392344497608,0.0260707635009311,0.0430622009569378
"CDC73","ENST00000367435","snv_control",0.593358395989975,0.540229885057471,0.0726817042606516,0.0459770114942529
"ITGB3","ENST00000559488","snv_control",0.580481622306717,0.663793103448276,0.0544993662864385,0.0689655172413793
"PTH1R","ENST00000449590","snv_control",0.58641975308642,0.594965675057208,0.042648709315376,0.0640732265446224
"COL11A1","ENST00000370096","snv_control",0.653569452130603,0.583756345177665,0.0916805017524442,0.126903553299492
"PAX3","ENST00000392070","snv_control",0.601374570446735,0.564705882352941,0.052233676975945,0
"CACNA1D","ENST00000350061","snv_control",0.599599136601912,0.61046511627907,0.070613629355535,0.0755813953488372
"MYH7","ENST00000355349","snv_control",0.600723140495868,0.573529411764706,0.0318526170798898,0
"PPP1R12A","ENST00000450142","snv_control",0.61332040090527,0.64963503649635,0.078564500484966,0.116788321167883
"LDB3","ENST00000361373","snv_control",0.615842490842491,0.607142857142857,0.0947802197802198,0.0571428571428571
"LMX1B","ENST00000373474","snv_control",0.588916459884202,0.533653846153846,0.0512820512820513,0.0769230769230769
"PSTPIP1","ENST00000558012","snv_control",0.588329336530775,0.565934065934066,0.0255795363709033,0.021978021978022
"REEP2","ENST00000378339","snv_control",0.611764705882353,0.647058823529412,0.0496732026143791,0.092436974789916
"EXT2","ENST00000533608","snv_control",0.599907278627724,0.571428571428571,0.0533147890588781,0.0211640211640212
"ELMOD3","ENST00000409013","snv_control",0.639616055846422,0.596837944664032,0.0226876090750436,0.0158102766798419
"SYCP2","ENST00000357552","snv_control",0.621380361419551,0.6484375,0.133246244284781,0
"HMMR","ENST00000393915","snv_control",0.642791551882461,0.640776699029126,0.122589531680441,0.155339805825243
"COCH","ENST00000396618","snv_control",0.626134301270417,0.654867256637168,0.0604960677555959,0
"GFAP","ENST00000588735","snv_control",0.611239414934565,0.619565217391304,0.0207852193995381,0
"ANO1","ENST00000355303","snv_control",0.57210401891253,0.570977917981073,0.0628166160081054,0.0441640378548896
"CACNA1I","ENST00000402142","snv_control",0.609862110311751,0.674820143884892,0.056205035971223,0.128057553956835
"CAPN3","ENST00000397163","snv_control",0.584752635847526,0.402597402597403,0.0604217356042174,0
"EDN1","ENST00000379375","snv_control",0.624413145539906,0.634615384615385,0.0688575899843505,0.0576923076923077
"TBXT","ENST00000366876","snv_control",0.603356216628528,0.601851851851852,0.0793287566742944,0.117283950617284
"P4HA2","ENST00000360568","snv_control",0.596754057428215,0.570247933884298,0.052434456928839,0
"FAM111B","ENST00000343597","snv_control",0.6281179138322,0.628794848206072,0.0820861678004535,0.0814167433302668
"IKBKB","ENST00000520810","snv_control",0.604579480405108,0.568965517241379,0.0559225011008366,0.0344827586206897
"PALLD","ENST00000505667","snv_control",0.59282325029656,0.515625,0.0513048635824437,0
"ATP2A2","ENST00000539276","snv_control",0.595397890699904,0.528125,0.0527325023969319,0.025
"POFUT1","ENST00000375749","snv_control",0.626392459297344,0.635983263598326,0.0522707797772065,0.0376569037656904
"CTNNB1","ENST00000349496","snv_control",0.569479965899403,0.579150579150579,0.0370843989769821,0.0617760617760618
"ALDH18A1","ENST00000371224","snv_control",0.594221105527638,0.568965517241379,0.0544388609715243,0.0517241379310345
"POLG2","ENST00000539111","snv_control",0.628943758573388,0.666666666666667,0.0685871056241427,0.0601851851851852
"PSAP","ENST00000394936","snv_control",0.604444444444444,0.569767441860465,0.0374603174603175,0.0465116279069767
"UNC45B","ENST00000394570","snv_control",0.574193548387097,0.578778135048232,0.0297491039426523,0.0128617363344051
"MEIS2","ENST00000561208","snv_control",0.612273361227336,0.614243323442137,0.0871687587168759,0.112759643916914
"APOL1","ENST00000397278","snv_control",0.595655806182122,0.604501607717042,0.0442773600668337,0.0385852090032154
"COL9A2","ENST00000372748","snv_control",0.681159420289855,0.652,0.121739130434783,0.136
"TPM1","ENST00000403994","snv_control",0.555555555555556,0.648148148148148,0.0327485380116959,0
"PSENEN","ENST00000587708","snv_control",0.676470588235294,0.6,0.104575163398693,0.110526315789474
"CNBP","ENST00000422453","snv_control",0.550561797752809,0.523809523809524,0.0168539325842697,0.0297619047619048
"CASQ1","ENST00000368078","snv_control",0.619647355163728,0.626373626373626,0.0327455919395466,0.021978021978022
"LMBR1","ENST00000353442","snv_control",0.635437881873727,0.595588235294118,0.0733197556008147,0.0588235294117647
"PTPN22","ENST00000359785","snv_control",0.62953795379538,0.669565217391304,0.0837458745874587,0.147826086956522
"LYN","ENST00000519728","snv_control",0.61143599740091,0.656126482213439,0.0688758934372969,0.0632411067193676
"NFIA","ENST00000403491","snv_control",0.628104575163399,0.602941176470588,0.0712418300653595,0
"QRICH1","ENST00000395443","snv_control",0.596310596310596,0.580246913580247,0.0540540540540541,0.0576131687242798
"SKI","ENST00000378536","snv_control",0.639689071787837,0.577405857740586,0.034750800182899,0.0167364016736402
"H4C11","ENST00000355057","snv_control",0.612179487179487,0.612179487179487,0.0128205128205128,0.0128205128205128
"SMARCE1","ENST00000348513","snv_control",0.617313915857605,0.656370656370656,0.058252427184466,0.0424710424710425
"PAX9","ENST00000361487","snv_control",0.590643274853801,0.59344262295082,0.0662768031189084,0.0557377049180328
"TRPV3","ENST00000576742","snv_control",0.595448798988622,0.655172413793103,0.0484618626211547,0.0827586206896552
"GARS1","ENST00000389266","snv_control",0.607657657657658,0.551136363636364,0.0756756756756757,0.0340909090909091
"LGR4","ENST00000379214","snv_control",0.596988795518207,0.578749058025622,0.0731792717086835,0.092690278824416
"SUFU","ENST00000369902","snv_control",0.580068728522337,0.664285714285714,0.0714776632302405,0.0571428571428571
"DNAJC5","ENST00000360864","snv_control",0.581239530988275,0.532467532467532,0.0586264656616415,0.0584415584415584
"MAP3K7","ENST00000369329","snv_control",0.599670510708402,0.627705627705628,0.0686436024162548,0.134199134199134
"KDM1A","ENST00000400181","snv_control",0.612694792854428,0.521186440677966,0.0699353857848727,0.0932203389830508
"GUCA1A","ENST00000372958","snv_control",0.564356435643564,0.57345971563981,0.0478547854785479,0.0616113744075829
"TRAF3","ENST00000392745","snv_control",0.575864089045108,0.57395498392283,0.0656121851200937,0.0691318327974277
"GABRB2","ENST00000393959","snv_control",0.61143599740091,0.635678391959799,0.0805717998700455,0.103015075376884
"NF1","ENST00000358273","snv_control",0.604577464788732,0.564766839378238,0.0580985915492958,0.0414507772020725
"SAMD9","ENST00000379958","snv_control",0.633333333333333,0.633333333333333,0.115513626834382,0.115513626834382
"RBM12","ENST00000374114","snv_control",0.630582350839586,0.630582350839586,0.0936048588781708,0.0936048588781708
"CHRNA4","ENST00000370263","snv_control",0.591825902335457,0.573863636363636,0.0530785562632696,0.0227272727272727
"KMT2B","ENST00000420124","snv_control",0.632302405498282,0.51840490797546,0.120520373097693,0.0122699386503067
"NSD2","ENST00000508803","snv_control",0.615422157149829,0.670807453416149,0.0807711078574915,0.0993788819875776
"FOXE1","ENST00000375123","snv_control",0.653297682709447,0.653297682709447,0.0739750445632799,0.0739750445632799
"GRHL3","ENST00000361548","snv_control",0.593698175787728,0.545454545454545,0.0729684908789386,0.0545454545454545
"CTNNA3","ENST00000433211","snv_control",0.590401785714286,0.606508875739645,0.0625,0.0917159763313609
"STEAP3","ENST00000393110","snv_control",0.579158316633267,0.548192771084337,0.030060120240481,0
"MYOCD","ENST00000425538","snv_control",0.605200945626478,0.606109324758842,0.0894967916244512,0.0514469453376206
"MRAS","ENST00000423968","snv_control",0.598086124401914,0.673333333333333,0.0861244019138756,0.0933333333333333
"ABCC11","ENST00000356608","snv_control",0.611231622077609,0.636363636363636,0.061942636779947,0
"CEACAM16","ENST00000587331","snv_control",0.614241001564945,0.573770491803279,0.0563380281690141,0.163934426229508
"MAPK8IP3","ENST00000610761","snv_control",0.591679123069258,0.604651162790698,0.0503238664673642,0.0755813953488372
"CDK8","ENST00000381527","snv_control",0.582078853046595,0.5,0.0487455197132617,0
"MYOF","ENST00000359263","snv_control",0.614775299062399,0.640449438202247,0.079857743291303,0
"PER3","ENST00000377532","snv_control",0.602257087806221,0.492537313432836,0.0795485824387558,0.0298507462686567
"RORB","ENST00000376896","snv_control",0.607971014492754,0.616504854368932,0.027536231884058,0.0194174757281553
"HNRNPK","ENST00000376263","snv_control",0.611469534050179,0.464285714285714,0.0573476702508961,0
"NEDD4L","ENST00000400345","snv_control",0.601775956284153,0.679738562091503,0.0683060109289618,0.0784313725490196
"DIAPH3","ENST00000400324","snv_control",0.636236739251815,0.575079872204473,0.0851479620323841,0.0638977635782748
"GANAB","ENST00000356638","snv_control",0.609171075837743,0.63125,0.0574955908289242,0.05
"PERP","ENST00000421351","snv_control",0.592783505154639,0.624548736462094,0.0343642611683849,0.0288808664259928
"BEST1","ENST00000378043","snv_control",0.603526734926052,0.739130434782609,0.0523321956769056,0.0579710144927536
"POLR3F","ENST00000377603","snv_control",0.630914826498423,0.671875,0.064143007360673,0.0703125
"ADCY10","ENST00000367851","snv_control",0.5932133250569,0.617924528301887,0.0720049658597145,0.0990566037735849
"LRP4","ENST00000378623","snv_control",0.585694298705841,0.605744125326371,0.0440713536201469,0.0391644908616188
"ETV6","ENST00000396373","snv_control",0.586460632818249,0.57051282051282,0.061074319352465,0.0769230769230769
"CCDC50","ENST00000392455","snv_control",0.614216701173223,0.728571428571429,0.0572808833678399,0.114285714285714
"XRCC3","ENST00000555055","snv_control",0.595581171950048,0.62962962962963,0.0672430355427474,0.0888888888888889
"KIF2A","ENST00000407818","snv_control",0.623266219239374,0.683823529411765,0.0778523489932886,0.102941176470588
"POU4F1","ENST00000377208","snv_control",0.677777777777778,0.683235046335299,0.0365079365079365,0.0387531592249368
"TIMELESS","ENST00000553532","snv_control",0.606010476978219,0.628099173553719,0.0496277915632754,0.0330578512396694
"MAT1A","ENST00000372213","snv_control",0.592592592592593,0.594771241830065,0.037037037037037,0.0261437908496732
"CHN1","ENST00000409900","snv_control",0.6,0.612612612612613,0.0521739130434783,0.0765765765765766
"HTRA1","ENST00000368984","snv_control",0.621621621621622,0.552511415525114,0.0422730422730423,0.0730593607305936
"SOS1","ENST00000402219","snv_control",0.613193403298351,0.653136531365314,0.087456271864068,0.0793357933579336
"EFHC1","ENST00000371068","snv_control",0.595423816952678,0.631147540983607,0.0577223088923557,0.0327868852459016
"PPP2R5D","ENST00000485511","snv_control",0.598673300165838,0.611702127659574,0.0713101160862355,0.0425531914893617
"CHRNA1","ENST00000348749","snv_control",0.571324599708879,0.510989010989011,0.0698689956331878,0
"POU6F2","ENST00000518318","snv_control",0.609801202034212,0.628828828828829,0.0614886731391586,0.0756756756756757
"COL9A1","ENST00000357250","snv_control",0.665220535068691,0.663829787234043,0.0824295010845987,0.0638297872340425
"HMGA2","ENST00000403681","snv_control",0.660606060606061,0.63265306122449,0.0909090909090909,0
"AVP","ENST00000380293","snv_control",0.585858585858586,0.547085201793722,0.0606060606060606,0.0582959641255605
"HARS1","ENST00000504156","snv_control",0.587581699346405,0.614754098360656,0.0581699346405229,0.0983606557377049
"FAR1","ENST00000354817","snv_control",0.613695090439277,0.502347417840376,0.0568475452196382,0.0845070422535211
"EYA4","ENST00000355286","snv_control",0.608854166666667,0.633587786259542,0.0703125,0.0763358778625954
"MATN3","ENST00000407540","snv_control",0.588637919233402,0.490566037735849,0.0643394934976044,0.0754716981132075
"HK1","ENST00000359426","snv_control",0.588598402323892,0.584615384615385,0.0548293391430646,0.0461538461538462
"SLC30A2","ENST00000374276","snv_control",0.603217158176944,0.566326530612245,0.0580875781948168,0.0204081632653061
"RBPJ","ENST00000355476","snv_control",0.62568306010929,0.647540983606557,0.0648907103825137,0.0245901639344262
"CST3","ENST00000376925","snv_control",0.603174603174603,0.552238805970149,0.0634920634920635,0.0597014925373134
"ELOVL1","ENST00000372458","snv_control",0.582142857142857,0.558823529411765,0.0428571428571429,0.0477941176470588
"SLC26A8","ENST00000490799","snv_control",0.607964297974597,0.592668024439919,0.0415379334019911,0.054989816700611
"ZIC2","ENST00000376335","snv_control",0.641651031894934,0.660975609756098,0.0794246404002502,0.151219512195122
"FGF12","ENST00000445105","snv_control",0.620879120879121,0.644970414201183,0.0677655677655678,0.100591715976331
"MET","ENST00000397752","snv_control",0.605799185238438,0.631944444444444,0.0642223819793913,0.0694444444444444
"VEZF1","ENST00000581208","snv_control",0.623882503192848,0.612970711297071,0.0523627075351213,0.0523012552301255
"DLX3","ENST00000434704","snv_control",0.604166666666667,0.630653266331658,0.0590277777777778,0.0979899497487437
"TOR1A","ENST00000351698","snv_control",0.585585585585586,0.617940199335548,0.048048048048048,0.116279069767442
"DYNC1H1","ENST00000360184","snv_control",0.589914640269708,0.486033519553073,0.0441862133275949,0.0223463687150838
"SCN10A","ENST00000449082","snv_control",0.612161471640266,0.613132911392405,0.0628513030148186,0.0704113924050633
"SYT2","ENST00000367268","snv_control",0.599206349206349,0.478599221789883,0.0484126984126984,0.0350194552529183
"HOXD13","ENST00000392539","snv_control",0.613372093023256,0.634551495016611,0.0494186046511628,0.053156146179402
"RNF213","ENST00000582970","snv_control",0.593381976446493,0.661764705882353,0.0574756784434204,0.0441176470588235
"TBX3","ENST00000349155","snv_control",0.643646408839779,0.65625,0.074585635359116,0.0546875
"DZIP1","ENST00000376829","snv_control",0.611751152073733,0.661538461538462,0.0906298003072197,0.130769230769231
"SYNE2","ENST00000555002","snv_control",0.6108376761243,0.686046511627907,0.0775911986103069,0.0852713178294574
"DCC","ENST00000442544","snv_control",0.611878453038674,0.592857142857143,0.0587016574585635,0.0571428571428571
"EFEMP1","ENST00000355426","snv_control",0.581646423751687,0.617924528301887,0.0445344129554656,0.0943396226415094
"CTRC","ENST00000375949","snv_control",0.59727385377943,0.492307692307692,0.0607187112763321,0.0615384615384615
"DNMT1","ENST00000359526","snv_control",0.611145131659522,0.647058823529412,0.0628699734639722,0.0470588235294118
"KBTBD13","ENST00000432196","snv_control",0.613652868554829,0.613652868554829,0.018881626724764,0.018881626724764
"TFAP2B","ENST00000393655","snv_control",0.603759942154736,0.581196581196581,0.0751988430947216,0.056980056980057
"VSX1","ENST00000376709","snv_control",0.58287795992714,0.611764705882353,0.087431693989071,0.0882352941176471
"CACNA1A","ENST00000360228","snv_control",0.626379470815051,0.695322376738306,0.0789788591942561,0.127686472819216
"RBM20","ENST00000369519","snv_control",0.626764386536373,0.521739130434783,0.0860477741585233,0.062111801242236
"DDX6","ENST00000534980","snv_control",0.611570247933884,0.570796460176991,0.0606060606060606,0.0176991150442478
"THRA","ENST00000450525","snv_control",0.579886455798865,0.554817275747508,0.0364963503649635,0.0465116279069767
"PDE10A","ENST00000539869","snv_control",0.635732323232323,0.516339869281046,0.0874368686868687,0.0522875816993464
"NSMF","ENST00000371475","snv_control",0.630885122410546,0.614864864864865,0.0577526679221594,0.027027027027027
"ENAM","ENST00000396073","snv_control",0.648293963254593,0.648218609477689,0.0831146106736658,0.0837080594949844
"OPTN","ENST00000378747","snv_control",0.627450980392157,0.616279069767442,0.0813148788927336,0.0465116279069767
"IRF2BP2","ENST00000366609","snv_control",0.645124716553288,0.613577023498694,0.0663265306122449,0.10443864229765
"BSCL2","ENST00000360796","snv_control",0.621310295176386,0.673170731707317,0.0503959683225342,0.0829268292682927
"BICD2","ENST00000356884","snv_control",0.590342679127726,0.572222222222222,0.021417445482866,0.0111111111111111
"ATN1","ENST00000396684","snv_control",0.667506297229219,0.619047619047619,0.107752588860901,0
"CLCN3","ENST00000513761","snv_control",0.604802604802605,0.652482269503546,0.0911680911680912,0.106382978723404
"CACNA1G","ENST00000359106","snv_control",0.602186711522288,0.631847133757962,0.0651808242220353,0.123566878980892
"IFITM5","ENST00000382614","snv_control",0.629072681704261,0.631178707224335,0.0802005012531328,0.0304182509505703
"STAT1","ENST00000361099","snv_control",0.623169107856192,0.584615384615385,0.064358632933866,0
"DMXL2","ENST00000560891","snv_control",0.588100686498856,0.619230769230769,0.0629835458210744,0.0923076923076923
"HSF4","ENST00000521374","snv_control",0.64367816091954,0.682926829268293,0.0878972278566599,0.141463414634146
"SOX5","ENST00000451604","snv_control",0.611256544502618,0.612994350282486,0.0431937172774869,0.0338983050847458
"SIN3A","ENST00000394947","snv_control",0.608320251177394,0.615658362989324,0.054683411826269,0.0569395017793594
"EPHA2","ENST00000358432","snv_control",0.579324462640737,0.583333333333333,0.0614124872057318,0.0769230769230769
"KCNJ5","ENST00000529694","snv_control",0.635714285714286,0.638069705093834,0.0587301587301587,0.0857908847184987
"SPEN","ENST00000375759","snv_control",0.612824010914052,0.675824175824176,0.0895861755343338,0.043956043956044
"CBFB","ENST00000412916","snv_control",0.609929078014184,0.697478991596639,0.0354609929078014,0
"RAI1","ENST00000353383","snv_control",0.650061178115714,0.548387096774194,0.0905436112567733,0.0645161290322581
"CCNF","ENST00000397066","snv_control",0.590851334180432,0.560836501901141,0.0402371876323592,0.0665399239543726
"ITPR3","ENST00000605930","snv_control",0.589321357285429,0.436974789915966,0.0441616766467066,0
"NR2F2","ENST00000394166","snv_control",0.586345381526104,0.630769230769231,0.0618473895582329,0.0923076923076923
"ASB10","ENST00000420175","snv_control",0.612535612535613,0.584745762711864,0.0712250712250712,0.0720338983050847
"ATL3","ENST00000398868","snv_control",0.609471094710947,0.613138686131387,0.0608856088560886,0.072992700729927
"CLCN7","ENST00000382745","snv_control",0.626550868486352,0.693430656934307,0.0574855252274607,0
"AFP","ENST00000395792","snv_control",0.603825136612022,0.642105263157895,0.0868852459016393,0.105263157894737
"PDE3A","ENST00000359062","snv_control",0.634267367192061,0.654109589041096,0.0674255691768827,0.106164383561644
"FHOD3","ENST00000590592","snv_control",0.623536660505237,0.699248120300752,0.0671595810227973,0.0300751879699248
"USP7","ENST00000344836","snv_control",0.597461468721668,0.611464968152866,0.0652765185856754,0.0764331210191083
"PAX2","ENST00000355243","snv_control",0.60084388185654,0.637795275590551,0.080168776371308,0.173228346456693
"LITAF","ENST00000622633","snv_control",0.596707818930041,0.540880503144654,0.0679012345679012,0.050314465408805
"NR2E3","ENST00000617575","snv_control",0.592862935928629,0.622950819672131,0.0665044606650446,0.0765027322404372
"LPP","ENST00000617246","snv_control",0.617727025557368,0.525139664804469,0.0717781402936378,0.0223463687150838
"PRLR","ENST00000618457","snv_control",0.607811663991439,0.613721804511278,0.0700909577314072,0.0836466165413534
"ZCCHC8","ENST00000633063","snv_control",0.616760828625235,0.577804583835947,0.0790960451977401,0.0808202653799759
"TAB2","ENST00000637181","snv_control",0.621517771373679,0.683937823834197,0.0600384245917387,0.0932642487046632
"VEGFC","ENST00000618562","snv_control",0.601587301587302,0.624242424242424,0.0777777777777778,0.0727272727272727
"MAPKAPK3","ENST00000621469","snv_control",0.609225413402959,0.655172413793103,0.0635335073977372,0.0295566502463054
"CYFIP2","ENST00000620254","snv_control",0.559011164274322,0.614678899082569,0.0443912812333865,0.0596330275229358
"NEFL","ENST00000610854","snv_control",0.568627450980392,0.72020725388601,0.0208333333333333,0.0414507772020725
"ACD","ENST00000620761","snv_control",0.599854756717502,0.542635658914729,0.0777051561365287,0.0310077519379845
"HNRNPU","ENST00000640218","snv_control",0.673930589184827,0.548076923076923,0.108151735270379,0.0865384615384615
"ELP4","ENST00000640961","snv_control",0.615686274509804,0.543956043956044,0.0556862745098039,0.0714285714285714
"IMPG2","ENST00000193391","fs_control",0.605743424584004,0.607142857142857,0.0504562533548041,0.0714285714285714
"CDK13","ENST00000181839","fs_control",0.633399427186605,0.535616438356164,0.074245428508482,0.0328767123287671
"CETP","ENST00000200676","fs_control",0.576248313090418,0.584615384615385,0.034412955465587,0
"CEBPE","ENST00000206513","fs_control",0.621749408983452,0.604554865424431,0.108747044917258,0.0993788819875776
"SUPT16H","ENST00000216297","fs_control",0.618638676844784,0.627615062761506,0.0642493638676845,0.0334728033472803
"KDM4B","ENST00000159111","fs_control",0.597386812518991,0.582417582417582,0.064721969006381,0.0562378797672915
"MEFV","ENST00000219596","fs_control",0.603154305200341,0.622974963181149,0.0801364023870418,0.0427098674521355
"GRN","ENST00000053867","fs_control",0.639169472502806,0.606896551724138,0.0729517396184063,0.0275862068965517
"RALA","ENST00000005257","fs_control",0.586151368760064,0.579831932773109,0.0998389694041868,0.117647058823529
"CSNK2A1","ENST00000217244","fs_control",0.594387755102041,0.576576576576577,0.0816326530612245,0.0810810810810811
"STX1B","ENST00000215095","fs_control",0.565167243367935,0.4,0.0380622837370242,0
"VCL","ENST00000211998","fs_control",0.58942731277533,0.56875,0.0552129221732746,0.025
"ACTL6B","ENST00000160382","fs_control",0.551131928181108,0.555038759689922,0.0640124902419984,0.0635658914728682
"CREB3L3","ENST00000078445","fs_control",0.601010101010101,0.624390243902439,0.0916305916305916,0.107317073170732
"EPOR","ENST00000222139","fs_control",0.605108055009823,0.629107981220657,0.0753110674525213,0.0751173708920188
"MPO","ENST00000225275","fs_control",0.611706881143879,0.617857142857143,0.0621090259159964,0.0428571428571429
"MYL2","ENST00000228841","fs_control",0.636726546906188,0.640552995391705,0.0558882235528942,0.0645161290322581
"FIG4","ENST00000230124","fs_control",0.604625550660793,0.604528301886792,0.0591042584434655,0.0649056603773585
"LOX","ENST00000231004","fs_control",0.597288676236045,0.596912521440823,0.0406698564593301,0.0437392795883362
"NFKB1","ENST00000226574","fs_control",0.610996563573883,0.609646079111728,0.0642611683848797,0.0634975711311589
"CRYBA1","ENST00000225387","fs_control",0.578703703703704,0.6171875,0.0493827160493827,0.0625
"HOXA2","ENST00000222718","fs_control",0.628647214854111,0.638665132336018,0.0866489832007073,0.0840046029919448
"POLR3B","ENST00000228347","fs_control",0.608171663727219,0.582857142857143,0.072310405643739,0.0685714285714286
"GMNN","ENST00000230056","fs_control",0.588888888888889,0.54601226993865,0.0746031746031746,0.0245398773006135
"C5","ENST00000223642","fs_control",0.621745179884715,0.6,0.0765255416418207,0.0742857142857143
"TGFB1","ENST00000221930","fs_control",0.588235294117647,0.551330798479088,0.0298380221653879,0.0152091254752852
"CNOT2","ENST00000229195","fs_control",0.587800369685767,0.547619047619048,0.070856438693777,0.0476190476190476
"SCNN1A","ENST00000228916","fs_control",0.593532338308458,0.569920844327177,0.0681592039800995,0.0343007915567282
"UBA2","ENST00000246548","fs_control",0.594903796151846,0.575757575757576,0.0670826833073323,0.0643939393939394
"MFN2","ENST00000235329","fs_control",0.592348284960422,0.579735682819383,0.0351802990325418,0.0185022026431718
"RHOBTB2","ENST00000251822","fs_control",0.619505494505495,0.583941605839416,0.0581501831501832,0.062043795620438
"RTN2","ENST00000245923","fs_control",0.622710622710623,0.562300319488818,0.0927960927960928,0.0287539936102236
"NPRL2","ENST00000232501","fs_control",0.582677165354331,0.473684210526316,0.0227471566054243,0
"TTC21B","ENST00000243344","fs_control",0.593267527208302,0.593845371312309,0.0842824601366743,0.0846897253306206
"NR0B2","ENST00000254227","fs_control",0.621447028423773,0.675824175824176,0.0749354005167959,0.043956043956044
"NALCN","ENST00000251127","fs_control",0.599578301705961,0.622222222222222,0.072263753114817,0.0888888888888889
"MSTO1","ENST00000245564","fs_control",0.611208406304729,0.634020618556701,0.0700525394045534,0.056701030927835
"SMARCC1","ENST00000254480","fs_control",0.617842073538276,0.588744588744589,0.0759493670886076,0.108225108225108
"SLC12A5","ENST00000243964","fs_control",0.595046254849299,0.564625850340136,0.0504327066547299,0.0816326530612245
"DLL4","ENST00000249749","fs_control",0.619533527696793,0.602150537634409,0.0563654033041788,0.0967741935483871
"ELN","ENST00000252034","fs_control",0.667126436781609,0.662910338069574,0.0740229885057471,0.06859382655561
"WNK4","ENST00000246914","fs_control",0.622990353697749,0.629710540688149,0.0959271168274384,0.114145275805571
"KLHL24","ENST00000242810","fs_control",0.574043261231281,0.534883720930233,0.0637825845812535,0.053156146179402
"MYH2","ENST00000245503","fs_control",0.613800205973223,0.550632911392405,0.0518365945760384,0.0253164556962025
"C3","ENST00000245907","fs_control",0.592548076923077,0.589225589225589,0.0436698717948718,0.0425084175084175
"KRT5","ENST00000252242","fs_control",0.60575296108291,0.631921824104234,0.0349689791314157,0.0358306188925081
"F12","ENST00000253496","fs_control",0.606601731601732,0.586605080831409,0.0579004329004329,0.0519630484988453
"C9","ENST00000263408","fs_control",0.624404761904762,0.72,0.0982142857142857,0.08
"PER2","ENST00000254657","fs_control",0.601910828025478,0.586872586872587,0.0788216560509554,0.0501930501930502
"CUX2","ENST00000261726","fs_control",0.602555480833894,0.628205128205128,0.0970634386908765,0.113247863247863
"GUCY2C","ENST00000261170","fs_control",0.591247672253259,0.64,0.0726256983240224,0.115
"SLC40A1","ENST00000261024","fs_control",0.613053613053613,0.584,0.0477855477855478,0.0213333333333333
"STAT3","ENST00000264657","fs_control",0.603112840466926,0.53763440860215,0.0492866407263294,0
"MIB1","ENST00000261537","fs_control",0.598146309169149,0.5662100456621,0.0407149950347567,0.0547945205479452
"SETD1A","ENST00000262519","fs_control",0.641491022638564,0.56687898089172,0.0887978142076503,0.0127388535031847
"CHD5","ENST00000262450","fs_control",0.630861040068201,0.618388356407526,0.06615515771526,0.0599929002484913
"FLT4","ENST00000261937","fs_control",0.576490713587488,0.641975308641975,0.0552297165200391,0.0905349794238683
"EPCAM","ENST00000263735","fs_control",0.612698412698413,0.669565217391304,0.0952380952380952,0
"PIKFYVE","ENST00000264380","fs_control",0.601715102429728,0.63030303030303,0.0643163411148166,0.103030303030303
"CHRND","ENST00000258385","fs_control",0.613899613899614,0.591836734693878,0.0579150579150579,0.0408163265306122
"TCF3","ENST00000262965","fs_control",0.605089058524173,0.597302504816956,0.0809160305343511,0.0712909441233141
"WDR11","ENST00000263461","fs_control",0.598367346938775,0.618811881188119,0.0500680272108844,0.0396039603960396
"SREBF1","ENST00000261646","fs_control",0.610627177700348,0.635036496350365,0.0754936120789779,0.0948905109489051
"PDE8B","ENST00000264917","fs_control",0.574115876598947,0.52,0.0500376222723853,0.0457142857142857
"F13A1","ENST00000264870","fs_control",0.602091859936335,0.58659217877095,0.053206002728513,0.0223463687150838
"GRIA2","ENST00000264426","fs_control",0.610482654600302,0.580645161290323,0.0761689291101056,0
"LHX4","ENST00000263726","fs_control",0.616368286445013,0.644396551724138,0.0656436487638534,0.0689655172413793
"GABBR2","ENST00000259455","fs_control",0.601556970983723,0.593726090283091,0.0636942675159236,0.0627390971690895
"AAGAB","ENST00000261880","fs_control",0.613924050632911,0.612836438923395,0.04957805907173,0.0496894409937888
"MMP13","ENST00000260302","fs_control",0.621468926553672,0.62962962962963,0.0783898305084746,0.123456790123457
"PITPNM3","ENST00000262483","fs_control",0.59008547008547,0.564102564102564,0.0567521367521368,0.0564102564102564
"MARS1","ENST00000262027","fs_control",0.598594154642989,0.613526570048309,0.0610432852386237,0.101449275362319
"KMT2C","ENST00000262189","fs_control",0.613802931596091,0.622047244094488,0.067114549402823,0.062992125984252
"SCN1B","ENST00000262631","fs_control",0.567732115677321,0.555223880597015,0.0319634703196347,0.0238805970149254
"CFC1","ENST00000259216","fs_control",0.617559523809524,0.662068965517241,0.0401785714285714,0.0620689655172414
"DNAJB11","ENST00000265028","fs_control",0.634168987929434,0.660714285714286,0.0705663881151346,0.214285714285714
"DHTKD1","ENST00000263035","fs_control",0.601449275362319,0.632258064516129,0.0608695652173913,0.0580645161290323
"POLR1A","ENST00000263857","fs_control",0.600038737168313,0.596273291925466,0.0538446639550649,0.0248447204968944
"FBN2","ENST00000262464","fs_control",0.605217988328184,0.593939393939394,0.0561849181828585,0.0565656565656566
"ARHGAP31","ENST00000264245","fs_control",0.639446366782007,0.659322725418197,0.0592848904267589,0.0689514483884129
"AARS1","ENST00000261772","fs_control",0.591331269349845,0.567567567567568,0.0488476092191262,0.0720720720720721
"GNAO1","ENST00000262493","fs_control",0.568075117370892,0.566037735849057,0.0403755868544601,0.0408805031446541
"ARFGEF1","ENST00000262215","fs_control",0.58990990990991,0.674641148325359,0.0630630630630631,0.0717703349282297
"SLC12A2","ENST00000262461","fs_control",0.620225336630943,0.596491228070175,0.0656773838966749,0.0233918128654971
"ARCN1","ENST00000264028","fs_control",0.594401041666667,0.59493670886076,0.0729166666666667,0.0822784810126582
"SLC1A2","ENST00000278379","fs_control",0.598260869565217,0.680412371134021,0.0573913043478261,0
"MYL3","ENST00000292327","fs_control",0.596938775510204,0.47945205479452,0.0612244897959184,0
"WASHC5","ENST00000318410","fs_control",0.597701149425287,0.601645123384254,0.0586206896551724,0.0652173913043478
"TNPO3","ENST00000265388","fs_control",0.583694083694084,0.715909090909091,0.0638528138528139,0.0909090909090909
"EGFR","ENST00000275493","fs_control",0.59344894026975,0.564755838641189,0.0630333058078723,0.0530785562632696
"MAPRE2","ENST00000300249","fs_control",0.63719512195122,0.689320388349515,0.0609756097560976,0.0776699029126214
"DSC2","ENST00000280904","fs_control",0.613082039911308,0.60313315926893,0.0813008130081301,0.0966057441253264
"HCN1","ENST00000303230","fs_control",0.598204264870932,0.572429906542056,0.0722035166479611,0.0642523364485981
"STAT5B","ENST00000293328","fs_control",0.601522842639594,0.475524475524476,0.0532994923857868,0.153846153846154
"SIK1","ENST00000270162","fs_control",0.610969387755102,0.654781199351702,0.102040816326531,0.160453808752026
"RLBP1","ENST00000268125","fs_control",0.611111111111111,0.614525139664804,0.0324947589098532,0.0111731843575419
"ROBO4","ENST00000306534","fs_control",0.617724867724868,0.627564102564103,0.0876322751322751,0.108333333333333
"CLCN2","ENST00000265593","fs_control",0.60734149054505,0.605381165919282,0.0541342232109752,0.0358744394618834
"EIF4A2","ENST00000323963","fs_control",0.655228758169935,0.69811320754717,0.0620915032679739,0.0424528301886792
"YAP1","ENST00000282441","fs_control",0.597359735973597,0.53125,0.0521452145214521,0.0277777777777778
"OSBPL2","ENST00000313733","fs_control",0.626472626472626,0.63134328358209,0.06999306999307,0.0656716417910448
"SET","ENST00000322030","fs_control",0.671462829736211,0.694029850746269,0.079136690647482,0.0398009950248756
"F2","ENST00000311907","fs_control",0.593900481540931,0.632558139534884,0.0460139111824505,0.0790697674418605
"MYRF","ENST00000278836","fs_control",0.6015625,0.621022727272727,0.0807291666666667,0.0602272727272727
"ERBB3","ENST00000267101","fs_control",0.607843137254902,0.598958333333333,0.0627947381484239,0.0798611111111111
"SCAF4","ENST00000286835","fs_control",0.655052264808362,0.69396110542477,0.070267131242741,0.0706243602865916
"SOST","ENST00000301691","fs_control",0.641744548286604,0.604347826086956,0.043613707165109,0.0347826086956522
"GATA6","ENST00000269216","fs_control",0.662192393736018,0.761363636363636,0.081096196868009,0.204545454545455
"TINF2","ENST00000267415","fs_control",0.612094395280236,0.682926829268293,0.0730088495575221,0.158536585365854
"PLIN1","ENST00000300055","fs_control",0.634161886551944,0.635897435897436,0.058636073932441,0.041025641025641
"SF3B4","ENST00000271628","fs_control",0.611764705882353,0.601010101010101,0.100392156862745,0.0934343434343434
"SCNN1G","ENST00000300061","fs_control",0.618461538461539,0.619686800894855,0.0317948717948718,0.0447427293064877
"UCHL1","ENST00000284440","fs_control",0.608630952380952,0.610648918469218,0.068452380952381,0.0765391014975042
"TMEM43","ENST00000306077","fs_control",0.625935162094763,0.587570621468927,0.0748129675810474,0.0998116760828625
"AP1G1","ENST00000299980","fs_control",0.59983799108951,0.545454545454545,0.0603483191575537,0.025974025974026
"RAD51","ENST00000267868","fs_control",0.565686274509804,0.616666666666667,0.0215686274509804,0.116666666666667
"NCSTN","ENST00000294785","fs_control",0.591549295774648,0.545454545454545,0.055868544600939,0
"VCAN","ENST00000265077","fs_control",0.603277401628888,0.605555555555556,0.0586792267687175,0.05
"KIT","ENST00000288135","fs_control",0.58546571136131,0.574229691876751,0.0539065165472535,0.0448179271708683
"AXIN2","ENST00000307078","fs_control",0.616113744075829,0.684684684684685,0.0860979462875198,0.0990990990990991
"SLC25A4","ENST00000281456","fs_control",0.618729096989967,0.657657657657658,0.0836120401337793,0.0720720720720721
"DHX37","ENST00000308736","fs_control",0.612838226827864,0.58974358974359,0.0708117443868739,0.0774928774928775
"COL6A3","ENST00000295550","fs_control",0.610237046360394,0.695652173913043,0.05307321166352,0.104347826086957
"KDM3B","ENST00000314358","fs_control",0.614264093832766,0.516129032258065,0.0739689746500189,0.0258064516129032
"CDH11","ENST00000268603","fs_control",0.587620242576328,0.551663747810858,0.0593893768297783,0.0665499124343257
"RANBP2","ENST00000283195","fs_control",0.61250645994832,0.664850136239782,0.088062015503876,0.0599455040871935
"GLS","ENST00000320717","fs_control",0.604975124378109,0.734375,0.0925373134328358,0.1015625
"NODAL","ENST00000287139","fs_control",0.576628352490421,0.549763033175355,0.0603448275862069,0.0568720379146919
"CLTC","ENST00000269122","fs_control",0.59466984884646,0.591840918409184,0.0562848050914877,0.0555555555555556
"ZNF408","ENST00000311764","fs_control",0.648173832639852,0.641704325371207,0.0638002773925104,0.0561652679147837
"PDE11A","ENST00000286063","fs_control",0.596002855103497,0.480446927374302,0.0667380442541042,0.0558659217877095
"VAMP2","ENST00000316509","fs_control",0.623931623931624,0.597156398104265,0.0997150997150997,0.04739336492891
"WNK1","ENST00000315939","fs_control",0.596307175828787,0.59393063583815,0.0558120016785564,0.0482658959537572
"HPD","ENST00000289004","fs_control",0.62098138747885,0.604852686308492,0.0532994923857868,0.0467937608318891
"DNAAF4","ENST00000321149","fs_control",0.624703087885986,0.558620689655172,0.107680126682502,0.0275862068965517
"COG4","ENST00000323786","fs_control",0.59493670886076,0.612565445026178,0.0354430379746835,0.0418848167539267
"PCSK9","ENST00000302118","fs_control",0.603174603174603,0.61344537815126,0.0634920634920635,0.0892857142857143
"CNOT1","ENST00000317147","fs_control",0.603702145561632,0.693333333333333,0.0504838031131679,0.173333333333333
"RB1","ENST00000267163","fs_control",0.609257265877287,0.567796610169492,0.0914962325080732,0.0677966101694915
"PLG","ENST00000308192","fs_control",0.618577887381833,0.617161716171617,0.0863131935881628,0.0866336633663366
"LEMD2","ENST00000293760","fs_control",0.632936507936508,0.531914893617021,0.041005291005291,0
"CTNNA1","ENST00000302763","fs_control",0.583241455347299,0.585714285714286,0.0463065049614112,0.0485714285714286
"PPP2R1A","ENST00000322088","fs_control",0.575141242937853,0.578397212543554,0.035593220338983,0.032520325203252
"ALB","ENST00000295897","fs_control",0.637704918032787,0.615942028985507,0.0852459016393443,0.101449275362319
"ATP1A1","ENST00000295598","fs_control",0.596028645833333,0.594539249146758,0.064453125,0.042320819112628
"TMC1","ENST00000297784","fs_control",0.632501095050372,0.635890151515151,0.0757774857643452,0.0700757575757576
"BFSP2","ENST00000302334","fs_control",0.613782051282051,0.623923444976077,0.0352564102564103,0.0421052631578947
"GLRA1","ENST00000274576","fs_control",0.617037037037037,0.609160305343511,0.0481481481481481,0.0122137404580153
"KCNT2","ENST00000294725","fs_control",0.600058685446009,0.509803921568627,0.0730633802816901,0
"FLNB","ENST00000295956","fs_control",0.598027916506595,0.654708520179372,0.0586502753233449,0.0403587443946188
"MAP1B","ENST00000296755","fs_control",0.607668421763197,0.628140703517588,0.0776292696098285,0.0402010050251256
"KLHL3","ENST00000309755","fs_control",0.560657596371882,0.564177362893816,0.0260770975056689,0.0245040840140023
"KRT16","ENST00000301653","fs_control",0.575949367088608,0.57489539748954,0.0309423347398031,0.0368200836820084
"BUB1B","ENST00000287598","fs_control",0.599746273390422,0.660516605166052,0.0558198541071995,0.0774907749077491
"MYH11","ENST00000300036","fs_control",0.600101368474404,0.565,0.0307484372360196,0
"ANTXR1","ENST00000303714","fs_control",0.646607669616519,0.565217391304348,0.0784660766961652,0.0579710144927536
"NLRP12","ENST00000324134","fs_control",0.609227871939736,0.593333333333333,0.049278091650973,0.0533333333333333
"SPINK1","ENST00000296695","fs_control",0.570833333333333,0.62,0.0541666666666667,0
"INSR","ENST00000302850","fs_control",0.601349722824777,0.589276139410188,0.0547119787900699,0.0466487935656836
"PRDM16","ENST00000270722","fs_control",0.619681545288436,0.619571045576408,0.0934481858522579,0.0935656836461126
"PRPF8","ENST00000304992","fs_control",0.58861301369863,0.63758389261745,0.0460901826484018,0.0536912751677852
"NAA15","ENST00000296543","fs_control",0.625913110342176,0.590717299578059,0.0688196847366398,0.0168776371308017
"SRRM2","ENST00000301740","fs_control",0.608790410461315,0.689922480620155,0.0617508172902288,0.131782945736434
"UBAP1","ENST00000297661","fs_control",0.605036447978794,0.609027777777778,0.0556660039761431,0.0555555555555556
"WDFY3","ENST00000295888","fs_control",0.597580568944334,0.562962962962963,0.0596351951611379,0.0888888888888889
"POLE","ENST00000320574","fs_control",0.593790992566681,0.596057619408643,0.045182917941991,0.046398786959818
"SF3B2","ENST00000322535","fs_control",0.642113095238095,0.619909502262443,0.0866815476190476,0.0693815987933635
"CPA6","ENST00000297770","fs_control",0.619482496194825,0.603174603174603,0.0882800608828006,0.0952380952380952
"KCNMA1","ENST00000286628","fs_control",0.607652923740232,0.604166666666667,0.0501212611156023,0.0625
"CAMTA1","ENST00000303635","fs_control",0.606929510155317,0.608219178082192,0.0593389088012744,0.0512720156555773
"SNRNP200","ENST00000323853","fs_control",0.575417251598815,0.55050505050505,0.0411792232101076,0.0202020202020202
"RBP4","ENST00000371464","fs_control",0.608910891089109,0.60655737704918,0.0478547854785479,0.069672131147541
"ACTN2","ENST00000366578","fs_control",0.561266294227188,0.541101356743815,0.0260707635009311,0.00319233838786911
"COL9A1","ENST00000357250","fs_control",0.665220535068691,0.669133974833457,0.0824295010845987,0.0940044411547002
"MTOR","ENST00000361445","fs_control",0.598823529411765,0.600369295700343,0.0462745098039216,0.0493273542600897
"EFHC1","ENST00000371068","fs_control",0.595423816952678,0.605042016806723,0.0577223088923557,0.0336134453781513
"CHRNA1","ENST00000348749","fs_control",0.571324599708879,0.530232558139535,0.0698689956331878,0.0558139534883721
"GLMN","ENST00000370360","fs_control",0.628571428571429,0.613496932515337,0.096358543417367,0.0797546012269939
"CDC73","ENST00000367435","fs_control",0.593358395989975,0.504424778761062,0.0726817042606516,0.0353982300884956
"HMGA2","ENST00000403681","fs_control",0.660606060606061,0.692307692307692,0.0909090909090909,0
"EYA4","ENST00000355286","fs_control",0.608854166666667,0.617894736842105,0.0703125,0.0705263157894737
"DEAF1","ENST00000382409","fs_control",0.57243816254417,0.444444444444444,0.055359246171967,0
"LMNB2","ENST00000325327","fs_control",0.599570585077831,0.596359743040685,0.0279119699409554,0.0406852248394004
"COL11A1","ENST00000370096","fs_control",0.653569452130603,0.538095238095238,0.0916805017524442,0.1
"KIF21A","ENST00000361418","fs_control",0.598208955223881,0.601429848078642,0.0807960199004975,0.0819183795055109
"TRIO","ENST00000344204","fs_control",0.597267054013342,0.603960396039604,0.0629438347320852,0.0429042904290429
"LMNA","ENST00000368300","fs_control",0.581453634085213,0.581257413997628,0.0461152882205514,0.0344009489916963
"PAX3","ENST00000392070","fs_control",0.601374570446735,0.600900225056264,0.052233676975945,0.0570142535633908
"HK1","ENST00000359426","fs_control",0.588598402323892,0.592964824120603,0.0548293391430646,0.050251256281407
"SLC30A2","ENST00000374276","fs_control",0.603217158176944,0.5765595463138,0.0580875781948168,0.0850661625708885
"CACNA1D","ENST00000350061","fs_control",0.599599136601912,0.605321507760532,0.070613629355535,0.0665188470066519
"SYNE1","ENST00000367255","fs_control",0.596082442979465,0.595428615184349,0.0547851784496476,0.0549025613538037
"MYL4","ENST00000393450","fs_control",0.602693602693603,0.612546125461255,0.0471380471380471,0.051660516605166
"LDB3","ENST00000361373","fs_control",0.615842490842491,0.639842983316977,0.0947802197802198,0.133464180569185
"ARID2","ENST00000334344","fs_control",0.578249818445897,0.553398058252427,0.0628177196804648,0.0388349514563107
"ERBB4","ENST00000342788","fs_control",0.613700025464731,0.593798449612403,0.0491469314998727,0.0682170542635659
"ATP6V0C","ENST00000330398","fs_control",0.540598290598291,0.572614107883817,0.047008547008547,0
"SYCP2","ENST00000357552","fs_control",0.621380361419551,0.564935064935065,0.133246244284781,0.0324675324675325
"COL5A2","ENST00000374866","fs_control",0.651555555555556,0.660377358490566,0.076,0
"CACNA1C","ENST00000399655","fs_control",0.619915848527349,0.619077700568541,0.0677886863020103,0.0680669614655717
"PRODH","ENST00000357068","fs_control",0.577925679423184,0.610441767068273,0.0399334442595674,0.0321285140562249
"GATAD2B","ENST00000368655","fs_control",0.60381593714927,0.550218340611354,0.0656565656565657,0.0524017467248908
"TBXT","ENST00000366876","fs_control",0.603356216628528,0.605797101449275,0.0793287566742944,0.0695652173913043
"COCH","ENST00000396618","fs_control",0.626134301270417,0.625612745098039,0.0604960677555959,0.0612745098039216
"SYT2","ENST00000367268","fs_control",0.599206349206349,0.504424778761062,0.0484126984126984,0.0176991150442478
"SON","ENST00000356577","fs_control",0.583161653619008,0.656,0.0629034473286636,0.072
"NEXN","ENST00000334785","fs_control",0.674556213017751,0.64756446991404,0.111932938856016,0.0601719197707736
"ENG","ENST00000373203","fs_control",0.597875569044006,0.593151479976785,0.0703085483055134,0.0702263493905978
"FN1","ENST00000354785","fs_control",0.581786386871133,0.585798816568047,0.044256120527307,0.0532544378698225
"PTPN11","ENST00000351677","fs_control",0.611672278338945,0.569444444444444,0.0650953984287318,0.0555555555555556
"RORA","ENST00000335670","fs_control",0.606870229007634,0.586206896551724,0.0655216284987277,0.0689655172413793
"RAD54L","ENST00000371975","fs_control",0.593582887700535,0.563352826510721,0.0436720142602496,0.0292397660818713
"TBP","ENST00000392092","fs_control",0.638235294117647,0.576271186440678,0.057843137254902,0.110169491525424
"PER3","ENST00000377532","fs_control",0.602257087806221,0.51937984496124,0.0795485824387558,0.062015503875969
"DNM1","ENST00000372923","fs_control",0.594219653179191,0.569190600522193,0.0539499036608863,0.0322019147084421
"CARD11","ENST00000396946","fs_control",0.601443001443001,0.637209302325581,0.0404040404040404,0.0372093023255814
"SMARCA4","ENST00000344626","fs_control",0.62034789644013,0.690909090909091,0.0586569579288026,0
"PRPF3","ENST00000324862","fs_control",0.627680311890838,0.677570093457944,0.0706627680311891,0.0607476635514019
"TRIM71","ENST00000383763","fs_control",0.627541235136172,0.609385327164574,0.0398925968546222,0.0416391275611368
"KCTD17","ENST00000403888","fs_control",0.646560846560847,0.696969696969697,0.0698412698412698,0.0787878787878788
"FASLG","ENST00000367721","fs_control",0.66548463356974,0.6331569664903,0.0791962174940898,0.0881834215167548
"ADCY10","ENST00000367851","fs_control",0.5932133250569,0.650485436893204,0.0720049658597145,0.0938511326860841
"COPB2","ENST00000333188","fs_control",0.60124954061007,0.615553925165077,0.0510841602352076,0.0623624358033749
"BEST1","ENST00000378043","fs_control",0.603526734926052,0.640320733104238,0.0523321956769056,0.0870561282932417
"BICC1","ENST00000373886","fs_control",0.597264957264957,0.684848484848485,0.0611965811965812,0.109090909090909
"ZP3","ENST00000394857","fs_control",0.592941176470588,0.554263565891473,0.0376470588235294,0.0310077519379845
"LRP4","ENST00000378623","fs_control",0.585694298705841,0.621818181818182,0.0440713536201469,0.0545454545454545
"TRPC3","ENST00000379645","fs_control",0.589660159074476,0.604651162790698,0.049530007230658,0.0930232558139535
"CSF3R","ENST00000373106","fs_control",0.622461170848268,0.640575079872205,0.0896057347670251,0.0862619808306709
"NFIB","ENST00000380953","fs_control",0.6,0.598576512455516,0.0592592592592593,0.0626334519572954
"ETV6","ENST00000396373","fs_control",0.586460632818249,0.596273291925466,0.061074319352465,0.0993788819875776
"KCNQ3","ENST00000388996","fs_control",0.635357006491027,0.628571428571429,0.08323787705231,0.0884353741496599
"PRKD1","ENST00000331968","fs_control",0.602774735304856,0.538461538461538,0.0682730923694779,0.0807692307692308
"SMC3","ENST00000361804","fs_control",0.602900930487137,0.519685039370079,0.077175697865353,0.031496062992126
"TLK2","ENST00000346027","fs_control",0.596537949400799,0.622093023255814,0.0701287172658677,0
"GRIN1","ENST00000371561","fs_control",0.565140220092297,0.581763376036172,0.045438409655662,0.0580256217030897
"SPTAN1","ENST00000372739","fs_control",0.594700026903417,0.60344356381525,0.0312079634113532,0.029516261273572
"CTNND1","ENST00000399050","fs_control",0.596147230822153,0.602870813397129,0.042999656002752,0.0430622009569378
"HTT","ENST00000355072","fs_control",0.606533036377134,0.59375,0.0460282108389013,0.0482954545454545
"BNC1","ENST00000345382","fs_control",0.60536013400335,0.609052031361369,0.061641541038526,0.0612972202423379
"DNA2","ENST00000358410","fs_control",0.614828777882501,0.65625,0.0728872133207666,0.0520833333333333
"YARS1","ENST00000373477","fs_control",0.619407687460617,0.611111111111111,0.074354127284184,0.0740740740740741
"NR3C1","ENST00000394464","fs_control",0.606255355612682,0.607734806629834,0.102827763496144,0.138121546961326
"MYPN","ENST00000358913","fs_control",0.620237194044916,0.589442815249267,0.0764572293716881,0.0234604105571848
"PKP2","ENST00000340811","fs_control",0.575974542561655,0.5935960591133,0.0588703261734288,0.0689655172413793
"CAPRIN1","ENST00000341394","fs_control",0.599530516431925,0.592694063926941,0.0586854460093897,0.0547945205479452
"RHAG","ENST00000371175","fs_control",0.589430894308943,0.575801749271137,0.051219512195122,0.0422740524781341
"KLHL7","ENST00000339077","fs_control",0.603066439522998,0.646341463414634,0.0420215786484952,0.0365853658536585
"HTRA1","ENST00000368984","fs_control",0.621621621621622,0.555133079847909,0.0422730422730423,0.0608365019011407
"ABCA4","ENST00000370225","fs_control",0.614042802697156,0.62555588496887,0.0577543242450894,0.0664097242810554
"KCNQ5","ENST00000370398","fs_control",0.612718828152912,0.599194360523666,0.075741336191497,0.0422960725075529
"VPS16","ENST00000380445","fs_control",0.56547619047619,0.556962025316456,0.0432539682539683,0
"SMARCE1","ENST00000348513","fs_control",0.617313915857605,0.623400365630713,0.058252427184466,0.036563071297989
"STAT1","ENST00000361099","fs_control",0.623169107856192,0.523076923076923,0.064358632933866,0.0615384615384615
"DSTYK","ENST00000367162","fs_control",0.589964157706093,0.627177700348432,0.0383512544802867,0.0627177700348432
"ATL1","ENST00000358385","fs_control",0.612403100775194,0.632723112128146,0.0739415623136553,0.0697940503432494
"GARS1","ENST00000389266","fs_control",0.607657657657658,0.541095890410959,0.0756756756756757,0.0342465753424658
"RYR2","ENST00000366574","fs_control",0.595544820182501,0.592178770949721,0.0591787439613527,0.0837988826815642
"IMPG1","ENST00000369950","fs_control",0.598162071846282,0.616666666666667,0.0714285714285714,0.138888888888889
"BRPF1","ENST00000383829","fs_control",0.594321594321594,0.589041095890411,0.0608790608790609,0.0410958904109589
"DDX41","ENST00000330503","fs_control",0.5741037988229,0.578831312017641,0.043338683788122,0.0441014332965821
"CD46","ENST00000367042","fs_control",0.64021164021164,0.696428571428571,0.0696649029982363,0
"SIN3A","ENST00000394947","fs_control",0.608320251177394,0.588235294117647,0.054683411826269,0.0470588235294118
"KDM1A","ENST00000400181","fs_control",0.612694792854428,0.616060727127447,0.0699353857848727,0.0679184978026368
"CNNM2","ENST00000369878","fs_control",0.616057838660578,0.542553191489362,0.0734398782343988,0.106382978723404
"CLCN7","ENST00000382745","fs_control",0.626550868486352,0.57761053621825,0.0574855252274607,0.0526810912511759
"MED13","ENST00000397786","fs_control",0.586513409961686,0.583577712609971,0.0703448275862069,0.0498533724340176
"KCNT1","ENST00000371757","fs_control",0.612189859762675,0.641137855579869,0.0501618122977346,0.049781181619256
"CYP19A1","ENST00000396402","fs_control",0.591931216931217,0.626262626262626,0.0687830687830688,0.117845117845118
"MYBPC1","ENST00000361466","fs_control",0.602673492605233,0.602731764022087,0.0571672354948805,0.0546352804417321
"CHRNA4","ENST00000370263","fs_control",0.591825902335457,0.588978185993111,0.0530785562632696,0.0711825487944891
"CHD3","ENST00000330494","fs_control",0.622022322172247,0.622095101894887,0.0777944361152757,0.0654272434751519
"CSNK2B","ENST00000375882","fs_control",0.587962962962963,0.579081632653061,0.0185185185185185,0.0204081632653061
"BFSP1","ENST00000377873","fs_control",0.624624624624625,0.653886010362694,0.044044044044044,0.0704663212435233
"EGLN1","ENST00000366641","fs_control",0.597189695550351,0.513761467889908,0.0515222482435597,0.119266055045872
"NF1","ENST00000358273","fs_control",0.604577464788732,0.551470588235294,0.0580985915492958,0.0588235294117647
"CACNA1E","ENST00000367573","fs_control",0.59536156727168,0.608497723823976,0.0551714203399597,0.0773899848254932
"GRHL3","ENST00000361548","fs_control",0.593698175787728,0.512396694214876,0.0729684908789386,0
"ADGRL1","ENST00000361434","fs_control",0.605668934240363,0.678756476683938,0.072108843537415,0.138169257340242
"CDC42BPB","ENST00000361246","fs_control",0.57398753894081,0.573338576484467,0.0494548286604361,0.0456154148643335
"SPTBN1","ENST00000356805","fs_control",0.595630725863284,0.489130434782609,0.0315715292459479,0
"GNB1","ENST00000378609","fs_control",0.559139784946237,0.531914893617021,0.0205278592375367,0
"USP7","ENST00000344836","fs_control",0.597461468721668,0.566433566433566,0.0652765185856754,0.027972027972028
"TBX18","ENST00000369663","fs_control",0.620614035087719,0.631319358816276,0.0635964912280702,0.0702836004932182
"SLC16A1","ENST00000369626","fs_control",0.632069194943446,0.624561403508772,0.0505655355954757,0.087719298245614
"KCNQ4","ENST00000347132","fs_control",0.60632183908046,0.610062893081761,0.0541187739463602,0.0817610062893082
"CFAP43","ENST00000357060","fs_control",0.625050020008003,0.604166666666667,0.0724289715886355,0.104166666666667
"ABCA1","ENST00000374736","fs_control",0.605658709106985,0.641025641025641,0.0487768936044798,0.0705128205128205
"ANK2","ENST00000357077","fs_control",0.610914603335018,0.556338028169014,0.0715007579585649,0.028169014084507
"ATR","ENST00000350721","fs_control",0.590170132325142,0.551948051948052,0.0684310018903592,0.025974025974026
"CTRC","ENST00000375949","fs_control",0.59727385377943,0.610942249240122,0.0607187112763321,0.100303951367781
"PLCD1","ENST00000334661","fs_control",0.599735799207398,0.598206278026906,0.0563628357551739,0.0573991031390135
"JPH1","ENST00000342232","fs_control",0.596173212487412,0.592592592592593,0.0730110775427996,0.0666666666666667
"EFEMP1","ENST00000355426","fs_control",0.581646423751687,0.514124293785311,0.0445344129554656,0.0451977401129944
"NCDN","ENST00000373243","fs_control",0.603196347031963,0.601010101010101,0.0529680365296804,0.0595959595959596
"TBK1","ENST00000331710","fs_control",0.597716894977169,0.8,0.0904109589041096,0.114285714285714
"COL9A2","ENST00000372748","fs_control",0.681159420289855,0.672826086956522,0.121739130434783,0.114130434782609
"PSAP","ENST00000394936","fs_control",0.604444444444444,0.600825877494838,0.0374603174603175,0.0378527185134205
"TMEM63A","ENST00000366835","fs_control",0.610973597359736,0.662921348314607,0.0581683168316832,0.101123595505618
"TNNI3","ENST00000344887","fs_control",0.600315955766193,0.616541353383459,0.0568720379146919,0.0676691729323308
"VCP","ENST00000358901","fs_control",0.618339529120198,0.616360454943132,0.0313919867823214,0.0297462817147857
"EMILIN1","ENST00000380320","fs_control",0.639462471320878,0.570945945945946,0.0970173713536545,0.0135135135135135
"CASQ1","ENST00000368078","fs_control",0.619647355163728,0.613636363636364,0.0327455919395466,0.0511363636363636
"NPR2","ENST00000342694","fs_control",0.591603053435115,0.623188405797101,0.0543893129770992,0.0869565217391304
"TFAP2B","ENST00000393655","fs_control",0.603759942154736,0.57328990228013,0.0751988430947216,0.0390879478827362
"GNAL","ENST00000334049","fs_control",0.580246913580247,0.526595744680851,0.0733478576615832,0.0531914893617021
"RBM20","ENST00000369519","fs_control",0.626764386536373,0.532846715328467,0.0860477741585233,0.0583941605839416
"BMPR2","ENST00000374580","fs_control",0.594161052293872,0.609195402298851,0.0445941610522939,0.0344827586206897
"GNAI3","ENST00000369851","fs_control",0.577464788732394,0.653696498054475,0.060093896713615,0.0972762645914397
"NFIA","ENST00000403491","fs_control",0.628104575163399,0.636094674556213,0.0712418300653595,0.0732248520710059
"QRICH1","ENST00000395443","fs_control",0.596310596310596,0.57286432160804,0.0540540540540541,0.0904522613065327
"GLUL","ENST00000331872","fs_control",0.588235294117647,0.578512396694215,0.0472370766488414,0.0550964187327824
"OPTN","ENST00000378747","fs_control",0.627450980392157,0.598870056497175,0.0813148788927336,0.0451977401129944
"PLCB4","ENST00000378473","fs_control",0.6006628003314,0.597472046669908,0.0737365368682684,0.0515313563441906
"TBX6","ENST00000395224","fs_control",0.61022120518688,0.623417721518987,0.110602593440122,0.0875527426160338
"SKI","ENST00000378536","fs_control",0.639689071787837,0.663376110562685,0.034750800182899,0.0592300098716683
"MYOCD","ENST00000425538","fs_control",0.605200945626478,0.598650927487352,0.0894967916244512,0.0539629005059022
"CTNNA3","ENST00000433211","fs_control",0.590401785714286,0.601190476190476,0.0625,0.104166666666667
"ADGRV1","ENST00000405460","fs_control",0.62079171291158,0.605263157894737,0.0625759737857407,0.0986842105263158
"SLC6A5","ENST00000525748","fs_control",0.619465329991646,0.522875816993464,0.0526315789473684,0.0849673202614379
"OPLAH","ENST00000618853","fs_control",0.596845099560383,0.62111801242236,0.0747349366433928,0.136645962732919
"ZMYM2","ENST00000610343","fs_control",0.618287373004354,0.618374558303887,0.0800677310111272,0.137809187279152
"TRRAP","ENST00000456197","fs_control",0.596713130270177,0.586206896551724,0.0623816898984684,0.0610632183908046
"WDR26","ENST00000414423","fs_control",0.615923009623797,0.567164179104478,0.068678915135608,0.119402985074627
"DMXL2","ENST00000560891","fs_control",0.588100686498856,0.617543859649123,0.0629835458210744,0.0701754385964912
"DNM1L","ENST00000549701","fs_control",0.611035730438716,0.527777777777778,0.060153776571687,0
"ADCY5","ENST00000462833","fs_control",0.579239302694136,0.542096686583379,0.0530903328050713,0.0363932645301467
"PARN","ENST00000437198","fs_control",0.621354166666667,0.711111111111111,0.0953125,0.133333333333333
"SLC39A5","ENST00000454355","fs_control",0.595194085027726,0.62457337883959,0.105360443622921,0.170648464163823
"DIABLO","ENST00000464942","fs_control",0.618055555555556,0.59493670886076,0.0277777777777778,0.0337552742616034
"PDE10A","ENST00000539869","fs_control",0.635732323232323,0.626455026455026,0.0874368686868687,0.0486772486772487
"TBL1XR1","ENST00000457928","fs_control",0.591585760517799,0.59462915601023,0.0355987055016181,0.030690537084399
"TAB2","ENST00000637181","fs_control",0.621517771373679,0.671794871794872,0.0600384245917387,0.133333333333333
"DHX30","ENST00000445061","fs_control",0.61115760111576,0.573883161512027,0.0529986052998605,0.0343642611683849
"KMT2A","ENST00000534358","fs_control",0.623542243476802,0.544378698224852,0.0820538635791593,0.0236686390532544
"SH3TC2","ENST00000515425","fs_control",0.618825963279028,0.605042016806723,0.0299974140160331,0.0210084033613445
"PUM1","ENST00000426105","fs_control",0.607793664143538,0.577464788732394,0.0555088309503785,0.0187793427230047
"DCC","ENST00000442544","fs_control",0.611878453038674,0.640883977900553,0.0587016574585635,0.0883977900552486
"SYNE2","ENST00000555002","fs_control",0.6108376761243,0.600679941719281,0.0775911986103069,0.0667314230208839
"IKBKB","ENST00000520810","fs_control",0.604579480405108,0.612762237762238,0.0559225011008366,0.048951048951049
"KIF5C","ENST00000435030","fs_control",0.612038970076548,0.611632270168856,0.0588030619345859,0.0600375234521576
"MEIS2","ENST00000561208","fs_control",0.612273361227336,0.64153627311522,0.0871687587168759,0.0839260312944523
"POLG2","ENST00000539111","fs_control",0.628943758573388,0.657534246575342,0.0685871056241427,0.0776255707762557
"PPP1R12A","ENST00000450142","fs_control",0.61332040090527,0.641975308641975,0.078564500484966,0.135802469135802
"CFB","ENST00000425368","fs_control",0.600871459694989,0.598540145985402,0.0740740740740741,0.0948905109489051
"ACD","ENST00000620761","fs_control",0.599854756717502,0.60233918128655,0.0777051561365287,0.0760233918128655
"PIK3R1","ENST00000521381","fs_control",0.625747126436782,0.610894941634241,0.0754022988505747,0.0622568093385214
"EXT2","ENST00000533608","fs_control",0.599907278627724,0.608187134502924,0.0533147890588781,0
"ITGB3","ENST00000559488","fs_control",0.580481622306717,0.569479965899403,0.0544993662864385,0.0434782608695652
"POLRMT","ENST00000588649","fs_control",0.602491199566748,0.601171458998935,0.0444083401028974,0.0356762513312034
"KCNC3","ENST00000477616","fs_control",0.635004397537379,0.60562015503876,0.11169744942832,0.128875968992248
"PNPT1","ENST00000447944","fs_control",0.587585034013605,0.541871921182266,0.0727040816326531,0.0197044334975369
"HARS1","ENST00000504156","fs_control",0.587581699346405,0.607387140902873,0.0581699346405229,0.0656634746922025
"TNNT1","ENST00000588981","fs_control",0.646356033452808,0.650879566982409,0.0537634408602151,0.054127198917456
"SPOP","ENST00000504102","fs_control",0.598222222222222,0.481132075471698,0.0675555555555555,0.0377358490566038
"NEFL","ENST00000610854","fs_control",0.568627450980392,0.582666666666667,0.0208333333333333,0.024
"PBX1","ENST00000420696","fs_control",0.592420726991493,0.467532467532468,0.0618716163959783,0.0692640692640693
"PROM1","ENST00000447510","fs_control",0.600846805234796,0.68695652173913,0.0642802155504234,0.0782608695652174
"POLD1","ENST00000440232","fs_control",0.606799037304453,0.574506283662478,0.052647412755716,0.0460801915020946
"BMPR1B","ENST00000515059","fs_control",0.618290258449304,0.54140127388535,0.0675944333996024,0.0764331210191083
"CPSF1","ENST00000616140","fs_control",0.597183748845799,0.616296296296296,0.054016620498615,0.0691358024691358
"MEF2C","ENST00000504921","fs_control",0.582981715893108,0.617834394904459,0.0393811533052039,0.0414012738853503
"MAPK8IP3","ENST00000610761","fs_control",0.591679123069258,0.596023024594453,0.0503238664673642,0.0450026164311879
"PAX8","ENST00000429538","fs_control",0.577974870657798,0.621513944223108,0.0761271249076127,0.099601593625498
"PERP","ENST00000421351","fs_control",0.592783505154639,0.640449438202247,0.0343642611683849,0.0299625468164794
"HNRNPU","ENST00000640218","fs_control",0.673930589184827,0.68018018018018,0.108151735270379,0.108108108108108
